id_motor;temperatura_c;unidade_fabril;tipo_motor;horas_operacao;pressao_oleo_bar;vibracao_mm_s;status_conexao;custo_manutencao_brl;falha_detectada
10001;78.17;SP;Trifásico;29.3;2.39;0.6;Conectado;21826.84;0
10002;83.7;SC;Trifásico;25.5;3.62;1.11;Conectado;10844.2;1
10003;;JS;Trifásico;70.9;2.82;1.4;Conectado;;0
10004;68.28;SC;Monofásico;22.0;2.34;3.12;Desconectado;19214.81;0
10005;67.21;GM;Trifásico;39.4;3.11;3.02;Conectado;5472.52;0
10006;70.84;JS;Trifásico;26.8;4.36;8.16;Conectado;6543.27;0
10007;320.0;JS;Trifásico;23.4;3.61;0.52;Conectado;3594.27;0
10008;73.63;JS;Trifásico;59.9;3.94;1.5;Conectado;2928.42;0
10009;85.08;SP;Trifásico;5.3;4.34;0.57;Conectado;11733.66;0
10010;63.37;JS;Trifásico;75.2;3.77;2.79;Conectado;14494.18;0
10011;;SC;Trifásico;52.3;3.25;0.6;Conectado;23846.14;0
10012;86.45;GM;Monofásico;78.9;3.44;5.06;Conectado;14466.53;0
10013;65.33;SC;Trifásico;21.0;4.42;10.15;Conectado;6832.91;0
10014;87.15;JS;Monofásico;67.7;3.78;0.95;Conectado;11518.37;0
10015;67.46;SC;Trifásico;40.5;1.76;3.36;Conectado;15329.39;1
10016;71.14;JS;Trifásico;8.2;3.52;1.9;Conectado;8471.07;0
10017;95.04;SP;Trifásico;71.7;4.23;1.11;Conectado;4945.98;0
10018;69.77;SC;Trifásico;72.6;3.95;0.53;Conectado;3039.82;0
10019;76.74;JS;Trifásico;26.5;2.98;3.18;Conectado;4065.12;0
10020;82.4;GM;Trifásico;87.1;3.2;0.43;Desconectado;8472.88;0
10021;77.72;JS;Trifásico;72.8;2.24;0.82;Conectado;10942.07;0
10022;78.06;GM;Trifásico;29.8;4.24;6.3;Conectado;5321.56;0
10023;74.32;JS;Trifásico;23.5;4.3;1.78;Conectado;10160.74;1
14233;59.37;JS;Trifásico;42.4;3.69;4.81;Conectado;;0
10025;79.18;JS;Trifásico;28.5;3.52;3.65;Conectado;19272.95;0
10026;66.21;JS;Trifásico;21.4;2.93;1.18;Conectado;6808.5;0
10027;84.31;SC;Monofásico;38.5;4.07;0.61;Conectado;8158.0;0
10028;91.46;SC;Trifásico;3.4;2.49;0.26;Conectado;20696.53;1
10029;53.33;SC;Trifásico;38.7;4.42;8.09;Conectado;6224.48;0
13798;91.49;JS;Monofásico;21.8;4.26;0.98;Conectado;12410.78;0
10031;70.07;JS;Monofásico;25.8;4.73;2.8;Conectado;13677.32;1
10032;73.43;SC;Monofásico;8.8;3.84;3.28;Desconectado;12540.84;0
10033;64.05;JS;Monofásico;56.4;3.38;0.55;Conectado;9956.91;0
10034;77.26;SC;Monofásico;45.4;4.15;2.96;OFF;10329.68;0
10035;75.8;SC;Monofásico;71.6;4.42;0.02;Conectado;25321.65;0
10036;87.92;JS;Trifásico;93.8;2.87;1.35;Conectado;2314.9;0
10037;66.1;SC;Monofásico;12.2;3.74;1.08;Conectado;24226.13;1
10038;94.93;SC;Monofásico;26.6;4.01;6.75;Conectado;1800.0;0
10039;82.98;SC;Monofásico;65.2;4.19;85.0;Conectado;18323.79;0
10040;76.09;JS;Monofásico;23.3;3.52;0.85;Conectado;14544.96;0
10041;72.83;JS;Trifásico;3.8;99.0;2.35;Conectado;11707.33;0
10042;71.32;JS;Trifásico;11.3;3.03;3.42;Conectado;10324.41;0
10043;;JS;Monofásico;41.8;5.41;0.53;nan;6806.56;1
10044;77.02;JS;Trifásico;41.5;3.3;2.9;Conectado;17674.34;0
10045;72.49;GM;Monofásico;92.4;4.13;0.75;Conectado;11194.29;0
10046;67.31;SC;Trifásico;44.8;3.36;0.46;Conectado;6312.09;0
10047;77.09;SC;Monofásico;64.7;3.88;4.75;Desconectado;13568.03;0
10048;64.96;JS;Monofásico;47.3;2.94;1.75;Conectado;9344.36;1
10049;78.87;GM;Trif;26.4;4.66;0.88;Conectado;7596.25;0
10050;72.32;JS;Trifásico;10.9;3.15;1.3;1;7334.94;1
10051;83.36;SC;Trifásico;81.8;3.87;1.33;Desconectado;39552.28;0
10052;86.87;GM;Monofásico;15.4;3.75;3.67;Conectado;3452.15;1
10053;86.86;SC;Monofásico;10.1;3.24;5.45;Conectado;13226.07;1
10054;78.82;GM;Trif;21.1;1.76;1.61;Conectado;8667.98;0
10055;80.22;SC;Trifásico;1.2;4.65;0.97;Conectado;13721.31;0
10056;71.13;JS;Monofásico;7.8;3.92;3.25;Conectado;40353.58;0
10057;83.13;JS;Monofásico;60.7;2.41;5.89;Conectado;24550.03;1
10058;84.49;JS;Trifásico;23.9;2.27;0.3;Desconectado;11614.03;0
10059;56.19;JS;Trifásico;32.8;3.54;3.98;Conectado;27150.07;0
10060;79.54;SC;Monofásico;79.5;3.73;2.04;Conectado;16774.85;0
10061;91.42;JS;Trifásico;73.7;3.63;5.05;Desconectado;15745.92;0
10062;70.72;GM;Monofásico;47.3;4.96;1.8;Conectado;10187.46;0
10063;68.11;JS;Trifásico;58.6;2.46;4.96;Conectado;20268.26;0
10064;69.96;JS;Monofásico;9.1;3.97;2.02;Conectado;14634.64;0
10065;56.94;GM;Trifásico;72.6;4.32;0.39;Desconectado;7945.32;0
13290;76.51;JS;Monofásico;49.5;4.3;0.01;Desconectado;17466.12;0
10067;75.36;SC;Trifásico;54.7;4.52;2.42;Conectado;8736.76;0
10068;77.36;SC;Trifásico;63.6;3.89;2.24;Conectado;4464.09;0
10069;79.99;JS;Trifásico;48.0;4.0;0.59;Desconectado;4751.26;1
10070;65.42;SC;Monofásico;50.0;3.54;4.75;Desconectado;14269.56;1
10071;78.28;JS;Trifásico;48.0;2.59;5.06;Conectado;16947.19;0
10072;80.32;SC;Trifásico;47.7;4.06;4.08;Desconectado;;1
10073;69.14;SC;Trifásico;71.5;3.48;6.9;Conectado;6103.48;1
10074;80.04;JS;Trifásico;41.2;3.2;1.77;Conectado;8450.93;0
10075;75.97;SC;Trifásico;1.3;4.1;3.03;Conectado;3448.19;0
10076;67.43;JS;Trifásico;58.5;4.17;5.87;Conectado;17585.5;1
10077;78.39;SC;Monofásico;90.6;3.24;1.52;Conectado;7023.85;0
10078;71.51;GM;Monofásico;25.2;4.0;2.41;Desconectado;12253.86;0
10079;83.36;GM;Monofásico;77.7;3.74;1.8;Conectado;12825.17;1
10080;72.13;SC;Monofásico;43.8;3.95;10.22;Conectado;13142.55;1
10081;59.52;JS;Trifásico;61.4;4.8;1.44;Conectado;52682.19;0
10082;78.2;GM;Monofásico;84.7;4.15;0.95;Conectado;20422.58;0
10083;77.75;JS;Trifásico;73.5;4.09;2.48;Conectado;15019.81;0
10084;62.03;SC;Trifásico;84.1;3.09;0.82;Conectado;11586.11;0
10537;84.01;JS;Trifásico;1.9;3.2;4.87;Conectado;11635.6;0
10086;83.38;GM;Trifásico;18.6;4.19;5.57;Conectado;3506.27;0
10087;64.56;SC;Trifásico;40.8;2.53;1.06;Conectado;13155.94;0
10088;67.08;SC;Trifásico;80.7;3.51;1.11;Conectado;13344.9;0
10089;73.3;JS;Monofásico;79.8;3.19;0.23;Desconectado;11249.05;1
10090;65.89;SC;Trifásico;18.4;3.69;0.74;Conectado;12977.48;1
10091;82.68;SC;Trifásico;14.4;3.63;0.18;Conectado;20895.28;0
10092;76.79;SC;Trifásico;79.5;3.9;3.54;Conectado;23406.11;0
10093;61.88;JS;Trifásico;51.9;4.17;0.5;Conectado;18175.65;0
10094;;JS;Trifásico;59.9;4.57;0.21;Conectado;14751.58;0
10095;89.25;JS;Trifásico;77.1;4.63;0.45;Conectado;16682.09;0
10096;93.43;JS;Trifásico;20.9;3.61;1.18;Conectado;28746.43;1
10097;81.46;JS;Monofásico;13.8;3.33;1.37;Conectado;17249.58;0
10098;72.46;JS;Monofásico;81.8;-1.5;5.72;Conectado;7078.38;0
10099;69.72;JS;Trifásico;11.5;3.54;0.82;nan;6796.42;0
10100;81.6;JS;Trifásico;9.3;3.01;3.16;Conectado;9568.08;0
10101;75.91;JS;Monofásico;27.0;4.18;5.63;Conectado;15672.08;0
10102;55.68;GM;Trifásico;30.8;4.62;4.86;Conectado;8425.2;1
10103;320.0;SC;Trifásico;23.7;;0.55;Conectado;6887.82;0
10104;;JS;Trifásico;70.7;3.81;0.82;Conectado;15721.27;0
10105;83.85;SC;Monofásico;92.5;5.04;0.14;Desconectado;5589.88;1
10106;61.9;SC;Trifásico;19.8;2.61;1.65;Desconectado;6541.57;1
12464;67.36;GM;Monofásico;74.5;4.98;1.3;Desconectado;8786.12;0
10108;52.71;JS;Trifásico;5.2;3.11;1.97;Conectado;3315.02;0
10109;94.15;JS;Trifásico;12.2;3.31;1.53;Conectado;2138.61;0
10110;70.72;GM;Trifásico;49.4;4.29;3.33;Conectado;7758.1;0
10111;103.0;JS;Monofásico;95.0;4.21;2.77;Conectado;25877.16;0
10112;98.46;JS;Monofásico;90.2;3.72;1.4;Conectado;3503.34;1
10113;64.16;JS;Trifásico;11.5;3.19;0.1;Conectado;11348.01;0
10114;66.5;JS;Trifásico;23.5;2.8;1.05;Conectado;22614.89;0
10115;80.59;GM;Trifásico;89.9;3.74;0.98;Conectado;958.71;0
10116;53.95;JS;Trifásico;15.2;3.63;0.23;Conectado;8717.87;0
10117;69.74;GM;Trifásico;70.8;3.17;0.91;Conectado;12745.42;0
10118;68.54;GM;Trifásico;1.1;3.6;10.93;Desconectado;27464.37;1
10119;97.21;SC;Monofásico;60.4;4.0;4.3;Conectado;9732.99;0
10120;76.93;JS;Trifásico;47.5;4.66;4.04;Conectado;16101.88;0
10121;71.58;JS;Trifásico;45.3;3.96;4.63;Conectado;3756.28;0
10122;67.42;JS;Trifásico;78.9;3.66;5.01;Desconectado;10980.5;0
10123;85.73;JS;Trifásico;8.6;3.14;0.98;Conectado;19924.14;1
10124;69.04;SC;Trifásico;36.5;3.2;0.97;Conectado;11431.97;0
10125;74.4;JS;Monofásico;42.9;3.97;1.03;Desconectado;5585.47;0
10126;67.33;GM;Trifásico;12.6;4.02;4.27;Desconectado;1531.11;0
10127;;SC;Monofásico;9.1;3.62;3.99;Conectado;2668.22;0
10128;63.05;SC;Trifásico;17.9;4.52;0.04;Conectado;5742.21;0
10129;68.98;GM;Trifásico;23.7;3.85;7.45;Conectado;4304.56;0
10130;71.84;JS;Trifásico;91.8;3.41;0.84;Conectado;13994.42;0
10131;72.37;JS;Monofásico;45.7;3.28;2.46;Conectado;7231.98;0
10132;73.93;JS;Trifásico;49.0;3.22;2.55;Conectado;10374.16;0
10133;69.14;JS;Trifásico;67.5;4.18;0.3;Conectado;4338.9;0
10134;91.19;SC;Trifásico;65.3;3.3;2.97;Conectado;19738.07;1
10135;86.38;JS;Monofásico;48.3;-1.5;1.91;Desconectado;16601.33;0
10136;73.38;JS;Trifásico;32.9;3.12;2.36;Conectado;3477.69;0
10137;78.05;GM;Trifásico;32.1;3.67;1.48;Conectado;16070.64;0
10138;70.53;JS;Trifásico;6.4;3.76;4.08;Conectado;11646.72;0
10139;40.88;XX;Trifásico;85.6;5.69;2.52;Conectado;11251.18;0
10140;75.25;JS;Trifásico;73.3;2.75;0.54;Conectado;11012.18;1
10141;78.67;JS;Trifásico;59.6;4.45;3.49;Conectado;4247.34;0
10142;55.65;SC;Monofásico;38.2;3.19;1.75;Desconectado;15778.8;0
10143;80.99;GM;Trifásico;55.8;4.88;0.09;Desconectado;26684.36;0
10144;71.63;JS;Monofásico;46.6;3.24;1.26;Conectado;7717.6;1
10145;79.06;JS;Monofásico;26.7;4.63;1.28;Conectado;10233.6;0
10146;72.0;JS;Trifásico;29.1;3.98;4.04;Conectado;;0
10147;90.01;JS;Trifásico;83.2;2.73;0.67;Desconectado;20629.05;0
10148;77.71;JS;Monofásico;60.7;3.96;1.51;Conectado;5328.95;1
10149;87.03;SC;Monofásico;1.1;4.21;0.14;Conectado;12713.43;0
10150;88.02;JS;Monofásico;31.7;4.27;5.33;Conectado;14855.28;1
10151;61.57;JS;Monofásico;33.0;3.61;1.47;Conectado;8094.94;0
10152;66.13;SC;Trifásico;67.4;5.88;4.86;Conectado;13649.4;0
10153;80.42;JS;Monofásico;66.8;5.36;2.83;Conectado;2241.67;0
10154;70.61;JS;Trifásico;44.6;4.07;0.96;Conectado;11678.78;1
10155;72.14;GM;Trifásico;90.4;2.75;3.12;Conectado;11896.65;0
10156;90.44;JS;Trifásico;83.0;3.0;1.58;Desconectado;19934.16;0
10157;71.28;SC;Monofásico;82.4;3.58;1.04;Conectado;4452.53;0
10158;63.37;JS;Trifásico;33.7;3.72;2.76;Conectado;9979.75;0
10159;64.99;JS;Monofásico;41.5;3.14;3.72;Conectado;16558.7;0
10160;101.19;JS;Monofásico;40.4;3.37;2.92;Conectado;5506.06;0
10161;72.86;JS;Monofásico;42.4;2.21;1.55;Desconectado;10077.23;1
10162;58.63;SP;Monofásico;84.6;2.07;0.75;Conectado;6035.0;0
10163;53.77;JS;TRIF;24.4;3.81;4.16;Conectado;2880.49;0
10164;67.5;GM;Monofásico;76.4;5.07;1.06;Conectado;4431.24;0
10165;72.64;SC;Monofásico;49.3;2.56;;Conectado;10086.99;0
10166;86.39;JS;Monofásico;24.4;3.63;0.31;Desconectado;23831.64;0
10167;85.23;SC;Monofásico;50.6;3.79;3.37;Conectado;28852.45;0
10168;74.92;GM;Trifásico;19.4;4.1;7.64;OK;15627.65;0
12864;69.55;SC;Trifásico;11.2;3.39;1.49;Desconectado;6362.19;0
10170;79.08;JS;Trifásico;79.8;2.92;1.99;Conectado;2838.75;1
10171;54.02;SCH;Monofásico;66.7;4.32;5.74;Conectado;4411.16;0
10172;98.77;JS;Trifásico;20.3;2.24;3.97;Desconectado;15760.04;0
10173;82.85;JS;Monofásico;89.6;4.11;8.19;Conectado;12252.65;1
10174;85.4;SC;Trifásico;3.3;3.16;0.77;Conectado;10489.04;0
10175;62.11;GM;Monofásico;32.3;4.0;1.59;Conectado;17636.25;0
10176;90.39;GM;Monofásico;3.0;4.73;1.52;Conectado;16897.51;0
10177;69.48;GM;Trifásico;14.4;3.25;1.6;Conectado;12375.08;1
10178;63.57;XX;Monofásico;17.9;3.51;6.11;Conectado;5624.8;0
10179;74.53;GM;Monofásico;77.2;3.46;0.58;Conectado;8477.14;1
10180;74.25;JS;Trifásico;94.3;5.62;5.63;Conectado;3044.76;0
10181;62.06;JS;Trifásico;82.5;3.7;2.12;Conectado;10569.77;1
10182;64.26;SC;Trifásico;60.7;3.66;1.92;nan;6332.48;0
10183;63.32;JS;nan;69.0;3.73;1.35;Conectado;3271.31;0
10184;63.44;SC;Trifásico;50.1;4.88;1.94;Conectado;8991.17;1
10185;70.34;JS;Trifásico;40.7;3.29;4.07;Conectado;8664.73;0
10186;58.33;GM;Trifásico;66.1;4.43;1.69;Conectado;11288.98;0
10187;;JS;Trifásico;500.0;3.19;3.74;Conectado;14252.89;0
10188;87.54;JS;Monofásico;3.7;3.14;1.35;Conectado;8111.72;0
10189;84.88;GM;Monofásico;30.5;0.0;0.5;Conectado;3990.99;0
10190;62.4;JS;Trifásico;32.0;4.77;1.34;Conectado;21244.78;0
10191;86.5;SC;Monofásico;39.9;3.49;3.21;Conectado;20467.98;1
10192;51.4;SC;Monofásico;59.9;3.49;4.77;Conectado;6083.64;0
10193;104.15;SC;Trifásico;49.3;4.31;3.69;Conectado;12760.11;1
10194;90.6;SC;Trifásico;2.8;3.79;1.17;Conectado;22297.01;0
10195;68.28;JS;Monofásico;39.7;4.34;2.16;Conectado;13204.58;0
10196;;GM;Monofásico;59.2;2.5;1.12;Conectado;8558.38;0
10197;58.19;JS;Monofásico;48.5;2.97;3.05;Conectado;8180.16;0
10198;75.73;XX;Trifásico;83.0;3.75;1.43;Conectado;3353.03;1
10199;72.8;JS;Monofásico;38.5;4.16;3.62;Conectado;4301.8;0
10200;64.98;SC;Trifásico;2.2;3.7;0.03;Desconectado;6792.91;0
10201;69.38;SC;Monofásico;27.8;3.86;1.04;Conectado;8292.84;1
10202;68.2;GM;Monofásico;13.8;4.29;5.26;Conectado;;0
10203;61.42;SC;Monofásico;24.5;2.8;0.98;Conectado;35133.03;0
10204;64.7;SC;Monofásico;35.0;4.29;1.26;Desconectado;8435.3;0
10205;57.7;GM;Trifásico;64.6;4.64;3.91;Conectado;7978.91;0
10206;85.29;JS;Monofásico;31.5;3.53;0.25;Desconectado;8073.51;0
10207;63.81;SC;Trifásico;84.1;3.11;0.93;1;5042.27;1
10208;60.34;SC;Monofásico;29.2;4.51;3.72;Conectado;15448.67;0
10209;85.1;JS;3-Fase;13.9;5.18;7.87;Desconectado;12682.47;0
10210;79.44;GM;Monofásico;16.9;3.92;3.82;Desconectado;8632.33;0
10211;84.65;JS;Trifásico;88.9;3.09;0.47;Conectado;3626.16;0
10212;85.99;SC;Monofásico;43.8;3.8;4.5;Desconectado;19190.47;0
10213;98.25;SC;M;38.9;3.13;-5.0;Conectado;25023.61;0
10214;73.13;GM;Trifásico;7.5;4.37;3.82;Conectado;9989.5;1
10215;57.51;GM;Monofásico;69.9;3.76;0.68;Conectado;1780.46;0
10216;78.25;SC;3-Fase;66.3;3.06;1.04;Conectado;7782.19;0
10217;66.97;SC;Trifásico;36.3;3.96;5.8;Desconectado;;0
10218;63.51;JS;Trifásico;66.0;3.28;6.04;Conectado;15315.06;0
10219;180.0;JS;Trifásico;35.5;2.75;0.84;Conectado;17704.55;0
10220;85.39;GM;Monofásico;7.9;4.41;0.22;Conectado;7194.28;0
10221;64.97;GM;Monofásico;70.4;4.04;6.61;Conectado;4751.23;0
10222;90.29;GM;Monofásico;91.7;3.42;0.89;Conectado;6201.98;0
10223;63.12;JS;Trifásico;61.9;4.82;0.32;Desconectado;15147.99;0
10224;72.07;GM;Trifásico;27.0;3.2;1.07;Conectado;12490.52;1
10225;79.64;GM;Monofásico;26.4;3.45;0.83;Conectado;11215.04;1
10226;70.35;JS;Trifásico;88.3;4.1;0.21;Desconectado;17046.04;0
10227;53.69;SC;Trifásico;29.5;4.5;10.3;Conectado;16995.14;0
11274;86.13;SC;Trifásico;73.2;4.11;0.87;Conectado;18174.63;0
13479;67.52;SC;M;61.4;3.35;0.79;Desconectado;11261.99;0
10230;-40.0;GM;Monofásico;56.7;3.61;1.36;Desconectado;11625.02;0
10231;59.83;JS;Trifásico;18.0;3.28;1.34;Desconectado;12597.07;0
10232;61.88;SC;Monofásico;4.2;3.53;1.42;Conectado;11238.97;0
10233;85.35;SC;Trifásico;46.9;3.59;5.93;Conectado;5137.34;0
10234;79.09;JS;Trifásico;93.9;4.13;0.16;Conectado;22549.06;0
10235;69.74;GM;Trifásico;19.4;3.25;7.1;Conectado;5635.23;1
10236;79.26;SC;Trifásico;51.5;4.56;2.74;Conectado;9396.36;0
10237;63.55;JS;TRIF;64.1;3.78;2.99;Conectado;7531.62;1
10238;76.32;JS;Monofásico;46.5;3.12;0.43;Desconectado;6775.95;0
10239;76.54;JS;Trifásico;48.7;4.11;1.0;Conectado;23045.68;0
10240;70.51;SC;Trifásico;63.2;3.7;0.13;Conectado;29976.59;0
10241;64.98;GM;Trifásico;77.6;3.43;2.65;nan;9913.63;0
10242;75.84;JS;Trifásico;32.3;4.93;1.04;Conectado;9566.38;0
10243;74.34;JS;Trifásico;85.5;3.55;2.0;Conectado;6362.86;0
10244;69.41;JS;Trifásico;46.6;3.44;3.49;Conectado;6976.83;0
10245;62.59;SC;Monofásico;63.2;4.57;2.02;Desconectado;9095.1;0
10246;75.15;GM;Monofásico;11.0;4.2;0.19;Conectado;16274.36;0
10247;69.44;SC;Monofásico;47.3;4.4;0.16;Conectado;10993.21;1
10248;62.58;SC;Trifásico;2.5;3.35;5.05;Desconectado;16327.27;0
10249;75.52;SC;Monofásico;37.8;3.98;0.76;Conectado;20875.42;1
10250;94.3;JS;Trifásico;6.1;2.69;1.12;Conectado;22320.28;0
10251;70.6;SC;Trifásico;85.3;2.26;0.62;Conectado;10640.38;0
10252;;SC;Trifásico;64.2;3.33;3.0;Conectado;24259.58;0
10253;100.37;SC;Trifásico;75.4;3.84;1.22;Conectado;4993.68;0
10254;63.56;GM;Monofásico;45.0;5.72;1.52;Conectado;14109.02;0
10255;75.11;SC;Trifásico;81.1;4.8;2.81;Desconectado;7977.2;1
10256;100.24;SC;Trifásico;83.1;2.93;2.44;Conectado;22994.47;0
10257;73.55;GM;Trifásico;;4.5;3.72;Conectado;25828.34;1
10258;75.44;GM;Monofásico;36.4;2.72;3.45;Conectado;7278.21;0
10259;54.96;SC;Monofásico;48.8;5.03;1.45;Conectado;15747.63;1
10260;68.62;JS;Trifásico;5.0;3.4;0.53;Conectado;10458.82;1
10261;81.67;JS;Monofásico;94.6;3.34;0.63;Conectado;8139.54;0
10262;104.15;SC;Monofásico;34.8;4.62;3.07;Conectado;16806.44;0
10263;;JS;Trifásico;45.3;3.35;0.76;Conectado;10703.88;0
10264;55.05;JS;Monofásico;71.9;5.2;1.45;Conectado;17768.03;0
10265;58.14;JS;Trifásico;29.0;3.34;0.29;Conectado;7652.25;0
10266;74.57;SC;Trifásico;20.0;4.51;0.33;Conectado;;0
10267;89.13;SC;Monofásico;13.0;3.89;0.72;Desconectado;6903.68;1
10268;82.65;JS;Trifásico;50.6;4.34;0.22;Conectado;16698.27;1
10269;80.52;JS;Trifásico;1.5;2.99;0.8;Desconectado;6125.17;0
10270;90.71;SC;Monofásico;67.7;2.33;2.1;Conectado;7330.85;1
10271;66.36;JS;Trifásico;44.4;3.05;3.41;Conectado;7935.96;1
10272;75.23;JS;Trifásico;51.0;3.48;0.08;Desconectado;11557.97;1
10273;68.76;SC;Trifásico;25.7;3.64;2.29;nan;16076.0;0
10274;71.74;SP;Trifásico;-10.0;3.41;1.13;Conectado;6411.83;1
10275;62.92;JS;Trifásico;66.8;2.09;0.64;Conectado;6969.11;0
10276;70.87;SC;Monofásico;20.8;3.29;85.0;Conectado;6484.97;0
10277;74.67;JS;Trifásico;74.3;3.83;0.99;Conectado;;0
10278;70.54;SC;Monofásico;20.1;3.61;3.9;OFF;;0
10279;73.07;JS;Trifásico;58.6;3.5;1.89;Conectado;4992.72;0
10280;79.86;JS;Monofásico;61.5;3.43;3.74;Conectado;15254.18;1
10281;89.86;SC;Monofásico;48.5;3.85;1.33;Conectado;16041.1;0
10282;90.73;SC;Trifásico;94.7;2.96;4.63;Conectado;5905.14;0
10283;84.14;JS;Monofásico;36.3;3.6;0.41;Conectado;5519.25;0
10284;59.88;JS;Monofásico;84.0;3.47;4.29;Conectado;14022.38;0
10285;70.68;GM;Trifásico;16.9;2.8;1.62;Conectado;24057.32;0
10286;71.71;SC;Trifásico;32.7;3.65;3.43;Conectado;7179.36;1
10287;67.11;JS;Monofásico;14.7;2.21;0.69;Conectado;8012.94;0
10288;79.11;SC;Monofásico;57.7;3.26;1.66;Conectado;14163.56;0
10289;55.87;JS;Trifásico;61.0;4.07;3.3;Conectado;5579.86;0
10290;95.32;SC;Trifásico;43.6;4.13;1.65;Conectado;13770.13;0
10291;89.34;JS;Trifásico;68.7;3.81;1.53;Conectado;9222.84;0
10292;80.74;JS;Trifásico;82.6;3.98;4.16;Conectado;3265.28;0
10293;-40.0;JS;Monofásico;74.0;4.3;0.44;Conectado;22200.13;0
10294;89.75;JS;Trifásico;23.7;3.88;1.61;Conectado;4190.18;0
10295;83.27;JS;Trifásico;31.1;4.74;4.32;OK;18243.49;0
10296;;JS;Monofásico;36.7;2.1;4.66;Desconectado;9691.7;0
12968;74.29;JS;Trifásico;20.2;4.46;0.31;Conectado;11962.39;0
10298;96.47;JS;Trifásico;35.0;2.06;4.75;Conectado;5468.65;0
10299;180.0;SC;Trifásico;23.4;3.3;0.03;Conectado;12347.14;0
10300;81.11;JS;Trifásico;94.6;4.38;4.84;Conectado;27146.17;0
10301;90.07;SC;Trifásico;74.6;4.3;0.77;Conectado;5785.55;0
10302;69.97;JS;Trifásico;81.8;3.02;2.16;Conectado;8440.07;1
10303;60.99;JS;Trifásico;87.7;3.76;0.02;Desconectado;11961.58;1
10304;78.86;SC;Monofásico;63.5;3.32;3.29;Conectado;10488.05;0
10305;74.31;GM;Monofásico;17.5;4.48;1.41;Desconectado;19112.31;0
10306;72.63;JS;Trifásico;72.3;3.74;4.67;Conectado;12075.87;0
10307;89.6;JS;Trifásico;2.5;3.28;2.03;Conectado;7879.15;0
10308;77.01;SC;Monofásico;11.6;4.11;4.5;Conectado;15567.07;0
10309;78.16;GM;Trifásico;3.8;4.26;85.0;Conectado;4938.5;0
10310;71.08;GM;Monofásico;13.7;3.64;3.42;Conectado;9901.46;1
10311;85.57;JS;Monofásico;71.7;4.32;3.45;Desconectado;6643.31;0
10312;83.42;JS;Trifásico;84.2;5.05;0.71;Conectado;8959.75;0
10313;85.48;SC;Trifásico;27.2;2.14;2.15;Conectado;10480.37;0
10314;;SC;Trifásico;12.2;0.0;5.18;Conectado;27591.61;0
10315;90.65;SC;Trifásico;26.7;4.95;5.28;Conectado;8359.2;1
10316;97.07;GM;Monofásico;61.8;4.16;1.21;Conectado;12148.7;1
10317;85.1;SC;Monofásico;33.9;3.55;0.98;Conectado;5623.53;0
10318;65.29;JS;Trifásico;91.3;2.55;2.65;Conectado;6907.47;1
10319;65.37;JS;Trifásico;13.3;3.83;3.77;Conectado;10632.16;0
10320;70.5;SC;Trifásico;94.1;3.48;0.09;Conectado;6440.08;0
10321;68.23;SP;Trifásico;2.2;2.69;0.25;Conectado;5808.5;0
10322;74.15;JS;Monofásico;43.5;3.27;3.77;Conectado;3307.27;1
10323;82.59;JS;Monofásico;24.7;3.77;1.44;Conectado;6843.4;0
10324;78.48;JS;Trifásico;54.2;4.02;2.75;Conectado;5461.17;0
10325;77.43;JS;Trifásico;10.1;2.98;4.29;Conectado;7204.57;0
10326;72.11;GM;Trifásico;83.3;1.9;3.53;Desconectado;15997.77;1
10327;74.11;JS;Trifásico;13.8;3.6;4.15;Conectado;17839.22;0
10328;84.56;SC;Trifásico;56.2;3.07;1.8;Conectado;15449.25;0
10329;50.86;JS;Trifásico;4.1;3.45;0.43;Conectado;19822.58;0
10330;74.86;JS;Trifásico;30.2;2.16;1.6;Conectado;6683.67;0
10331;180.0;GM;Monofásico;15.1;3.54;8.26;Conectado;8762.8;1
10332;84.4;GM;Mono;92.9;4.1;0.91;Conectado;20297.75;0
10333;62.88;JS;Trifásico;2.1;3.45;1.36;Conectado;11824.8;0
11087;62.25;SC;Monofásico;34.1;3.88;3.63;Conectado;5010.84;1
10335;82.01;JS;Monofásico;29.5;3.56;0.2;Desconectado;5180.97;0
10336;52.15;GM;Trifásico;62.8;2.22;3.54;Desconectado;3014.37;0
10337;90.99;JS;Trifásico;6.3;3.86;0.8;Desconectado;1182.38;0
10338;;JS;Monofásico;77.2;3.17;0.78;Conectado;4709.99;0
10339;93.7;SC;Trifásico;44.9;2.74;2.18;Conectado;2765.15;0
10340;61.96;SCH;Trifásico;43.6;4.34;0.74;Conectado;7051.49;0
10341;69.76;JS;Trifásico;22.3;4.02;2.56;Desconectado;10041.43;0
10342;46.11;SC;Trifásico;47.1;3.31;5.99;Conectado;18053.98;0
10343;;JS;Trifásico;35.2;3.68;1.3;Conectado;16091.85;1
10344;72.79;GM;Trifásico;24.0;3.93;7.19;Conectado;3041.05;1
10345;;JS;Monofásico;16.9;2.44;7.13;Desconectado;21035.65;0
10346;70.26;GM;Monofásico;69.5;2.89;0.58;Desconectado;21062.81;0
10347;51.15;JS;Monofásico;14.4;2.93;1.41;Conectado;21920.52;0
10348;71.91;JS;Trifásico;16.8;4.2;11.54;Conectado;7200.51;0
10349;88.77;GM;Trifásico;55.2;5.05;0.34;Conectado;8085.68;0
10350;74.58;GM;Monofásico;22.3;4.27;1.61;Conectado;9468.81;0
10351;94.9;SC;Trifásico;44.2;3.89;1.41;Conectado;3794.04;0
10352;;JS;Trifásico;53.0;2.98;4.15;Conectado;17473.38;0
10353;91.18;SC;Trifásico;26.8;4.39;0.44;Conectado;6549.86;0
10354;-15.0;SC;Trifásico;33.3;3.51;0.63;Conectado;5943.29;0
10355;65.53;SC;Trifásico;20.8;2.99;;Conectado;18894.19;0
10356;79.15;SC;Trifásico;44.3;4.38;0.46;Conectado;7780.57;0
10357;56.07;JS;Monofásico;94.3;4.86;0.75;Conectado;8406.6;0
10358;80.65;SC;Trifásico;35.1;4.39;-5.0;Conectado;;1
10359;71.11;SC;Monofásico;62.4;5.7;3.07;Conectado;13719.6;0
10360;90.96;JS;Monofásico;60.8;3.19;1.2;Conectado;5463.64;0
10361;83.15;SC;Trifásico;74.9;3.42;1.48;Conectado;5277.74;0
10362;88.16;SC;Monofásico;67.9;3.1;3.93;Desconectado;5862.84;0
10363;65.95;SC;Monofásico;2.1;3.09;1.86;Conectado;5197.6;0
10364;87.58;JS;Trifásico;30.1;4.92;2.23;Desconectado;15009.6;1
10365;92.34;SC;Trifásico;82.8;2.91;1.82;Conectado;4498.66;1
10366;74.54;JS;Trifásico;51.7;3.36;3.9;Conectado;27166.62;0
10367;66.13;SC;Monofásico;-5.0;4.81;0.51;Conectado;13517.87;1
10368;66.34;SC;Trifásico;27.0;4.11;9.94;Conectado;10128.36;0
10369;180.0;SC;Trifásico;27.6;2.99;5.29;Conectado;15380.67;0
10370;107.21;JS;Trifásico;83.1;3.74;1.28;Conectado;6683.5;0
10371;63.22;SC;Trifásico;53.0;2.44;1.34;Conectado;8883.23;0
10372;62.3;GM;Trifásico;58.2;3.64;4.73;Conectado;19611.75;0
10373;86.06;JS;Trifásico;35.5;;1.47;Conectado;5560.89;0
10374;65.95;GM;Monofásico;6.7;3.91;1.77;Conectado;10687.71;1
10375;87.22;SC;Monofásico;500.0;5.3;3.43;Conectado;4363.62;0
10376;80.58;SC;Monofásico;40.5;4.39;1.23;Conectado;22410.93;0
10377;74.71;JS;Trifásico;17.7;2.86;1.51;Conectado;;0
10378;80.3;JS;Monofásico;10.8;3.89;0.09;Conectado;;0
10379;250.0;GM;Trifásico;25.7;3.75;0.36;Conectado;11469.62;0
10380;72.84;JS;Trifásico;70.8;5.29;1.53;Conectado;13512.39;0
10381;53.92;JS;Monofásico;7.9;3.45;0.12;Conectado;12739.84;0
10382;77.14;SC;Trifásico;43.1;3.9;0.92;Conectado;39649.25;0
10383;93.88;JS;Trifásico;78.7;4.01;1.44;Desconectado;6946.96;0
10384;55.69;SC;Trifásico;26.2;2.94;0.27;Desconectado;16430.86;0
10385;;SC;Trifásico;29.4;2.58;0.17;Desconectado;768.78;0
10386;80.12;GM;Monofásico;84.1;3.62;0.04;Conectado;3758.8;0
10387;75.46;SC;Trifásico;62.1;4.33;1.66;Conectado;11090.41;0
10388;79.93;JS;Monofásico;76.0;2.75;0.4;Conectado;6419.04;0
10389;66.61;JS;Trifásico;28.2;3.72;2.92;Conectado;;0
10390;88.95;SC;Trifásico;94.7;3.26;1.7;Desconectado;2866.29;0
10391;75.56;JS;Trifásico;14.2;2.25;0.05;Conectado;9220.28;0
10392;83.36;GM;Monofásico;91.4;3.99;0.15;Conectado;6753.56;0
10393;78.84;SC;Monofásico;-10.0;4.13;6.25;Conectado;5290.94;0
14764;77.11;JS;Trifásico;52.9;99.0;0.33;Conectado;31734.19;1
10395;82.52;GM;Trifásico;56.0;4.43;3.54;Conectado;12813.3;0
10396;77.24;JS;Monofásico;73.9;3.72;0.71;Conectado;11099.32;0
10397;60.72;JS;Trifásico;29.8;4.12;0.97;Conectado;16098.36;0
10398;88.05;SC;Trifásico;50.6;3.95;0.06;Desconectado;6077.76;1
10399;84.82;GM;Trifásico;85.8;1.74;2.03;Conectado;7098.52;1
10400;49.72;SC;Trif;7.4;2.6;1.57;Conectado;6884.77;0
10401;67.15;XX;Trifásico;86.1;3.21;3.42;Desconectado;16613.51;0
10402;87.51;JS;Trifásico;69.5;3.84;5.9;Conectado;12301.94;0
10403;53.08;JS;Monofásico;73.4;4.01;1.98;Conectado;11597.5;0
10404;86.32;JS;Monofásico;7.1;4.32;7.61;Desconectado;17300.45;1
10405;73.31;JS;Monofásico;18.6;4.34;0.4;Conectado;4657.58;1
10406;91.08;SC;Trifásico;88.0;3.95;1.06;Desconectado;4040.61;0
10407;74.99;GM;Trifásico;12.7;4.19;4.43;Conectado;17056.61;0
10408;66.34;JS;Monofásico;60.3;5.03;2.01;Conectado;10593.49;0
10409;;JS;Monofásico;74.6;4.13;1.98;Desconectado;13535.01;0
10410;74.64;GM;Trifásico;22.7;3.77;1.54;Conectado;16505.45;0
10411;65.27;SC;Trifásico;66.7;99.0;0.05;Conectado;18127.9;0
10412;101.62;GM;Monofásico;7.2;4.45;0.21;nan;19812.28;0
10413;63.35;JS;Monofásico;47.9;5.04;0.23;Conectado;21343.43;0
10414;48.08;JS;Monofásico;32.4;2.92;0.53;Conectado;14425.27;0
10415;93.98;SC;Monofásico;61.7;2.49;0.25;Conectado;5598.54;0
10416;68.0;SC;Trifásico;84.6;3.97;0.28;Conectado;6813.96;0
10417;;JS;Trifásico;12.8;2.64;2.53;Conectado;4794.36;0
10418;70.71;GUARAMIRIM;Monofásico;43.3;3.6;0.31;Conectado;17923.44;0
10419;68.16;JS;Trifásico;40.8;5.25;1.56;Conectado;12750.81;0
10420;65.81;JS;Trifásico;31.4;3.8;0.16;Conectado;6867.43;0
10421;63.04;SC;Monofásico;46.1;3.81;0.78;Conectado;10914.8;0
10422;75.78;JS;Trifásico;83.8;3.48;6.45;Conectado;6255.74;0
10423;70.18;SC;Monofásico;92.5;5.0;0.08;Conectado;8744.18;0
10424;83.76;JS;Monofásico;1.3;4.14;5.24;Conectado;16318.7;0
10425;80.79;JS;Trifásico;70.5;3.43;3.56;Conectado;10871.82;1
10426;63.87;JS;Trifásico;58.8;4.98;6.34;OFF;5322.5;1
10427;76.3;JS;Trifásico;94.5;3.95;3.86;Conectado;10770.53;1
10428;69.99;JS;Monofásico;9.5;3.47;4.37;Desconectado;30566.36;0
10429;63.1;SCH;Trifásico;77.3;2.13;0.28;Conectado;7543.8;0
10430;83.27;GM;Trifásico;88.8;3.91;4.51;Conectado;11250.31;1
10431;73.54;JS;Monofásico;86.7;3.44;1.62;Desconectado;4415.9;1
10432;70.11;JS;Trifásico;53.7;3.55;1.08;Conectado;7158.79;0
10433;64.73;GM;Trifásico;31.8;3.5;0.42;OFF;6524.81;0
10434;62.66;GUARAMIRIM;Trifásico;61.2;2.34;0.0;Desconectado;9970.72;0
10435;98.87;JS;Trifásico;29.8;5.85;2.57;Desconectado;22007.79;0
10436;79.01;JS;Monofásico;39.8;3.24;3.24;Conectado;27089.11;0
10437;61.91;SC;Trifásico;42.9;4.33;1.23;Conectado;3700.86;0
10438;78.45;JS;Trifásico;29.4;3.62;0.45;Conectado;13860.98;0
10439;;SC;Monofásico;33.1;1.61;-5.0;Conectado;13556.4;1
10440;77.01;JS;Monofásico;1.7;3.68;0.46;Conectado;27284.19;0
10441;91.49;JS;Trifásico;28.9;3.9;0.14;Conectado;14609.1;0
10442;56.49;JS;Monofásico;45.4;3.36;1.11;Conectado;8340.09;0
10443;51.1;SC;Monofásico;17.3;4.96;2.39;Conectado;9552.91;0
10444;-40.0;SC;Trifásico;76.7;5.23;1.48;Conectado;16210.78;0
10445;78.32;JS;Monofásico;51.5;4.03;0.34;Conectado;18550.15;1
10446;34.93;JS;Monofásico;75.6;4.14;4.23;Conectado;9267.66;0
10447;67.52;SC;Trifásico;13.0;2.88;0.85;Conectado;11394.31;1
10448;62.9;GM;Monofásico;78.1;2.87;2.31;Desconectado;2809.15;0
10449;58.3;JS;Monofásico;91.1;3.28;0.7;Conectado;662.02;0
10450;62.87;SC;Monofásico;34.1;5.4;2.26;Conectado;18875.63;0
10451;82.15;JS;Trifásico;27.7;3.36;0.35;Conectado;4370.42;0
10452;62.79;JS;Trifásico;61.8;4.85;2.66;Conectado;6525.83;0
10453;63.2;JS;Trifásico;60.8;3.22;2.13;Conectado;12150.46;0
10454;55.57;SC;Trifásico;11.6;3.03;1.83;Conectado;8185.54;1
10455;90.23;JS;Monofásico;88.1;-1.5;0.61;Conectado;4125.04;1
10456;80.22;GM;Trifásico;46.0;3.38;1.88;Conectado;5586.29;0
10457;45.09;SC;Trifásico;72.9;3.22;5.69;Conectado;26050.51;0
10458;63.21;GM;Monofásico;34.8;5.05;0.33;Desconectado;27544.76;0
10459;81.34;JS;Trifásico;25.6;;3.04;Conectado;17057.65;1
10460;90.38;JS;Trifásico;;3.64;0.3;Conectado;5999.17;0
10461;85.09;GM;Trifásico;26.8;3.82;1.03;Conectado;7768.57;1
10462;70.73;SC;Trifásico;94.4;4.53;2.88;Desconectado;4603.54;0
10463;51.82;GM;3-Fase;62.8;3.82;2.05;Desconectado;21930.75;0
10464;85.44;JS;Monofásico;76.5;4.04;2.84;Conectado;7949.59;0
10465;71.44;JS;Trifásico;91.1;4.61;8.27;Conectado;4465.01;0
10466;75.83;SCH;Trifásico;8.4;2.94;8.73;Conectado;2857.69;0
10467;72.87;JS;Monofásico;16.5;3.13;6.16;Conectado;11584.48;1
10468;58.73;SC;Monofásico;88.2;3.89;1.71;Conectado;20236.44;1
10469;79.37;JS;Trifásico;54.1;3.23;1.04;Desconectado;6209.09;0
10470;77.72;JS;Monofásico;60.7;3.61;0.82;Conectado;9086.78;0
10471;69.89;JS;Trifásico;41.2;2.92;2.14;Conectado;16380.31;0
10472;80.65;nan;Trifásico;77.6;3.11;1.51;Conectado;9219.3;0
10473;58.51;JS;Monofásico;49.6;99.0;13.02;Conectado;28927.4;0
10474;71.77;SC;Trifásico;78.7;3.51;1.92;Conectado;2862.07;0
10475;75.31;JS;Trifásico;94.3;3.43;1.0;Conectado;4172.97;0
10476;54.18;JS;Trifásico;61.8;0.0;2.53;Desconectado;6268.48;0
10477;74.31;GM;Trifásico;50.7;3.09;0.11;Desconectado;12242.06;1
10478;83.8;JS;Monofásico;35.3;2.97;0.29;Conectado;12098.45;0
10479;71.36;JS;Trifásico;19.3;2.77;2.72;Conectado;13307.04;0
10480;74.59;SC;Trifásico;62.7;3.24;0.33;Conectado;21966.13;0
10481;81.75;GM;Trifásico;6.9;3.71;3.52;Conectado;11180.21;1
10482;70.35;JS;Monofásico;90.9;4.31;0.16;Conectado;;0
10483;71.43;JS;Trifásico;61.9;3.73;;Conectado;2699.39;0
10484;60.88;SC;Monofásico;91.2;2.99;2.84;Conectado;14002.88;0
10485;74.82;JS;Monofásico;9999.0;3.37;3.78;Desconectado;15770.77;0
10486;70.98;SC;TRIF;90.0;3.32;5.42;Conectado;6471.2;1
11875;80.99;GM;Monofásico;58.5;3.27;0.94;Conectado;8479.37;1
10488;81.76;GM;Trifásico;77.2;3.5;3.17;Conectado;17141.57;0
10489;84.49;JS;Trifásico;17.8;4.51;0.21;Conectado;10007.58;1
10490;250.0;XX;Monofásico;48.0;4.34;4.43;Conectado;16055.35;0
10491;48.88;GM;Monofásico;54.5;5.08;5.52;Conectado;7126.46;0
10492;83.9;JS;Trifásico;37.9;3.09;3.45;Conectado;;0
10493;80.17;JS;Trifásico;24.8;2.91;0.83;Conectado;13144.95;0
10494;67.38;SC;Trifásico;86.0;3.5;0.16;Conectado;8268.78;0
10495;81.66;JS;Monofásico;9.0;4.73;1.37;Conectado;11142.08;1
10496;57.62;JS;Monofásico;15.5;2.12;0.79;Conectado;14871.19;0
10497;-15.0;GM;Trifásico;31.1;3.89;1.89;OK;17287.14;0
10498;71.0;JS;Trifásico;87.5;3.53;1.25;Conectado;13522.88;1
10499;65.05;JS;Trifásico;54.0;4.3;0.37;Desconectado;8136.22;1
10500;67.54;JS;Trifásico;36.1;4.14;4.53;Conectado;4716.16;1
10501;72.22;SC;Monofásico;38.9;4.3;5.0;Desconectado;16322.21;0
13221;74.86;JS;Monofásico;79.8;4.19;4.19;Conectado;6265.69;0
10503;75.58;JS;Trifásico;3.5;6.04;0.59;Conectado;4221.11;1
10504;69.84;SC;Trifásico;2.1;5.23;1.4;Conectado;8072.58;1
10505;77.4;GM;Trifásico;5.3;4.46;0.47;Conectado;6590.24;0
10506;180.0;JS;Monofásico;45.1;-1.5;;Desconectado;;0
10507;67.23;GM;Trifásico;55.6;3.5;4.09;Conectado;10498.66;0
10508;65.42;JS;Trifásico;59.7;4.72;2.18;Conectado;26360.37;0
10509;82.3;SC;Monofásico;69.7;4.75;1.97;Conectado;18913.55;0
10510;81.29;JS;Monofásico;18.8;3.12;3.14;Desconectado;5096.4;0
10511;75.69;JS;Monofásico;25.7;2.2;0.3;Conectado;16295.86;0
10512;86.09;SC;Trifásico;23.9;2.33;0.71;Conectado;8454.36;0
10513;51.46;JS;Trifásico;15.0;4.74;0.94;Conectado;6800.92;0
10514;68.23;JS;Trifásico;24.0;4.89;1.9;Conectado;11960.48;0
10515;61.12;JS;Monofásico;58.7;3.81;9.33;Desconectado;10957.26;0
10516;102.08;SC;Monofásico;35.4;4.06;4.97;Conectado;16512.45;0
10517;83.56;JS;Monofásico;73.2;5.23;0.71;Desconectado;;0
10518;74.05;JS;Trifásico;51.4;5.41;0.66;Conectado;16995.63;0
10519;84.42;JS;3-Fase;20.9;4.34;1.43;Conectado;6543.15;0
10520;88.4;JS;Trifásico;44.9;3.78;9.19;Conectado;24647.67;0
10521;88.27;JS;Trifásico;56.8;3.45;0.41;Conectado;6100.91;0
10522;86.06;JS;Trifásico;82.4;3.57;7.86;Conectado;7372.28;0
10523;71.85;JS;Monofásico;79.4;0.0;0.53;Conectado;12220.63;0
10524;68.98;JS;Trifásico;41.1;4.32;5.44;Conectado;2890.15;1
10525;63.45;SC;Monofásico;61.9;3.69;4.43;Conectado;10858.94;0
10526;81.03;SC;Monofásico;29.0;3.14;5.35;Conectado;;0
10527;73.09;GM;Trifásico;60.5;4.7;5.56;Conectado;5977.47;0
10528;69.98;JS;Monofásico;86.8;4.24;0.62;Desconectado;8830.53;0
10529;69.35;GM;Mono;59.7;4.01;3.77;Conectado;12825.26;1
10530;92.4;JS;Trifásico;29.6;3.67;2.86;Conectado;25055.59;0
10531;86.43;GM;Monofásico;61.5;4.17;5.28;Conectado;6594.69;0
10532;96.96;JS;Monofásico;85.9;3.52;1.68;Desconectado;19668.71;1
10533;81.35;JS;Trifásico;13.9;6.02;1.33;Conectado;16177.71;1
10534;75.68;JS;Monofásico;46.4;5.63;3.24;Conectado;15347.81;0
10535;;JS;Monofásico;31.2;3.15;0.79;Conectado;15625.95;0
10536;62.76;GM;Trifásico;23.7;3.59;4.29;Conectado;6313.52;0
10537;59.86;SC;Trifásico;38.2;3.08;0.84;Conectado;7337.64;0
10538;81.09;GM;Monofásico;38.0;2.3;0.11;Conectado;19453.44;0
10539;63.78;SC;Trifásico;20.8;5.17;2.0;Conectado;5516.43;0
10540;77.54;JS;Monofásico;38.9;3.68;4.52;Conectado;2699.3;0
10541;88.39;JS;Monofásico;60.6;2.92;2.93;Conectado;12549.04;0
10542;67.01;GM;Trifásico;3.4;2.41;11.34;Conectado;8024.85;0
10543;99.13;SC;Monofásico;94.0;3.98;0.38;Desconectado;18222.39;0
10544;63.11;GUARAMIRIM;Trifásico;28.8;4.09;1.06;Conectado;4992.48;0
10545;86.88;JS;Monofásico;59.6;4.13;1.19;Conectado;17416.99;0
10546;80.1;SC;Trifásico;27.7;4.66;0.15;Conectado;13751.65;0
10547;89.33;GM;Monofásico;38.0;4.52;0.11;Conectado;15584.49;1
10548;61.61;JS;Trifásico;52.6;2.77;0.07;Conectado;8682.52;0
10549;102.68;JS;Monofásico;58.5;2.93;1.31;Conectado;26716.95;0
10550;72.85;JS;Trifásico;73.4;;4.66;Desconectado;6645.47;0
10551;83.12;SC;Trifásico;75.4;3.31;3.09;Conectado;20037.29;0
10552;92.33;JS;Trifásico;49.8;2.63;1.48;Conectado;23271.95;1
10553;67.74;JS;Monofásico;8.1;2.7;0.77;Conectado;18126.84;0
10554;84.91;JS;Trifásico;53.4;4.55;0.04;Conectado;16215.18;1
10555;65.74;SC;Monofásico;45.9;4.54;0.48;Conectado;19781.15;0
10556;91.76;JS;Monofásico;21.2;3.9;1.22;Conectado;6082.27;0
10557;65.88;SCH;Monofásico;2.0;3.05;1.16;Conectado;6595.96;0
10558;75.46;GM;Trifásico;30.7;3.75;0.75;Conectado;18298.88;1
10559;78.67;GM;Monofásico;25.4;3.67;14.63;Conectado;7183.33;0
10560;84.41;JS;Trifásico;46.4;3.45;1.48;Conectado;18258.78;0
10561;98.62;SC;Monofásico;72.6;0.0;0.78;Desconectado;14429.33;0
10562;69.58;SC;Monofásico;42.3;3.42;1.31;Conectado;4169.84;0
10563;88.66;JS;Trifásico;90.4;4.23;0.82;Conectado;14813.58;1
10564;98.64;JS;Trifásico;21.8;4.07;1.09;Conectado;25298.17;0
10565;76.99;JS;Trifásico;21.8;2.65;0.34;Conectado;2327.46;0
10566;68.4;JS;Trifásico;57.8;5.39;0.0;Desconectado;10355.22;0
10567;54.24;JS;Monofásico;85.2;4.26;1.69;Conectado;7726.85;0
10568;97.6;GM;Trifásico;64.2;2.53;1.68;Conectado;6539.07;0
10569;72.07;JS;Monofásico;64.3;2.65;0.43;Conectado;8263.01;0
10570;62.98;SC;Trifásico;76.8;5.07;4.47;Conectado;10389.45;0
10571;58.7;JS;Monofásico;63.9;3.94;0.53;Conectado;23807.87;0
10572;62.96;SC;Monofásico;72.4;4.25;3.68;Conectado;9884.28;0
10573;86.04;JS;Monofásico;82.4;4.11;0.53;Desconectado;5569.37;0
10574;87.69;SC;Trifásico;1.7;4.67;0.83;Conectado;4211.47;0
10575;82.83;SC;Trifásico;84.2;4.71;0.79;Conectado;7123.32;1
10576;76.59;SC;Trifásico;21.2;3.1;0.65;Conectado;12185.61;0
10577;60.05;JS;Trifásico;86.7;4.2;7.62;Conectado;2188.68;1
10578;66.24;SC;Monofásico;26.0;2.68;0.76;Desconectado;10414.05;0
10579;61.72;GM;Monofásico;43.8;2.93;1.66;Desconectado;5342.83;0
10580;81.87;SC;Trifásico;88.8;3.56;3.32;Conectado;5434.44;0
10581;62.24;JS;Trifásico;11.3;2.44;0.96;Conectado;6657.16;1
10582;66.43;SC;Trifásico;71.1;3.18;0.03;Conectado;22793.37;0
10583;72.8;JS;Trifásico;37.9;2.06;3.59;Conectado;11322.88;0
10584;54.96;GM;Trifásico;3.3;3.78;0.84;Conectado;8723.33;0
10585;75.56;SC;Monofásico;89.3;5.11;5.16;Conectado;9636.7;0
10586;73.71;JS;Trifásico;12.1;3.83;1.69;Desconectado;5237.04;1
10587;89.21;JS;Monofásico;73.8;3.83;2.45;Conectado;5310.47;0
10588;65.16;JS;Trifásico;37.1;3.51;7.54;Conectado;13487.17;1
10589;59.41;GM;nan;77.2;4.58;5.1;Desconectado;7705.54;0
12554;;JS;Mono;71.5;3.76;3.93;Desconectado;3071.51;0
10591;61.82;JS;Monofásico;60.5;2.92;1.89;Conectado;13550.96;0
10592;75.47;GM;Trifásico;89.3;3.94;0.46;Conectado;6956.71;0
10593;52.68;JS;Trifásico;10.3;5.04;4.6;Conectado;2801.42;0
10594;67.74;JS;Trifásico;76.1;2.66;0.25;Conectado;10732.94;0
10595;63.86;SC;Monofásico;64.1;3.05;5.46;Conectado;;0
10596;81.81;JS;Mono;30.6;3.72;3.63;Desconectado;26031.69;0
10597;65.27;JS;Trifásico;52.3;3.52;4.07;Conectado;2369.46;0
10598;54.17;JS;Trifásico;61.6;4.14;1.18;Conectado;14209.38;1
10599;72.58;SC;Trifásico;70.2;3.01;0.22;Conectado;17064.59;0
10600;78.84;GM;Trifásico;18.6;3.38;3.25;nan;37938.73;0
10601;71.75;JS;Monofásico;10.6;3.84;9.55;Conectado;19940.53;0
10602;67.66;JS;M;10.6;3.87;4.89;Conectado;19667.79;0
10603;66.94;JS;Monofásico;28.6;5.88;4.6;Conectado;19652.65;0
10604;76.36;GM;Monofásico;15.5;4.43;2.5;Conectado;8061.76;0
10605;64.33;JS;Monofásico;51.4;2.57;0.31;Conectado;9497.51;0
10606;71.06;GM;Trif;42.1;2.99;4.97;Conectado;;0
10607;;JS;Trifásico;84.9;2.71;0.63;Conectado;6132.05;1
10608;59.38;GM;Trifásico;68.4;5.09;0.77;Conectado;14782.03;0
10609;74.48;SC;Trifásico;20.3;2.94;3.53;Conectado;11455.41;0
10610;53.53;SC;Monofásico;5.3;4.27;3.15;Conectado;18901.97;1
10611;77.74;JS;Monofásico;67.7;4.19;0.19;Conectado;8000.8;0
10612;63.25;SC;Monofásico;80.5;2.63;0.73;Conectado;4651.06;0
10613;87.24;JS;Trifásico;66.9;3.46;4.26;Conectado;5809.65;0
10614;57.28;JS;Trifásico;61.5;3.59;7.47;Desconectado;5494.32;0
10615;80.3;JS;Monofásico;24.4;2.54;0.77;Conectado;9927.31;1
10616;89.65;GM;Monofásico;47.5;5.23;3.57;Conectado;16328.12;0
10617;62.63;SC;Trifásico;69.1;3.94;1.76;Conectado;18841.03;0
10618;64.66;SC;Monofásico;19.2;5.07;1.2;Conectado;3415.52;1
10619;63.67;SC;Monofásico;45.8;5.57;5.71;nan;;1
10620;69.17;JS;Trifásico;12.0;3.93;1.99;Conectado;1483.75;1
10621;81.21;GM;Trifásico;50.9;4.1;2.94;Conectado;4167.02;0
10622;68.19;SC;Monofásico;54.9;3.17;2.24;Conectado;12694.78;0
10623;61.55;SC;Monofásico;51.3;4.87;2.58;Conectado;8015.26;1
10624;50.77;JS;Trifásico;45.1;3.76;1.82;Conectado;5772.22;1
10625;94.22;GM;Monofásico;56.2;3.46;1.91;Conectado;4140.1;0
10626;95.17;GM;Monofásico;94.7;3.19;4.78;Conectado;5953.15;1
10627;81.72;SC;Monofásico;59.5;3.86;0.9;Conectado;5791.9;0
10628;65.28;JS;Trifásico;71.7;4.3;3.33;Conectado;11440.15;0
10629;83.97;SC;Monofásico;19.1;3.96;0.78;Conectado;15276.77;1
10630;86.38;SC;Trifásico;50.8;4.17;0.18;Conectado;6039.74;0
10631;71.95;JS;Monofásico;1.7;3.63;5.84;Conectado;9240.55;0
10632;75.5;JS;Monofásico;4.0;4.2;1.32;Conectado;9319.84;0
10633;89.78;JS;Trifásico;31.3;4.18;2.87;Desconectado;11081.94;0
10634;55.31;SC;Trifásico;44.9;4.77;3.55;Desconectado;8064.57;0
10635;86.98;JS;Monofásico;55.1;4.45;3.99;Conectado;11665.36;0
10636;71.29;JS;Monofásico;84.5;3.92;0.64;Conectado;6959.15;0
10637;61.65;SC;Trifásico;73.5;4.13;2.67;Desconectado;21724.19;0
10638;62.64;SC;Trifásico;29.2;2.88;3.57;Conectado;6661.3;0
10639;64.62;JS;Trifásico;70.9;4.82;0.32;Conectado;9929.89;0
10640;60.48;JS;Trifásico;52.6;3.6;0.38;Conectado;8590.7;0
10641;96.26;GM;Monofásico;74.2;3.7;1.13;Conectado;10615.38;0
10642;80.89;SC;Monofásico;39.6;3.42;0.9;Conectado;;0
12187;87.77;JS;Monofásico;9.6;3.09;3.99;Conectado;38327.5;0
10644;81.75;GM;Trifásico;59.1;3.15;2.57;Conectado;6698.91;1
10645;;JS;Trif;53.4;2.94;1.72;Conectado;7577.14;0
10646;75.9;GM;Trifásico;90.6;3.61;0.28;Conectado;4279.61;1
10647;70.23;JS;Monofásico;16.2;4.47;0.3;Conectado;12401.94;1
10648;;JS;Trifásico;62.7;3.78;1.82;Conectado;4561.97;1
10649;58.1;JS;Trifásico;45.6;4.33;5.36;Conectado;20520.11;0
10650;87.98;JS;Trifásico;36.6;4.18;3.73;Conectado;27683.48;0
10651;53.24;SC;Trifásico;75.7;3.44;5.33;Desconectado;14711.68;0
10652;;SC;Monofásico;77.2;4.79;2.08;Desconectado;12007.95;0
10653;99.14;GM;Monofásico;68.2;4.6;0.63;Conectado;5076.71;0
10654;76.63;JS;Monofásico;8.9;4.46;0.08;Conectado;20202.97;1
10655;77.13;JS;Monofásico;33.4;4.13;7.04;Conectado;3361.35;0
10656;82.65;JS;TRIF;5.4;3.53;1.61;Conectado;14488.58;0
10657;56.52;JS;Trifásico;33.3;3.53;4.9;Conectado;6819.59;0
10658;58.27;SC;Monofásico;61.9;3.78;3.3;Conectado;14285.27;1
10659;69.66;JS;Trifásico;49.8;4.9;4.46;Conectado;5645.69;0
10660;64.16;SC;Trifásico;67.1;4.69;0.59;0;3361.68;0
10661;74.1;SC;Monofásico;52.8;2.65;2.84;Conectado;8739.97;1
10662;80.83;JS;Trifásico;53.2;4.01;3.21;Conectado;;1
10663;91.67;SC;Trifásico;49.0;1.81;2.01;Conectado;14920.78;0
10664;84.73;JS;Trifásico;35.2;3.45;4.51;Conectado;18701.5;0
10665;63.07;JS;M;43.0;3.26;11.1;Conectado;8837.61;0
10666;70.5;SC;Trifásico;11.6;4.24;0.03;Conectado;17664.32;0
10667;180.0;JS;Trifásico;79.4;99.0;1.52;Conectado;9929.72;1
10668;62.8;JS;Trifásico;84.6;2.58;3.51;Conectado;4937.61;0
10669;60.07;SC;Trifásico;73.0;3.4;3.23;Conectado;5555.9;1
10670;94.97;JS;Trifásico;55.9;3.79;1.58;Conectado;5420.27;0
10671;75.13;SC;Monofásico;54.5;2.41;4.62;Conectado;6778.5;0
10672;72.31;JS;Trifásico;45.2;4.71;2.81;Conectado;10442.69;0
10673;80.81;JS;Trifásico;22.7;3.64;1.99;Conectado;18259.69;1
10674;81.4;GM;Trifásico;37.1;3.82;0.8;Conectado;17704.97;0
10675;88.43;SC;Trifásico;94.1;4.68;1.14;Conectado;;0
10676;66.08;JS;Trifásico;14.7;3.21;11.29;Conectado;12778.11;0
10677;79.83;JS;Trifásico;52.0;4.99;5.91;Conectado;8568.37;0
10678;64.07;JSS;Monofásico;82.5;3.8;2.97;Conectado;2753.56;0
10679;72.72;JS;Monofásico;43.6;4.43;4.9;Conectado;18148.18;0
10680;75.68;SC;Monofásico;57.9;4.16;0.37;Conectado;14199.38;0
10681;76.85;SC;Trifásico;78.8;4.35;0.78;Conectado;3243.66;0
10682;76.32;SC;Trifásico;52.5;3.86;5.41;Conectado;15742.1;0
10683;84.62;SC;Trifásico;69.8;3.43;1.59;Conectado;13873.8;0
10684;67.84;SC;Monofásico;33.6;5.35;2.23;Conectado;5851.86;0
10685;77.18;SC;Trifásico;69.9;3.78;5.38;Conectado;12537.99;0
10686;65.89;GM;Trifásico;4.9;2.92;1.29;Conectado;27402.86;0
10687;110.05;SC;Trifásico;15.4;4.98;1.64;Desconectado;12502.61;1
10688;64.05;JS;Monofásico;-10.0;3.55;0.3;Conectado;12791.45;0
10689;66.59;JS;Monofásico;43.2;2.42;11.89;Conectado;9672.36;1
10690;85.59;SC;Monofásico;78.9;3.14;9.06;Conectado;15088.29;0
10691;69.85;GM;Trifásico;33.1;2.23;0.88;Conectado;14792.51;0
10692;85.6;JS;Trifásico;73.1;3.18;4.78;Conectado;16436.19;0
10693;76.84;JS;Monofásico;14.1;-1.5;3.34;Desconectado;10861.17;0
10694;70.16;GM;Trifásico;88.4;4.17;0.4;Conectado;8126.63;0
10695;65.97;SC;Trifásico;40.3;3.8;0.06;Conectado;13004.3;0
10696;65.53;JS;Monofásico;22.7;3.34;0.04;Desconectado;19731.88;0
10697;70.29;SC;Monofásico;75.2;3.69;0.17;Conectado;2131.04;0
10698;72.91;GM;Monofásico;90.1;4.69;2.47;Conectado;11944.36;0
10699;65.02;GM;Trifásico;87.3;2.34;1.69;Conectado;28244.36;0
10700;73.69;SC;Trifásico;23.4;6.15;14.33;Conectado;11777.61;0
10701;61.87;JS;Trifásico;64.2;3.09;0.84;Desconectado;24701.81;0
10702;84.07;GM;Monofásico;52.4;3.6;3.23;Conectado;8215.72;0
10703;86.37;SC;Monofásico;69.2;3.67;1.22;Desconectado;13186.66;1
10704;66.55;GM;Monofásico;46.8;3.65;0.26;Conectado;13154.21;0
10705;65.88;JS;Monofásico;45.2;3.26;5.24;Conectado;11519.18;0
11505;77.14;JS;Monofásico;84.0;4.5;1.28;Conectado;40587.59;0
10707;90.18;JS;Trifásico;82.9;4.71;6.22;Conectado;9253.32;0
10708;92.84;JS;Monofásico;75.0;4.56;6.91;1;7634.61;0
10709;58.17;SC;Monofásico;67.3;3.87;4.29;Desconectado;9528.49;0
10710;87.08;GM;Trifásico;64.8;3.33;0.07;Conectado;3056.61;0
10711;74.26;SC;Trifásico;6.3;3.65;8.46;Conectado;13178.95;0
10712;74.49;GM;Monofásico;71.5;3.73;0.33;Desconectado;5140.65;0
10713;81.06;JS;Trifásico;61.0;3.02;6.7;Conectado;2441.26;0
10714;69.23;SC;Monofásico;29.4;3.94;2.33;Conectado;7172.46;0
10715;88.16;GM;M;78.1;5.24;1.18;Conectado;11769.61;0
10716;92.09;SC;Monofásico;79.3;3.66;3.19;Desconectado;7822.66;0
10717;92.54;SC;Trifásico;88.6;4.2;1.77;Conectado;7846.96;0
10718;52.87;SC;Trifásico;40.3;3.27;3.96;Conectado;6303.36;0
10719;72.24;SC;Trifásico;52.8;4.51;1.8;Conectado;33610.95;0
10720;51.78;JS;Trifásico;86.2;3.27;1.15;Conectado;13145.82;0
10721;65.82;GM;Trifásico;30.8;3.47;;Desconectado;12173.53;0
10722;46.23;GM;Trifásico;75.9;4.21;1.09;Conectado;9271.45;1
10723;80.4;JS;Monofásico;94.2;3.01;1.6;Conectado;8517.77;1
10724;77.63;SC;Trifásico;62.3;4.15;0.29;Conectado;10306.78;0
10725;69.81;SC;Monofásico;93.5;4.64;2.71;Conectado;1693.48;1
10726;65.51;SC;Monofásico;49.5;3.93;1.04;Conectado;19401.1;1
10727;78.77;SC;Monofásico;15.4;4.49;2.06;Conectado;18279.08;0
10728;62.86;GM;Trifásico;17.5;2.77;1.87;Conectado;4562.94;0
10729;;JS;Trifásico;69.7;4.16;4.86;Conectado;3810.16;0
10730;60.57;JS;Trifásico;1.1;3.44;4.95;Conectado;8900.84;0
10731;72.55;GM;Monofásico;63.2;4.11;11.32;Conectado;7462.58;0
10732;68.01;SC;Monofásico;15.2;5.07;0.69;Desconectado;21340.0;0
10733;70.39;GM;Trifásico;93.5;1.41;0.09;Conectado;13965.31;0
10734;;JS;Trifásico;16.3;3.3;1.38;Conectado;11184.48;0
10735;86.56;JS;Trifásico;52.9;1.97;5.67;Conectado;11249.98;0
10736;92.41;GM;Trifásico;63.9;2.82;2.29;Conectado;10910.5;0
10737;75.72;JS;Trifásico;78.0;3.42;1.17;Conectado;6721.54;1
10738;79.17;GM;Monofásico;44.2;0.0;3.7;nan;5138.98;0
10739;77.27;GM;Trifásico;88.8;4.45;3.11;Conectado;5134.93;0
10740;54.91;SC;Monofásico;46.1;4.42;3.13;Conectado;4302.88;0
10741;70.56;JS;Monofásico;24.7;4.25;1.81;Conectado;8475.54;1
10742;70.62;SC;Monofásico;56.7;2.73;1.89;Conectado;10661.65;0
10743;68.87;GM;Trifásico;62.9;4.44;2.03;nan;10715.59;0
10744;74.51;JS;Trifásico;48.7;3.26;2.01;Conectado;2209.72;0
10745;72.37;JS;Trifásico;69.9;4.16;0.58;Conectado;12660.9;1
10746;63.16;JS;Monofásico;40.5;3.07;0.71;Conectado;14665.46;0
10747;73.19;JS;Trifásico;1.4;3.66;1.17;Conectado;5360.98;1
10748;67.33;GM;Trifásico;25.9;3.75;4.84;Conectado;13020.09;0
10749;43.57;GM;Trifásico;89.9;4.08;1.55;Conectado;5237.17;0
10750;58.24;GM;Trifásico;72.7;3.13;85.0;Conectado;9030.22;0
10751;76.07;SC;Monofásico;18.8;4.33;3.94;Conectado;16283.22;0
10752;88.1;SC;Trifásico;7.3;2.75;4.94;Conectado;6319.62;0
10753;45.87;JS;Trifásico;34.0;5.16;0.36;Conectado;14286.51;0
10754;64.56;SC;Trifásico;79.6;3.2;0.4;Conectado;2929.33;0
10755;80.18;SC;Trifásico;11.0;2.23;0.68;Conectado;5416.01;0
10756;85.54;GM;Monofásico;52.1;3.74;2.72;Conectado;9287.74;0
10757;69.96;GM;Trifásico;26.9;3.47;1.62;Conectado;2005.36;0
10758;66.81;GM;Trifásico;69.3;3.07;0.47;Conectado;13174.19;0
10759;89.64;GM;Monofásico;1.0;4.88;3.42;Conectado;8213.68;0
10760;84.55;GM;Monofásico;27.1;4.4;1.82;Conectado;11937.23;0
10761;85.3;JS;Trifásico;64.8;4.17;3.28;Conectado;;0
10762;69.38;GM;Trifásico;52.4;3.04;6.01;Conectado;3170.57;0
10763;88.36;SC;Trifásico;74.2;3.38;6.16;Conectado;14540.0;0
10764;51.66;JS;Trifásico;15.8;3.31;0.9;Conectado;7914.03;0
10765;88.57;JS;Trifásico;50.9;2.34;0.43;Conectado;;0
10766;74.2;SC;Trifásico;19.4;4.02;1.42;Desconectado;10016.13;0
10767;76.55;JS;Monofásico;61.1;4.08;0.22;Desconectado;14559.0;1
10768;63.66;JS;Trifásico;13.3;3.9;0.11;Desconectado;8383.41;0
10769;53.23;SC;Monofásico;15.0;3.98;9.55;Conectado;8773.72;0
10770;76.29;GM;Monofásico;31.9;2.89;8.92;Conectado;7249.98;0
10771;81.62;GM;Monofásico;38.8;3.08;1.08;Desconectado;13516.81;0
10772;;JS;Trifásico;47.9;3.55;4.29;Conectado;3343.57;1
10773;82.14;JS;Monofásico;55.6;4.91;0.63;Conectado;10726.2;0
10774;79.42;JS;Monofásico;45.1;4.73;1.35;Conectado;9472.77;0
10775;63.91;JS;Trifásico;5.3;4.21;3.24;Desconectado;1157.01;1
10776;84.21;JS;Trifásico;33.3;5.41;2.0;Desconectado;11346.34;1
10777;62.57;GM;Trifásico;6.8;4.21;4.3;Conectado;;0
10778;88.28;SC;Monofásico;150.0;4.31;9.78;Conectado;10662.49;0
10779;73.99;JS;Trifásico;9.7;4.98;0.02;Desconectado;6552.12;0
10780;74.39;JS;Trifásico;15.9;4.36;6.46;Desconectado;3766.19;0
10781;85.39;SC;Monofásico;77.4;5.12;1.33;Conectado;16108.32;0
10782;87.02;SC;Trifásico;60.0;3.82;1.31;Conectado;24266.22;0
10783;84.25;JS;Monofásico;48.6;3.29;0.0;OK;21155.55;0
10784;65.15;GM;Trifásico;69.8;3.72;4.49;Conectado;9645.3;0
10785;84.15;JS;Monofásico;91.4;3.99;3.56;Conectado;12850.72;1
10786;65.22;JS;Trifásico;40.3;3.08;5.61;Conectado;;1
10787;84.45;JS;Trifásico;35.5;3.23;0.46;Desconectado;7077.3;0
10788;57.9;SC;Monofásico;92.9;3.46;0.61;Conectado;8458.84;0
10789;73.88;JS;Trifásico;73.5;2.92;0.9;Conectado;7691.8;0
10790;65.15;JS;Trifásico;74.0;3.33;1.89;Conectado;20987.02;0
10791;85.44;JS;Monofásico;57.4;4.39;1.06;Conectado;6599.13;0
10792;88.38;SC;Trifásico;48.7;0.0;0.89;Conectado;13644.39;0
10793;77.39;JS;Monofásico;52.8;2.68;0.5;Conectado;21407.28;1
10794;76.99;JS;Trifásico;62.3;4.05;0.43;Conectado;9139.59;0
14486;83.45;JS;Trifásico;36.4;3.74;1.6;Conectado;18394.81;1
10796;88.45;JS;Trifásico;74.5;4.64;1.48;Conectado;15250.06;0
10797;75.45;SC;nan;86.5;0.0;3.84;Conectado;13097.21;0
10798;69.0;JS;Trifásico;54.7;2.81;4.34;Conectado;15366.87;0
10799;82.77;JS;Monofásico;36.9;3.41;3.02;Conectado;21930.49;1
10800;52.7;SC;Monofásico;66.4;2.84;4.45;OFF;11236.11;0
10801;85.92;JS;Trifásico;18.1;2.0;0.29;Desconectado;35824.25;1
10802;66.48;JS;Monofásico;92.0;3.76;1.53;Conectado;40860.1;0
10803;72.12;JS;Monofásico;62.9;4.22;0.84;Desconectado;8095.67;0
10804;85.99;GM;Trifásico;7.4;3.95;0.73;Conectado;5572.96;0
10805;-40.0;SC;Trifásico;50.8;2.77;3.12;Conectado;4215.68;0
10806;82.77;GM;Trifásico;71.5;2.72;4.45;Conectado;4901.53;0
10807;-40.0;GM;Monofásico;27.1;3.97;0.3;Conectado;17194.61;0
10808;;GM;Monofásico;5.8;5.16;0.33;Conectado;23143.61;0
10809;78.74;SC;Trifásico;47.0;4.84;2.55;Conectado;2276.72;0
10810;73.57;SC;Trifásico;79.4;3.57;0.39;Conectado;4089.23;0
10811;76.39;JS;Monofásico;24.6;3.97;3.66;Conectado;20854.9;0
10812;61.6;JS;Trifásico;68.4;4.53;4.41;1;6005.99;0
10813;71.48;SC;Monofásico;39.3;3.68;1.85;Desconectado;17847.12;0
10814;59.54;GM;Trifásico;6.6;2.72;5.98;Conectado;25759.36;1
10815;64.21;JS;Monofásico;29.6;1.54;0.05;Desconectado;11155.04;0
10816;50.96;SC;Monofásico;30.5;3.95;0.64;Conectado;8048.4;0
10817;78.17;JS;Trifásico;86.0;3.64;3.71;Conectado;14477.92;0
10818;95.3;JS;Trifásico;93.3;2.44;7.88;Conectado;9112.02;0
10819;69.53;JS;Trifásico;20.7;2.66;8.08;Conectado;6868.14;0
10820;86.58;SC;Trifásico;41.5;3.59;0.0;Conectado;3891.53;0
10821;88.51;JS;Trifásico;92.8;3.36;2.5;Conectado;12594.11;0
10822;60.61;SC;Monofásico;39.3;4.95;0.07;Conectado;10493.11;0
10823;63.19;GM;Trifásico;33.8;4.94;3.01;Conectado;10064.41;0
10824;86.89;GM;Trifásico;11.3;3.12;3.65;Desconectado;7146.34;0
10825;73.89;JS;TRIF;71.8;5.0;4.87;Conectado;8859.83;1
10826;59.51;GM;Monofásico;43.0;5.09;1.88;Conectado;26787.39;0
10827;67.36;JS;Trifásico;61.0;4.03;4.74;Conectado;11151.43;0
10828;80.04;JS;Monofásico;48.9;3.06;6.44;Conectado;11756.94;1
10829;65.47;SC;Monofásico;17.4;3.9;1.9;Conectado;7370.19;1
10830;41.71;JS;Trifásico;17.6;2.1;1.86;Conectado;14494.35;0
10831;71.14;JS;Trifásico;89.3;3.33;1.76;Desconectado;20195.09;0
10832;72.11;JS;Trifásico;84.6;4.01;1.76;Desconectado;6859.78;0
10833;75.11;SP;Monofásico;58.4;4.11;3.72;Conectado;14296.7;0
10834;90.11;JS;Monofásico;1.1;3.44;0.17;Conectado;11644.46;0
10835;75.64;SC;Monofásico;41.7;3.86;1.51;Desconectado;7007.6;1
10836;77.92;SC;Trifásico;50.9;2.98;1.86;Conectado;6617.18;0
10837;87.67;SC;Trifásico;43.2;4.93;0.6;Conectado;2821.6;0
10838;75.12;GM;Monofásico;88.0;4.96;1.95;Conectado;11893.54;0
13748;100.64;JS;Trifásico;4.8;4.37;1.52;Conectado;11228.67;1
10840;59.84;JS;Trifásico;62.6;3.59;3.34;Conectado;8385.46;0
10841;63.79;JS;Trifásico;30.5;3.14;1.09;Conectado;11533.75;1
10842;82.37;JS;Monofásico;53.6;4.48;7.48;Conectado;10132.66;1
10843;90.05;SC;Trifásico;62.7;3.95;1.33;Conectado;9378.14;0
10844;72.59;JS;Trifásico;42.4;3.0;2.49;Conectado;9830.95;0
10845;62.87;JS;Monofásico;14.9;4.65;0.63;Conectado;20491.09;0
10846;96.13;SC;Monofásico;49.8;3.44;2.92;Desconectado;7064.38;0
10847;180.0;SC;Monofásico;88.7;3.11;1.8;Conectado;;0
10848;79.07;SC;Monofásico;51.4;4.56;1.05;Conectado;5344.88;0
10849;90.77;GM;Trifásico;12.6;3.17;1.07;Conectado;17285.79;1
10850;69.7;SC;Trifásico;78.5;3.9;1.18;Desconectado;12183.24;0
10851;67.53;SC;Monofásico;21.8;99.0;1.44;Conectado;9123.77;1
10852;68.36;JS;Trifásico;35.8;4.75;0.71;Conectado;6819.83;1
10853;85.82;GM;Monofásico;41.3;4.07;0.81;Conectado;13080.82;1
10854;87.72;SC;Trif;32.9;2.86;7.95;Conectado;7351.21;0
10855;75.4;JS;Trifásico;39.0;3.4;0.9;Conectado;8577.96;0
10856;97.6;JS;Trifásico;75.8;5.73;2.46;Desconectado;9177.09;1
10857;75.38;SC;Trifásico;9999.0;4.56;1.06;nan;12773.41;0
10858;90.51;GM;Trifásico;45.2;3.62;4.16;Conectado;4994.51;0
10859;69.82;JS;Trifásico;2.9;2.79;2.98;Conectado;18478.9;1
10860;103.01;JS;Monofásico;48.7;2.28;0.99;Desconectado;7553.95;0
10861;;GM;Trifásico;11.5;4.77;3.15;Conectado;6438.97;1
10862;73.46;GM;Monofásico;27.5;4.79;3.53;Conectado;17472.5;0
10863;92.21;JS;Trifásico;31.5;3.77;0.37;Conectado;13168.01;0
10864;91.61;JS;Trifásico;8.7;3.47;2.16;Conectado;18950.98;0
10865;93.64;SC;Trifásico;34.9;4.71;4.12;Conectado;8347.58;0
10866;-40.0;JS;Monofásico;47.8;2.62;0.13;Conectado;14597.86;0
10867;83.63;GM;Trifásico;41.5;5.4;1.77;Conectado;8129.47;0
10868;81.51;JS;Trifásico;27.4;4.39;4.58;Conectado;5478.46;0
10869;80.65;JS;Monofásico;28.7;2.8;7.63;Desconectado;26815.76;0
10870;77.62;JS;Trifásico;60.6;4.43;2.67;Conectado;16771.08;0
10871;77.97;JS;Trifásico;68.5;3.25;0.99;Conectado;12151.01;0
10872;90.4;JS;Trifásico;55.2;2.73;2.32;Desconectado;14499.74;0
10873;81.47;JS;Trifásico;92.8;4.43;0.07;Conectado;19025.56;0
10874;77.6;SC;Trifásico;89.8;2.92;1.52;Conectado;13457.82;1
10875;88.67;JS;Trifásico;10.3;2.73;3.25;Conectado;9830.32;1
10876;80.02;GM;Trifásico;25.6;4.19;0.09;Conectado;10941.14;0
10877;81.16;JS;Monofásico;82.6;3.72;2.31;Conectado;5755.55;0
10878;97.4;nan;Monofásico;3.8;4.61;2.22;Conectado;12510.87;0
10879;69.79;JS;Monofásico;56.7;3.56;0.53;Conectado;11131.59;0
10880;56.81;JS;Monofásico;90.7;3.49;2.11;Conectado;8163.19;0
10881;75.87;SC;Trifásico;64.8;2.17;1.32;Conectado;8148.56;1
10882;77.57;SC;Monofásico;9.6;4.2;1.63;Desconectado;4423.26;0
10883;83.66;SC;Trifásico;71.3;3.79;0.98;Conectado;19671.33;0
10884;76.29;SC;Monofásico;36.4;4.75;4.16;Conectado;14246.78;1
10885;84.06;SC;3-Fase;87.6;4.41;1.14;Conectado;883.78;1
10886;105.06;JS;Trifásico;27.9;4.07;3.91;Conectado;26023.61;0
10887;84.62;GM;Monofásico;45.5;3.22;0.2;Conectado;11289.7;0
10888;86.73;SC;Monofásico;71.2;3.47;0.82;Conectado;5113.17;0
10889;73.45;GM;Monofásico;25.2;4.24;1.29;OK;7700.77;0
10890;58.38;GM;Trifásico;18.1;3.76;1.3;Conectado;20591.54;0
10891;47.42;JS;Trifásico;1.3;4.93;1.46;Conectado;4351.57;0
10892;68.78;JS;Trifásico;46.9;4.85;2.64;Desconectado;3781.56;0
10893;44.04;SC;Trifásico;88.3;3.6;2.13;Conectado;17240.99;0
10894;81.16;SC;Trifásico;27.5;3.87;1.84;Conectado;8791.26;0
10895;70.41;SC;Trifásico;5.1;3.16;4.55;Conectado;22555.83;0
10896;59.24;SC;Trifásico;9999.0;3.72;0.55;Conectado;18912.74;0
10897;76.57;JS;Trifásico;6.3;4.56;4.92;OFF;12671.96;0
10898;66.14;JS;Monofásico;48.6;3.36;4.17;Conectado;6331.28;0
10899;80.41;JS;M;36.9;3.51;0.54;Desconectado;5414.47;0
10900;83.49;SC;Trifásico;45.7;2.87;2.45;Conectado;16249.36;0
10901;66.58;SC;Trifásico;16.3;3.35;0.63;Conectado;13225.0;1
10902;72.15;JS;Trifásico;9.5;4.29;7.15;Conectado;13101.63;1
10903;77.58;SC;Trifásico;71.4;3.61;1.7;OFF;14417.01;1
10904;58.12;JS;Monofásico;24.1;2.88;0.57;Desconectado;14798.91;0
10905;77.58;JS;Monofásico;76.2;3.97;2.53;Conectado;11820.48;1
10906;57.83;SC;Monofásico;72.3;3.76;3.07;Conectado;11119.37;0
10907;;JS;Trifásico;19.6;4.7;2.32;Conectado;5944.15;1
10908;69.78;SC;Monofásico;86.4;3.69;0.69;Desconectado;5036.31;1
10909;57.76;GM;Trifásico;16.2;3.0;3.32;Conectado;6999.45;1
10910;;GM;Trifásico;75.9;4.57;6.63;Desconectado;21044.85;0
10911;68.55;JS;Trifásico;40.5;3.02;7.6;Conectado;;0
10912;87.82;JS;Monofásico;18.2;2.76;2.84;Conectado;11148.49;1
10913;77.08;SC;Trifásico;89.2;2.97;4.59;Conectado;7992.29;0
10914;63.52;SC;Trifásico;91.5;3.31;9.61;Conectado;7628.92;1
10915;94.79;SC;Monofásico;49.1;2.29;0.11;Desconectado;6417.37;1
11592;82.52;JS;Trifásico;45.1;2.42;1.62;Conectado;22443.71;1
10917;70.96;JS;Trifásico;85.7;4.42;0.86;Conectado;8666.16;0
10918;56.35;SC;Trifásico;57.0;3.66;1.61;Conectado;5359.04;0
10919;69.9;SC;Trifásico;26.0;3.67;6.22;Conectado;4820.59;0
10920;-15.0;JS;Monofásico;41.0;3.75;10.24;Conectado;13088.55;1
10921;79.43;JS;Trifásico;79.6;4.25;5.88;Conectado;8668.5;0
10922;180.0;SC;Trifásico;81.8;3.14;0.55;Conectado;18038.11;0
10923;84.68;JS;Trifásico;89.3;4.25;4.06;Conectado;2247.28;1
10924;55.66;JS;Monofásico;28.1;3.89;4.25;Conectado;10722.03;0
10925;77.5;JS;Trifásico;64.9;3.03;2.17;Conectado;6605.11;0
10926;73.08;nan;Monofásico;7.4;4.29;3.14;Conectado;16907.35;0
11257;107.14;SC;Trifásico;69.2;3.85;5.89;Desconectado;13291.7;0
10928;75.78;JS;Trifásico;53.9;2.96;12.86;Conectado;11208.52;0
10929;67.53;JS;Monofásico;;3.02;0.1;Desconectado;12132.78;0
10930;76.32;JS;Trifásico;62.5;4.18;0.74;Conectado;11436.43;0
10931;74.9;JS;Trifásico;13.7;4.61;6.82;Desconectado;2165.26;1
10932;51.13;SC;Trifásico;32.4;4.03;1.0;Conectado;8310.03;0
10933;79.9;JS;Trifásico;38.7;4.51;0.28;Conectado;17933.31;0
10934;71.27;SC;Trifásico;74.1;4.79;0.94;Conectado;9183.1;1
10935;74.68;JS;Monofásico;30.0;3.62;1.83;Conectado;6384.12;0
10936;64.52;JS;Monofásico;5.6;3.93;1.22;Conectado;7746.74;0
10937;61.87;JS;Trifásico;18.0;4.34;3.88;Desconectado;17486.13;0
10938;85.55;JS;Trifásico;;2.88;2.36;Conectado;1650.36;0
10939;88.3;SC;Monofásico;2.4;4.63;1.43;Conectado;14931.14;0
10940;80.02;JS;Trifásico;75.5;4.89;14.75;Desconectado;15996.78;0
10941;53.27;GM;Trifásico;85.7;3.21;5.43;Desconectado;14078.11;0
10942;80.8;JS;Monofásico;47.6;6.1;4.96;Conectado;4949.85;0
10943;53.45;JSS;Monofásico;67.5;4.44;2.09;Conectado;7375.33;0
10944;67.07;JS;Monofásico;44.5;3.68;3.78;Conectado;10717.08;0
10945;85.39;SC;Monofásico;30.0;2.14;1.02;Conectado;8906.46;1
10946;82.89;JS;Monofásico;-10.0;3.73;1.0;Desconectado;;0
10947;80.48;JS;Trifásico;9999.0;4.14;-5.0;Conectado;5837.74;0
10948;90.75;JS;Monofásico;88.4;4.05;2.27;Conectado;17327.57;0
10949;81.72;JS;Trifásico;84.7;2.75;1.05;Conectado;15319.47;0
10950;50.77;GM;Trifásico;87.4;3.27;4.67;Conectado;;0
10951;70.57;SC;Trifásico;91.8;4.34;1.46;Conectado;5033.83;0
10952;74.5;SC;Monofásico;16.5;4.27;1.28;Conectado;4009.1;0
10953;73.1;SC;Trifásico;14.8;4.55;0.07;nan;7506.62;0
10954;67.59;SC;Monofásico;41.2;3.89;2.84;Desconectado;13095.84;0
10955;62.64;JS;Monofásico;65.8;3.77;1.9;Conectado;5731.81;0
10956;;SC;Trifásico;42.3;4.21;0.93;Conectado;15121.95;1
10957;70.34;JS;Monofásico;84.9;3.88;0.38;Conectado;10631.32;0
10958;103.22;JS;Monofásico;68.4;2.58;0.5;Conectado;3800.78;1
10959;61.3;SC;Monofásico;60.6;5.02;0.64;Conectado;6499.15;0
10960;82.88;SC;Trifásico;7.7;4.54;5.01;Conectado;7748.26;1
10961;77.76;SC;Monofásico;17.5;4.14;1.64;Conectado;9566.75;0
10962;63.94;SC;Monofásico;41.2;2.71;2.97;Conectado;6396.19;0
10963;69.39;JS;Trifásico;92.8;4.47;1.55;0;22305.45;0
10964;74.82;JS;Trifásico;32.4;3.45;1.6;Conectado;18736.28;0
10965;64.87;JS;Trifásico;60.2;4.46;4.32;Conectado;14339.6;0
10966;71.93;SC;Monofásico;94.0;4.24;3.69;Conectado;9493.61;0
10967;46.62;GM;Trifásico;25.8;3.53;0.66;Conectado;15994.43;0
10968;83.54;JS;Trifásico;16.7;4.64;2.46;Conectado;15927.69;0
10969;89.73;JS;Monofásico;52.4;2.85;;Conectado;6088.99;0
10970;80.45;JS;Trifásico;52.9;3.84;1.3;Conectado;10621.07;0
10971;102.17;GM;Monofásico;87.7;5.13;0.18;Conectado;11796.54;0
10972;83.19;SC;Trifásico;3.5;4.19;1.16;Desconectado;13042.89;0
10973;88.71;JS;Mono;39.3;4.53;1.11;Conectado;14896.19;0
10974;89.86;GM;Trifásico;30.4;3.86;2.93;Conectado;13378.96;0
10975;41.99;GM;Monofásico;54.7;3.78;4.15;Conectado;23461.1;0
10976;80.08;JS;Monofásico;1.9;2.82;1.26;Conectado;21050.31;0
10977;58.4;GM;Monofásico;67.8;3.68;2.59;Desconectado;7987.52;0
10978;;JS;Monofásico;46.6;4.34;2.57;Conectado;14562.19;1
10979;62.92;JS;Trifásico;66.9;2.92;2.61;Conectado;13302.25;0
10980;71.25;JS;Trifásico;43.1;3.03;2.02;Conectado;8439.74;0
10981;82.81;GM;Trifásico;45.6;4.14;2.48;Conectado;13979.48;0
10982;80.21;SC;Monofásico;85.2;4.46;5.06;Conectado;9030.26;0
10983;74.85;JS;Monofásico;20.8;5.41;6.37;Conectado;15304.3;0
10984;83.67;GM;3-Fase;21.4;3.58;0.24;Conectado;20597.41;1
10985;84.4;JS;Monofásico;53.6;3.6;0.03;Conectado;6254.62;1
10986;80.31;SC;Monofásico;63.1;4.47;1.83;Conectado;15510.89;0
10987;54.31;SC;M;34.3;4.26;1.33;Conectado;4349.03;0
10988;66.13;JS;Monofásico;49.8;3.59;1.5;Conectado;12138.02;1
10989;75.32;JS;Trifásico;22.4;3.78;1.53;Conectado;11428.88;0
10990;83.8;GM;Monofásico;13.8;3.3;5.64;Desconectado;;0
10991;59.06;JS;Trifásico;23.4;2.88;2.53;Desconectado;11718.67;0
10992;74.86;SC;Trifásico;87.1;3.69;1.46;Conectado;1915.19;0
10993;56.21;SC;Trifásico;76.4;5.02;1.52;Conectado;4788.81;1
10994;87.31;SP;Monofásico;14.2;3.23;4.65;Conectado;10217.43;0
10995;77.91;JS;Monofásico;5.4;2.65;0.61;Conectado;6039.67;0
10996;58.85;JS;Trifásico;9.8;3.0;0.04;Conectado;11127.38;0
10997;58.77;JS;Monofásico;28.6;4.23;1.63;Desconectado;14349.84;0
10998;79.65;GM;Monofásico;77.3;4.14;8.08;Conectado;17184.35;0
10999;250.0;JS;Monofásico;31.2;-1.5;4.21;Conectado;9827.64;0
11000;61.84;JS;Trifásico;18.5;4.65;1.31;Conectado;15842.37;1
11001;84.44;GM;Trifásico;38.2;4.04;0.48;Conectado;;1
13050;68.49;SC;Monofásico;12.7;4.32;2.11;Conectado;11879.32;0
11003;84.88;JS;Trifásico;9999.0;3.2;5.29;Conectado;3601.86;1
11004;83.2;GM;Trifásico;;4.35;3.16;Conectado;8701.16;1
11005;76.86;SC;Trifásico;35.7;3.71;1.94;Conectado;5158.44;0
11006;52.99;JS;Trifásico;17.3;4.48;3.32;Desconectado;14556.88;0
11007;83.17;JS;Trifásico;43.6;4.13;8.36;Conectado;7661.81;0
11008;81.02;SC;Monofásico;72.7;3.42;2.01;nan;3038.94;0
11009;79.93;SC;Trifásico;8.2;2.92;2.03;Conectado;30757.35;0
11010;;JS;Trifásico;7.7;3.4;1.63;Conectado;4554.74;0
11011;64.45;JS;Trifásico;30.9;3.95;2.09;Conectado;2707.64;0
11012;88.0;JS;Monofásico;40.0;0.0;2.52;Conectado;2361.91;0
11013;85.78;SC;M;21.3;3.68;0.57;Conectado;8388.48;0
11014;62.09;JS;Monofásico;3.5;4.67;2.1;Conectado;5867.02;0
11015;90.77;JS;Trifásico;21.6;4.74;0.03;Conectado;7655.45;1
11016;76.58;SC;Trifásico;41.9;4.18;6.95;Conectado;12205.01;0
11017;76.55;SC;Monofásico;8.5;4.89;0.1;Conectado;16902.55;0
11018;72.88;SC;Trif;68.3;2.79;7.93;Conectado;9457.22;0
11019;74.06;JS;Monofásico;52.9;4.84;8.68;Conectado;4696.85;1
11020;91.45;JS;Trifásico;41.8;2.71;1.87;Conectado;9743.98;0
11021;87.4;JS;Trifásico;49.8;3.81;1.01;Conectado;8124.04;1
11022;87.14;GM;TRIF;62.6;3.15;0.51;Conectado;3368.87;1
11023;77.21;SC;Monofásico;94.5;4.39;0.44;Conectado;7910.07;0
11024;85.67;JS;Trifásico;73.9;2.55;0.68;Conectado;14917.32;1
11025;64.99;JS;Trifásico;51.8;2.39;1.62;Desconectado;11497.47;0
11026;82.0;SC;Trifásico;73.4;3.28;3.4;Desconectado;5435.09;0
11027;73.16;SC;Trifásico;45.7;3.22;1.27;Desconectado;;1
11028;50.28;JS;Trifásico;30.2;3.34;3.8;Conectado;7846.71;0
11029;55.97;GM;Trifásico;25.6;3.26;2.08;Conectado;19874.62;0
11030;67.04;SC;Monofásico;150.0;4.35;0.05;Conectado;5174.77;0
11031;79.98;SC;Trifásico;1.2;3.73;0.35;Conectado;18140.97;0
11032;67.06;GM;Trifásico;17.6;5.04;2.12;Desconectado;12157.61;1
11033;67.91;SC;Trifásico;12.9;3.98;0.44;Conectado;18356.76;0
11034;84.16;SC;Trifásico;91.3;4.51;2.34;Conectado;;0
11035;;GM;Monofásico;7.1;4.26;1.47;Conectado;;1
11036;250.0;JS;Trifásico;48.1;3.08;2.93;Conectado;5034.78;1
11037;88.98;JS;Monofásico;87.5;3.38;0.86;Conectado;15500.83;0
11038;75.26;GM;Trifásico;58.1;4.6;4.31;Conectado;6551.85;0
11039;84.04;SP;Monofásico;47.6;2.38;1.23;Conectado;28545.14;0
11040;82.41;GM;Trifásico;70.8;4.19;3.98;Conectado;12533.25;1
11041;72.05;JS;Trifásico;34.2;3.66;0.05;Conectado;12239.86;0
11042;85.34;SC;Monofásico;19.2;3.2;1.25;Conectado;9895.42;0
11043;87.11;JS;Trifásico;80.6;3.59;0.62;Conectado;17316.69;0
11044;63.57;SC;TRIF;6.3;5.1;1.47;Conectado;20025.45;0
11045;76.84;JS;Monofásico;76.9;2.42;7.33;Conectado;19704.91;0
11046;76.71;JS;Trifásico;10.7;2.83;0.43;Conectado;15496.85;0
11047;85.2;JS;Trifásico;59.8;2.25;0.23;Conectado;19111.19;0
11048;69.67;SC;Trifásico;45.8;3.45;0.15;Conectado;;0
11049;67.83;JS;Monofásico;94.9;3.3;0.33;Conectado;13924.34;0
11050;77.03;JS;Monofásico;37.5;3.93;0.16;Conectado;7064.4;0
11051;89.18;JS;Trifásico;91.0;3.42;2.89;Conectado;13772.81;0
11052;60.61;JS;Trifásico;39.0;4.16;0.31;Desconectado;5980.16;0
11053;62.7;GM;Trifásico;65.1;3.17;0.55;Conectado;12986.55;0
11054;68.75;JS;Trifásico;61.5;5.48;2.59;Conectado;11812.19;1
11055;70.89;JS;Monofásico;9.1;4.29;1.48;Desconectado;22675.47;0
12663;53.81;GM;Trifásico;70.9;4.21;0.14;Desconectado;7784.42;1
11057;92.98;SC;Trifásico;20.6;4.3;8.82;Conectado;8431.61;0
11058;73.44;SC;Monofásico;-5.0;2.96;2.29;Conectado;11353.86;0
11059;71.64;SC;Monofásico;74.5;3.6;2.38;Conectado;4647.57;0
11060;94.47;GM;Monofásico;89.8;3.64;4.79;Conectado;6435.18;1
11061;83.61;JS;Monofásico;53.6;3.42;5.99;Conectado;15898.04;0
11062;68.57;GM;Monofásico;49.8;3.52;0.15;Desconectado;17843.84;0
11063;76.98;GM;Trifásico;48.5;;0.18;Conectado;15853.7;1
11064;74.5;SC;Trifásico;77.8;3.75;3.75;Conectado;14659.09;1
11065;92.38;SC;Trifásico;94.4;4.04;2.98;Conectado;6685.25;0
11066;72.99;SC;Trifásico;60.6;2.45;0.61;Conectado;7851.08;1
11067;57.7;JS;Monofásico;36.6;2.4;0.97;Conectado;2875.75;0
11068;52.47;JS;Trifásico;21.6;3.04;2.36;Desconectado;27301.93;0
11069;92.7;GM;Trifásico;19.7;5.11;3.89;Conectado;5396.54;0
11070;65.54;SC;Trifásico;9999.0;5.41;2.31;Conectado;19603.63;0
11071;83.04;JS;Trifásico;94.3;4.59;3.93;Conectado;14184.99;0
11072;75.86;SC;Monofásico;66.6;3.48;0.65;Conectado;12004.9;0
11073;70.0;SC;Monofásico;90.8;4.14;1.01;Conectado;34365.05;0
10493;71.88;JS;Trifásico;33.9;4.81;0.27;Conectado;12674.66;0
11075;94.0;SC;Trifásico;60.0;5.28;10.47;Conectado;9825.67;1
11076;57.62;SC;Monofásico;49.1;2.88;4.14;Conectado;6524.36;0
11077;70.36;JS;Monofásico;46.3;3.96;3.15;Conectado;22603.91;0
11078;85.88;GM;Trifásico;60.4;3.54;;Conectado;8329.43;0
11079;59.6;JS;Monofásico;30.2;4.27;;Conectado;10234.27;0
11080;;JS;Monofásico;150.0;3.84;4.96;Conectado;;0
11081;85.71;JS;Monofásico;64.2;3.0;4.16;Conectado;8215.75;0
11082;;SC;Monofásico;79.6;4.12;3.51;Conectado;13462.2;0
11083;68.96;JS;Monofásico;69.7;3.24;1.22;Conectado;17730.03;0
11084;58.06;JS;Trifásico;31.1;3.77;3.64;Desconectado;12934.21;0
14918;83.48;GM;Monofásico;43.4;3.81;1.66;Conectado;12753.21;0
11086;107.98;JS;Monofásico;12.3;5.15;1.3;Conectado;13845.36;1
11087;76.75;SC;Monofásico;25.2;4.06;8.37;Conectado;7396.92;0
11088;53.09;SC;Monofásico;50.0;3.73;0.4;Conectado;10765.93;0
11089;80.49;GM;Trifásico;10.5;4.38;5.0;Conectado;10299.49;1
11090;85.32;SC;Trifásico;54.6;3.09;0.97;Conectado;12459.47;0
11091;63.99;JS;Trifásico;37.7;3.88;1.82;Desconectado;7265.3;0
11092;67.25;JS;Monofásico;4.3;4.31;1.13;Conectado;26803.79;1
11093;66.03;GM;Trifásico;41.8;4.27;1.75;Desconectado;11628.83;0
11094;;GM;Trifásico;27.4;3.38;4.26;Conectado;24591.11;0
11095;72.93;JS;Trifásico;7.3;4.09;0.51;Desconectado;13259.63;0
11096;64.67;SC;Monofásico;28.6;4.34;3.51;Conectado;1771.99;0
11097;60.17;JS;Monofásico;28.6;3.08;1.48;Conectado;11276.49;0
11098;77.09;GM;M;34.4;3.32;6.83;Conectado;8205.11;0
11099;72.81;GUARAMIRIM;Monofásico;35.4;3.54;1.98;Conectado;5212.01;0
11100;69.77;GM;Trifásico;41.4;5.66;0.11;Conectado;25683.05;0
11101;76.0;GM;Monofásico;9.6;3.2;6.03;Conectado;10261.78;1
11102;56.76;GM;Trifásico;1.5;4.06;6.46;Conectado;20963.41;1
11103;78.16;JS;Trifásico;70.2;3.52;0.5;Conectado;13889.1;0
14306;70.01;GM;Monofásico;32.7;3.05;9.0;Conectado;16945.57;1
11105;77.87;SC;Monofásico;58.7;;1.48;Conectado;48365.39;0
11106;79.8;GM;Monofásico;29.9;2.67;6.15;Conectado;8628.3;0
11107;88.57;SC;Trifásico;93.5;4.95;1.13;Conectado;3796.4;0
11108;76.24;JS;Trifásico;30.6;2.97;0.06;Conectado;7796.54;0
11109;87.8;SC;Trifásico;57.9;3.27;3.96;0;8597.08;0
11110;71.14;SC;Trifásico;21.7;4.26;5.42;Conectado;5880.04;0
11111;71.71;JS;Trifásico;49.7;4.4;0.44;Conectado;14190.2;0
11112;73.91;JS;Trifásico;55.5;3.99;2.02;Conectado;14189.73;0
11113;84.29;SC;M;18.2;3.37;4.45;Conectado;4780.98;0
11114;82.57;JS;Monofásico;12.6;2.53;1.55;Conectado;10087.88;1
11115;76.62;JS;Monofásico;92.5;3.73;3.88;Conectado;15102.97;0
11116;60.27;SP;Monofásico;85.0;3.12;2.54;1;5885.87;0
11117;82.36;GM;Monofásico;63.0;5.73;3.19;Conectado;5022.85;0
14323;64.66;SC;Trifásico;81.9;3.91;6.28;Conectado;16442.8;0
11119;;JS;Monofásico;10.0;2.77;1.35;Conectado;5583.24;1
11120;61.34;SC;Trifásico;69.6;3.53;3.68;Conectado;6382.84;0
11121;74.0;SC;Trifásico;27.8;4.41;3.12;Conectado;3590.43;0
11122;89.54;JS;Trifásico;51.7;4.73;1.45;Conectado;;0
11123;63.42;JS;Trifásico;72.9;3.55;1.2;Conectado;20757.95;0
11124;95.14;SC;Monofásico;4.1;3.71;5.33;Desconectado;4252.85;0
11125;85.92;JS;Trifásico;66.3;4.25;0.57;Conectado;12348.84;0
11126;57.42;SC;Monofásico;41.9;3.05;0.96;Conectado;18128.75;1
11127;70.41;JS;Monofásico;42.3;4.08;9.17;Conectado;18857.46;0
11128;62.52;JS;TRIF;86.3;4.03;0.81;Conectado;14077.27;0
11129;82.98;GM;Trifásico;81.8;4.23;5.15;Conectado;8754.31;0
11130;63.14;JS;Monofásico;6.4;3.77;1.16;Desconectado;9246.61;0
11131;55.55;SC;Trifásico;59.1;2.55;2.0;Conectado;6041.79;0
11132;71.09;JS;Trifásico;42.0;3.98;1.27;Desconectado;4529.89;1
11133;89.03;JS;Monofásico;12.1;3.1;0.63;Conectado;23184.41;0
11134;72.69;JS;Monofásico;81.0;5.18;2.94;Conectado;15154.56;0
11135;79.78;JS;Monofásico;7.7;5.2;8.5;Conectado;8514.83;0
11136;80.25;JS;Trifásico;4.0;2.88;5.58;Conectado;4717.07;0
11137;56.85;JS;Trifásico;19.6;3.12;10.55;Conectado;6653.83;0
11138;64.21;SC;Trifásico;29.5;1.95;2.94;Desconectado;21799.52;0
11139;75.08;SC;Trifásico;6.7;4.39;0.09;Conectado;8741.45;1
11140;68.31;JS;Trifásico;61.3;3.34;2.02;Conectado;12246.45;0
11141;95.45;GM;Trifásico;42.1;4.02;2.44;Conectado;7097.89;0
11142;60.26;JS;Monofásico;39.7;3.37;0.32;Conectado;22859.49;1
11143;64.09;JS;Monofásico;14.7;2.52;4.41;Conectado;3202.47;1
11144;-40.0;SC;Monofásico;42.2;3.97;3.27;Conectado;7298.01;0
14993;67.47;JS;Monofásico;37.7;4.83;1.49;Conectado;16149.95;0
11146;40.3;JS;Trifásico;37.1;3.78;0.86;Conectado;21077.95;0
11147;98.22;JS;Trifásico;21.5;2.98;0.63;Desconectado;7654.97;0
11148;62.11;GM;Monofásico;9.9;3.68;8.34;Desconectado;16321.09;0
11149;81.73;SC;Monofásico;25.5;4.21;4.05;Conectado;22373.8;0
11150;59.96;JS;Trifásico;63.7;3.64;2.96;Conectado;;1
11151;64.64;JS;Trifásico;7.9;2.92;7.41;Conectado;4403.73;0
11152;55.52;GM;Monofásico;36.9;5.42;0.57;Conectado;23553.99;0
11153;66.11;SC;Trifásico;49.4;2.59;4.87;Conectado;16245.13;0
11154;67.27;JS;Trifásico;91.5;5.62;2.19;Desconectado;18879.15;0
11155;73.41;JS;Trifásico;80.3;3.73;6.76;Conectado;16369.94;0
11156;70.53;JS;Monofásico;87.2;;2.7;Conectado;27960.68;0
11157;57.7;SC;Trifásico;78.1;3.97;3.38;OFF;12932.17;0
11158;68.71;GM;Monofásico;56.4;3.1;0.63;Desconectado;12255.73;0
11159;92.36;JS;Trifásico;81.9;4.86;1.06;Conectado;24773.09;1
11160;90.94;GUARAMIRIM;Trifásico;54.1;4.29;0.9;Conectado;2205.95;0
11161;80.47;GM;Monofásico;34.6;3.72;2.96;Conectado;28251.95;0
11162;82.96;SC;Trifásico;36.0;4.38;1.32;Conectado;6613.03;0
11163;99.73;SC;Trifásico;54.2;3.69;4.91;Conectado;13167.34;0
11164;81.85;JS;Trifásico;77.1;2.04;0.6;Conectado;8593.25;0
11165;82.73;SC;Monofásico;13.6;2.43;3.97;0;3650.78;1
11166;56.23;SC;Trifásico;4.7;3.78;4.19;Desconectado;14915.7;0
11167;61.65;JS;Trifásico;75.2;3.55;2.47;Conectado;9934.52;0
11168;74.61;GM;Monofásico;61.9;3.73;0.4;Conectado;29540.35;1
11169;65.31;GM;Trifásico;78.2;3.53;0.99;Conectado;18260.81;0
11170;63.02;SC;Trifásico;92.8;2.9;1.27;Conectado;12041.03;1
11171;64.41;SC;Monofásico;24.6;2.69;1.57;Conectado;11826.98;0
11172;57.92;JS;Trifásico;19.3;3.12;3.34;Desconectado;11345.01;1
11173;65.5;JS;Trifásico;33.1;4.4;1.03;Conectado;13371.09;0
11174;79.07;JS;Monofásico;83.5;3.15;0.05;Conectado;4364.37;0
11175;96.56;SC;Monofásico;2.3;4.63;5.03;Conectado;8070.34;0
11176;84.56;JS;Trifásico;2.0;2.97;1.42;Conectado;13280.18;0
11177;82.63;GM;Trifásico;21.4;4.75;0.83;Desconectado;7040.05;0
11178;55.52;JS;M;36.3;3.39;4.28;Conectado;2809.83;0
11179;76.43;SC;Trifásico;29.4;3.55;5.28;Conectado;11118.31;0
11180;74.2;SC;Trifásico;78.5;3.56;3.28;Conectado;;0
11181;78.49;SC;Trifásico;65.8;4.27;1.09;Conectado;8106.08;0
11182;70.67;GM;Monofásico;79.8;4.0;0.66;Desconectado;11080.19;0
11183;;GM;Trifásico;37.1;3.91;3.12;Conectado;33970.2;0
11184;75.63;JS;Monofásico;500.0;3.74;0.15;Conectado;15669.59;0
11185;76.8;JS;Monofásico;49.5;3.34;1.24;Conectado;15864.41;1
11186;51.45;JS;Trifásico;45.6;4.68;3.56;Conectado;3914.7;0
11187;73.72;SC;Trifásico;28.1;3.87;2.2;Conectado;13553.08;0
11188;88.79;JS;Monofásico;67.7;4.26;3.31;Conectado;14379.33;0
11189;81.67;SC;Trifásico;50.3;3.96;2.13;Conectado;29229.11;0
11190;;JS;Trifásico;8.4;3.46;0.69;Conectado;9725.41;0
11191;69.6;SC;Monofásico;1.0;5.72;1.65;Conectado;3061.08;0
11192;95.78;SC;Trifásico;2.9;4.78;3.71;Conectado;9887.32;0
11193;73.19;SC;Trifásico;8.1;3.37;0.65;Conectado;6509.18;0
11194;78.87;SC;Trifásico;35.9;5.44;8.24;Conectado;3770.64;0
11195;94.43;JS;Trifásico;29.7;4.54;0.57;Conectado;7284.95;0
11196;73.14;JS;Trifásico;15.7;2.93;0.04;Conectado;18159.42;0
11197;84.49;SC;Monofásico;49.5;4.51;3.76;Conectado;10476.06;0
11198;79.94;JS;Monofásico;92.2;4.13;6.59;Conectado;22829.9;0
11199;82.5;GM;Trifásico;16.1;3.93;0.71;Conectado;3747.99;0
11200;79.55;GM;Trifásico;24.6;4.61;0.42;Conectado;7319.72;0
11201;68.43;GM;Trifásico;44.4;4.07;0.63;Conectado;1813.85;0
11202;69.63;JS;Trifásico;61.2;2.19;2.47;Conectado;4529.48;1
11203;;SC;Trifásico;57.4;2.72;2.16;Conectado;8635.84;0
11204;55.32;JS;Trifásico;9999.0;3.12;2.43;Conectado;4340.06;0
11205;89.93;JS;Monofásico;70.3;5.4;0.02;Conectado;4443.28;0
11206;75.12;JS;Trifásico;80.5;4.32;0.43;Conectado;17348.33;0
11207;89.33;JS;Trifásico;94.9;4.23;0.7;Conectado;7123.26;0
11208;93.78;JS;Trifásico;44.8;3.89;2.99;Conectado;5296.38;0
11209;75.64;JS;Trifásico;9999.0;3.06;2.35;Desconectado;15009.31;0
11210;59.24;GM;Monofásico;69.7;2.64;2.44;Desconectado;4855.48;0
11211;72.65;JS;Trifásico;62.8;4.6;2.11;Desconectado;25411.75;1
11212;66.95;GM;Monofásico;61.1;5.13;3.41;Conectado;3501.16;0
11213;51.24;JS;Trifásico;86.6;4.34;7.11;Conectado;7344.54;0
11214;68.98;JS;Monofásico;90.1;3.41;2.8;Desconectado;11505.99;0
11215;74.14;SC;Monofásico;17.8;3.47;3.42;Conectado;6800.92;0
11216;67.28;SC;Trifásico;47.4;4.35;2.34;Conectado;2435.15;0
11217;65.74;JS;Trifásico;89.5;3.71;3.99;Conectado;10055.34;0
11218;59.67;JS;Monofásico;36.9;3.67;7.16;Conectado;9332.65;0
11219;77.35;JS;Trifásico;22.9;3.37;2.32;Conectado;11330.27;0
11220;97.43;JS;Monofásico;10.6;3.27;0.5;Conectado;1329.15;0
11221;90.34;SC;Trifásico;57.1;3.7;3.68;Conectado;13960.63;1
11222;82.84;SC;Trifásico;66.8;2.53;2.63;Conectado;19424.32;0
11223;83.1;JS;Trifásico;19.4;4.3;6.78;Conectado;;1
11224;320.0;GM;Monofásico;64.3;2.31;0.79;Desconectado;23805.15;0
11225;53.35;JS;Trifásico;85.6;4.65;8.77;Conectado;3982.02;0
11226;70.57;SC;Trifásico;23.9;3.38;2.01;Desconectado;11280.54;0
11227;63.37;SC;Trifásico;12.5;3.7;8.31;Desconectado;3078.53;0
11228;;GM;Trifásico;79.5;4.25;3.83;Conectado;27316.12;0
11229;89.8;JS;Trifásico;87.1;3.57;5.02;Conectado;7951.01;0
11230;98.68;SC;Trifásico;21.2;3.21;0.98;Conectado;16435.02;0
11231;75.78;JS;Monofásico;68.8;4.03;0.62;Conectado;9757.31;0
11232;54.99;SC;Monofásico;56.5;5.56;2.45;Conectado;15082.2;0
11233;75.75;JS;M;23.5;4.43;1.17;Conectado;19238.59;0
11234;76.08;JS;Trifásico;78.4;3.19;10.65;Desconectado;11965.05;0
11235;83.15;GM;Trifásico;45.2;3.52;1.71;Desconectado;14292.74;0
11236;74.77;JS;Monofásico;66.8;3.42;0.29;Conectado;30128.46;0
11237;75.8;GM;Trifásico;29.3;2.97;1.73;Conectado;7311.68;0
11238;;GM;Trifásico;77.7;4.28;1.91;Conectado;40849.01;0
11239;71.26;SC;Trifásico;25.8;3.54;0.01;Conectado;5554.9;1
11240;81.16;JS;Monofásico;35.3;4.05;0.7;Conectado;8182.04;0
11241;50.9;JS;Monofásico;37.8;1.71;0.0;Conectado;20389.19;0
11242;71.19;GM;Trifásico;20.4;4.35;2.06;Conectado;16999.49;0
11243;83.25;JS;Trifásico;83.2;3.33;0.86;Conectado;12739.07;0
11244;94.69;SC;Trifásico;11.7;3.0;0.48;Desconectado;12746.82;0
11245;70.22;SC;Trifásico;53.9;2.73;4.56;Conectado;6707.79;1
11246;89.22;GM;Trifásico;77.5;3.06;0.08;Conectado;15604.97;1
11247;95.28;SC;Monofásico;55.6;3.46;2.94;Conectado;7858.83;0
11248;70.38;SC;Trifásico;;4.51;2.13;Desconectado;10312.94;0
11249;68.3;JS;Monofásico;74.4;3.45;3.69;Desconectado;18997.51;0
11250;72.82;JS;Trifásico;47.9;4.59;0.35;Conectado;17622.31;0
11251;74.02;JS;Monofásico;16.3;4.03;5.13;Desconectado;27913.87;0
11252;88.09;GM;Trifásico;30.8;5.26;0.97;Conectado;12882.5;0
11253;65.72;SC;Trifásico;56.6;3.4;0.02;Conectado;9924.63;0
11254;93.46;SC;Monofásico;62.9;4.13;2.67;Conectado;;0
11255;65.39;SC;Trifásico;52.5;4.8;4.9;Conectado;13364.16;0
11256;59.83;SC;Trifásico;26.6;4.3;1.09;Conectado;2542.27;1
11257;81.29;JS;Monofásico;56.8;3.66;1.87;Conectado;13054.8;0
11258;89.77;JS;Trifásico;32.3;3.41;1.33;Conectado;3487.48;0
11259;77.14;JS;Trifásico;22.1;2.25;0.11;Conectado;7440.81;0
11260;80.22;SC;Monofásico;89.9;3.61;3.5;Conectado;4968.67;0
11261;98.45;JS;Monofásico;30.6;3.06;7.1;Conectado;;1
11262;89.94;SC;Monofásico;32.5;3.37;1.36;Conectado;6480.84;0
11263;75.37;SC;TRIF;85.3;3.84;0.39;Conectado;17585.46;0
11264;69.83;JS;Monofásico;14.4;2.55;1.76;Conectado;5750.62;0
11265;88.14;JS;Monofásico;56.0;3.01;5.88;Conectado;676.91;1
11266;84.95;JS;Monofásico;74.7;4.11;2.33;Conectado;7551.78;1
11267;80.02;JS;Monofásico;26.7;2.79;0.6;Conectado;13113.99;0
11268;71.08;SC;Trifásico;80.3;3.76;2.01;Conectado;15906.32;0
11269;74.08;JS;Trifásico;73.3;2.68;0.99;Desconectado;20333.99;0
11270;73.23;SP;Monofásico;46.7;4.22;0.06;Conectado;10883.93;1
11271;71.28;SC;Monofásico;12.2;4.33;6.12;Conectado;8847.84;1
11272;67.79;JS;Trifásico;92.2;4.79;3.96;Conectado;7518.82;1
11273;;SCH;Monofásico;59.7;4.8;6.45;Conectado;10271.89;0
11274;67.24;SC;Monofásico;49.6;4.02;2.87;Conectado;7459.3;0
11275;77.13;SC;Monofásico;84.2;;1.49;Desconectado;24300.2;0
11276;49.8;JS;Monofásico;40.6;3.8;1.7;Conectado;9017.67;1
11277;67.8;JS;Monofásico;54.0;4.17;0.57;Conectado;16737.05;0
11278;88.18;JS;Monofásico;81.7;3.9;1.22;Conectado;19742.32;0
11279;64.19;JS;Monofásico;37.9;5.13;0.45;Conectado;18988.15;0
11280;82.11;SC;Trifásico;73.6;4.84;1.6;Conectado;15677.14;0
11281;65.19;SC;Trifásico;25.1;3.82;2.6;Conectado;12200.58;0
11282;84.31;GM;Trifásico;67.0;4.4;0.74;Conectado;2967.84;0
11283;71.43;JS;Trifásico;49.0;2.63;7.2;Conectado;23687.63;0
11284;70.96;JS;Trifásico;16.5;3.95;2.6;Conectado;8854.92;0
11285;75.65;SC;Monofásico;13.8;2.79;0.62;Conectado;13205.81;0
11286;58.88;JS;Monofásico;44.0;3.66;0.46;Conectado;13162.1;0
11287;86.67;JS;Trifásico;67.8;3.26;0.47;Desconectado;9541.43;0
11288;90.64;SC;Monofásico;57.7;3.28;9.11;Conectado;10968.96;0
11289;70.68;JS;Trifásico;81.3;3.15;0.68;Conectado;10920.29;1
11290;81.29;SC;Trifásico;37.6;3.48;0.46;Conectado;11768.46;1
11291;84.35;JS;Monofásico;80.3;3.34;0.45;Conectado;;0
11292;73.9;GUARAMIRIM;Trifásico;4.5;4.31;1.06;Conectado;;0
11293;61.7;GM;Monofásico;35.4;3.59;2.39;Conectado;7173.38;0
11294;94.13;JS;Trifásico;7.9;3.76;0.21;Conectado;14865.59;1
11295;70.29;GM;Trifásico;87.4;4.03;0.43;Conectado;3379.22;0
11296;67.69;SC;Monofásico;45.7;4.03;9.37;Desconectado;9525.4;0
11297;94.67;GM;Trifásico;30.7;2.94;2.4;Conectado;9784.37;0
11298;82.32;JS;Monofásico;47.3;3.59;0.38;Conectado;17083.76;0
11299;78.09;SC;Trifásico;51.1;3.99;2.0;Conectado;9778.31;0
11300;63.35;JS;Trifásico;80.5;3.1;0.69;Desconectado;4199.75;1
11301;84.63;SC;Monofásico;52.0;3.0;9.09;Conectado;6613.95;1
11302;109.76;SC;Monofásico;41.5;2.86;1.23;Conectado;10920.76;0
11303;85.57;JS;Trifásico;91.4;3.96;0.38;Conectado;13019.68;0
11304;80.95;GM;Trifásico;92.0;3.56;2.37;Conectado;17430.59;0
11305;83.65;JS;Monofásico;4.6;3.68;0.37;Conectado;8613.53;0
11306;71.06;JS;Trifásico;67.4;2.38;1.82;Conectado;12688.01;0
11307;70.95;SC;Trifásico;35.9;3.86;-5.0;Conectado;8606.75;1
11308;70.79;SC;Monofásico;64.5;3.9;1.06;Desconectado;5280.08;1
11309;68.1;JS;Trifásico;60.9;4.01;1.62;Conectado;18812.9;0
11310;70.77;JS;Trifásico;32.0;4.95;0.29;Desconectado;21184.32;0
11311;70.71;nan;Trifásico;93.7;3.19;2.6;Conectado;7662.38;0
11312;72.06;SC;Monofásico;34.6;4.19;0.3;Desconectado;13987.39;0
11313;71.73;JS;Monofásico;60.4;4.07;0.99;Conectado;16487.13;0
11314;77.92;JS;Monofásico;77.5;4.16;4.6;Conectado;4535.13;0
11315;75.95;GM;Trifásico;14.7;3.55;0.41;Conectado;17142.5;0
11316;77.01;SC;Trifásico;29.3;4.41;4.58;Conectado;13987.08;0
11317;93.27;GM;nan;19.7;3.22;;Conectado;6361.8;0
11318;75.92;JS;Trifásico;74.5;3.42;0.38;Conectado;3000.91;0
11319;101.53;SC;Trifásico;76.3;3.65;0.46;Conectado;9315.58;0
11320;79.23;SC;Trifásico;25.1;3.62;2.72;Conectado;17410.5;1
11321;69.63;JS;Monofásico;1.4;4.1;3.27;Desconectado;23660.26;0
11322;91.19;SC;Monofásico;40.8;4.01;2.67;Conectado;9510.83;1
11323;74.05;SC;Trifásico;65.6;4.02;3.13;Conectado;15358.48;0
11324;46.28;JS;Monofásico;59.5;4.86;1.12;Conectado;7540.51;0
11325;74.95;GM;Monofásico;42.9;3.63;0.0;Conectado;13728.61;0
11326;-15.0;GM;Trifásico;29.4;4.64;;Conectado;5877.07;0
11327;94.28;GM;Trifásico;45.6;2.95;2.26;Conectado;24659.49;1
11328;64.23;GM;Monofásico;2.4;3.7;2.91;Desconectado;8643.04;0
11329;71.01;JS;Trifásico;7.9;3.75;0.66;Conectado;6552.6;0
11330;90.21;JS;Trifásico;16.3;2.75;0.47;Conectado;7574.9;0
11331;79.73;GM;Trifásico;59.8;3.84;4.43;Conectado;26978.25;1
11332;72.94;JS;Trifásico;21.6;3.89;4.6;Desconectado;14917.63;0
11333;65.92;JS;Monofásico;40.8;4.28;10.98;Conectado;;0
11334;79.22;SC;Monofásico;59.4;4.19;1.04;Conectado;8177.77;1
11335;74.65;JS;Trifásico;79.1;2.78;0.15;Conectado;4740.24;0
11336;65.79;SC;Monofásico;52.7;4.76;1.62;Desconectado;2670.43;1
11337;66.41;JS;Monofásico;17.6;3.43;1.63;Conectado;4424.75;0
11338;;JS;Monofásico;90.5;3.32;0.09;Conectado;20006.06;1
11339;63.09;GM;Trifásico;9.5;4.19;2.14;Desconectado;16138.1;0
11340;86.21;SC;Trifásico;35.5;4.48;0.76;nan;20432.91;1
11341;84.59;SC;Trifásico;87.6;3.42;0.32;Desconectado;10329.91;0
11342;86.23;SC;3-Fase;57.6;3.76;2.32;Conectado;16508.17;0
11343;75.05;nan;Trifásico;63.3;4.53;0.83;Conectado;11797.27;0
11344;72.09;SC;Trifásico;29.4;3.06;2.06;Conectado;14659.94;0
11345;72.31;SC;Trifásico;8.4;1.56;0.04;Conectado;6847.61;0
11346;87.25;GM;Trifásico;35.4;4.23;1.14;Desconectado;11296.05;0
11347;53.16;JS;Monofásico;38.8;4.53;5.01;Conectado;15592.22;0
11348;68.83;GM;Trifásico;26.4;2.52;2.63;Conectado;22947.36;0
11349;64.35;JS;Monofásico;21.3;3.78;;Conectado;24706.11;0
11350;91.32;SC;Monofásico;34.4;3.4;3.37;Conectado;8610.5;0
11351;69.27;JS;Trifásico;61.1;3.9;3.18;Conectado;12188.54;0
11352;55.37;SC;M;90.2;;5.1;Conectado;12474.49;1
11353;77.68;SC;Monofásico;67.2;2.79;0.05;Desconectado;9238.65;1
11354;70.56;GM;Trifásico;74.3;4.16;1.36;Conectado;16710.82;0
11355;68.32;GM;Monofásico;29.8;3.69;8.07;Conectado;6151.39;0
11356;67.08;GM;Monofásico;10.8;5.0;0.49;Conectado;15237.06;0
11357;66.61;JS;Trifásico;28.4;4.27;2.65;Conectado;14732.21;0
11358;83.5;GM;Trifásico;38.8;3.03;3.9;Desconectado;3713.53;0
11359;77.69;JS;Trifásico;65.8;4.38;6.78;Desconectado;5097.91;0
11360;72.62;GM;Monofásico;89.3;5.17;5.14;Conectado;12546.54;0
11361;61.82;JS;Monofásico;77.1;3.74;2.82;Conectado;13712.86;0
11362;72.97;SC;Monofásico;26.0;4.12;3.1;Conectado;9274.91;0
11363;78.13;GM;Trifásico;78.1;4.46;1.05;Conectado;19669.94;0
11364;78.58;GM;Trifásico;39.7;3.67;0.63;Conectado;9234.63;1
11365;76.93;SC;Trifásico;17.5;2.11;7.96;Desconectado;14891.99;1
11366;63.93;SC;Monofásico;44.4;4.24;9.28;Conectado;2841.75;0
11367;46.16;JS;Trifásico;53.9;4.44;1.38;Conectado;6522.5;0
11368;96.6;SC;M;72.8;4.97;1.32;Conectado;9851.04;0
11369;59.28;SC;Monofásico;33.9;2.92;1.5;Conectado;19650.98;0
11370;51.42;JS;Trifásico;14.8;2.96;1.55;Desconectado;7098.82;1
11371;76.57;JS;Trifásico;9.9;3.25;4.62;Conectado;11476.55;0
11372;54.5;JS;Trifásico;11.6;3.67;1.41;Conectado;4123.33;0
11373;65.34;SC;Trifásico;90.3;4.23;5.35;Desconectado;11621.68;0
11374;81.59;JS;Monofásico;90.5;2.9;2.97;Conectado;9075.99;0
11375;96.27;JS;Trifásico;92.1;4.56;8.41;Conectado;11306.8;0
11376;79.65;JS;Trifásico;29.4;4.52;2.81;Desconectado;7859.05;0
11377;69.73;SC;Trifásico;19.0;4.54;1.33;Conectado;10869.94;1
11378;74.38;SC;Trifásico;93.2;3.55;6.25;Desconectado;9530.97;0
11379;53.3;SC;Trifásico;93.9;2.01;0.65;Desconectado;24284.59;0
11380;69.59;SC;Trifásico;8.4;5.08;8.38;Conectado;9031.31;0
11381;69.6;JS;Monofásico;71.7;3.33;0.11;Conectado;11965.95;0
11382;76.84;JS;Trifásico;28.1;4.37;2.56;Conectado;10458.16;0
11383;98.31;GM;Monofásico;86.5;3.9;0.05;Conectado;1026.48;0
11384;51.76;JS;Trifásico;9.4;4.7;0.57;Conectado;16403.24;0
11385;70.11;JS;Monofásico;84.5;3.76;1.56;Conectado;12172.97;0
11386;53.0;SC;Trifásico;1.2;3.86;0.43;Conectado;9673.19;1
11387;68.96;JS;Trifásico;50.1;3.94;11.23;Conectado;19885.42;1
11388;64.62;GM;Monofásico;32.5;4.13;3.71;Conectado;12100.68;0
11389;57.07;JS;Trifásico;41.2;2.81;4.76;Desconectado;;0
11390;85.96;SC;Trifásico;41.8;5.3;9.67;Desconectado;10595.81;0
11391;78.07;JS;Trifásico;62.4;3.74;2.81;Conectado;7882.96;1
11392;84.55;JS;Trifásico;3.2;4.26;0.78;Conectado;16815.89;1
11393;68.62;JS;Trifásico;66.0;5.01;3.54;Conectado;21209.32;1
11394;74.15;GM;Trifásico;3.1;3.79;2.19;Conectado;10905.68;0
11395;94.14;GM;Monofásico;18.4;3.0;0.78;Conectado;11133.41;1
11396;74.97;JS;Monofásico;58.0;2.98;1.14;Conectado;8572.8;0
11397;84.7;GM;Monofásico;9.1;3.44;2.34;Conectado;1382.7;0
11398;67.59;SC;Trifásico;94.1;4.07;1.26;Conectado;16324.9;0
11399;83.59;GM;Trifásico;74.7;4.15;0.67;Desconectado;17389.55;0
11400;68.41;GM;Monofásico;67.3;4.7;1.4;Conectado;4575.6;0
11401;52.24;JS;Trifásico;26.2;2.57;0.67;Desconectado;2462.46;0
11402;74.91;SC;Monofásico;5.6;3.98;5.2;Conectado;14285.9;0
11403;69.36;SC;Trifásico;93.0;4.29;2.96;Conectado;13487.19;0
11404;55.5;JS;Trifásico;14.9;4.26;1.18;Conectado;5546.19;0
11405;77.3;JS;Monofásico;-10.0;1.87;7.27;Conectado;9684.29;1
11406;64.28;GM;Monofásico;19.6;3.5;1.23;Conectado;10332.09;0
11407;112.11;GM;Monofásico;36.2;4.45;2.14;Conectado;10078.94;1
11408;57.43;SC;Monofásico;66.2;3.15;1.79;Conectado;10201.83;0
11409;60.44;GM;Monofásico;89.9;2.85;0.33;Desconectado;15225.59;0
11410;85.43;GM;Trifásico;2.9;4.25;1.38;Conectado;15442.74;0
11411;73.4;JS;Monofásico;25.5;4.04;0.2;Desconectado;;0
11412;85.19;JS;Monofásico;72.9;3.98;0.47;Conectado;19655.65;0
11413;79.56;JS;Monofásico;17.3;3.28;3.87;Conectado;13142.7;0
11414;68.01;JS;Trifásico;11.5;2.75;0.9;Conectado;24453.01;0
11415;58.45;JS;Monofásico;5.3;4.56;0.23;Conectado;13721.32;1
11416;87.85;SC;M;48.2;6.47;;Desconectado;6831.79;0
11417;59.54;GM;Trifásico;73.2;2.5;4.05;Conectado;13600.15;0
11418;81.71;GM;Trifásico;91.4;4.62;2.16;Conectado;10312.83;0
11419;86.03;SC;Trifásico;26.1;3.66;6.18;Conectado;20301.99;0
11420;73.48;GUARAMIRIM;Trifásico;12.4;4.05;4.73;Conectado;4258.65;0
11421;71.35;SC;Monofásico;38.8;3.75;2.01;Conectado;7418.39;0
11422;63.2;GM;Monofásico;6.2;5.56;3.34;Conectado;6208.62;0
11423;320.0;JS;Trifásico;32.1;3.16;1.0;Conectado;16145.67;0
11424;38.45;JS;Monofásico;61.4;3.32;2.53;Conectado;13467.16;0
11425;83.59;GM;Trifásico;16.8;3.86;9.42;Desconectado;8106.08;0
11426;76.43;JS;Trifásico;60.4;0.0;;Conectado;6177.89;0
11427;72.33;SC;Trifásico;92.4;4.87;1.17;Conectado;8302.05;0
11428;77.91;JS;Monofásico;82.2;4.19;6.73;Conectado;10904.26;0
11429;58.52;SC;3-Fase;34.5;3.98;4.36;Desconectado;16254.87;0
11430;46.04;GM;Trifásico;40.6;3.45;0.09;Conectado;10915.82;0
11431;80.62;JS;Trifásico;40.4;4.21;3.43;Conectado;9602.67;0
11432;90.8;GM;Monofásico;81.8;3.23;9.37;Conectado;26086.17;0
11433;54.13;SCH;Monofásico;94.4;3.96;0.96;Conectado;15434.93;0
11434;62.37;JS;Trifásico;78.6;3.63;0.81;Conectado;17961.36;1
11435;84.03;JS;Trifásico;53.5;3.01;2.55;Conectado;4640.17;0
11436;79.31;SC;Monofásico;10.2;5.05;0.29;Conectado;8283.27;0
11437;110.56;JS;Monofásico;90.7;3.02;2.81;Conectado;15333.22;1
11438;87.91;SC;Trifásico;81.8;3.48;0.64;Conectado;11872.48;0
11439;85.03;JS;Monofásico;80.1;2.53;1.5;Conectado;5618.79;1
11440;65.83;JS;Monofásico;37.8;3.67;5.56;Conectado;6648.18;0
11441;81.3;SC;Trifásico;43.0;4.15;3.98;Conectado;13460.14;0
11442;92.94;JS;Trifásico;12.2;3.07;0.29;Conectado;3756.48;0
11443;73.03;JS;Trifásico;89.2;2.34;3.58;Conectado;13578.07;0
11444;73.59;JS;Monofásico;89.7;3.5;1.33;Conectado;13201.77;0
11445;76.7;SC;Trifásico;24.9;3.67;85.0;Conectado;2054.31;1
11446;67.03;SC;Trifásico;66.4;3.61;0.89;Desconectado;5521.15;0
11447;78.23;JS;Monofásico;20.1;5.07;1.59;Conectado;9444.16;0
11448;77.93;JS;Monofásico;37.9;4.07;1.04;Conectado;14685.81;1
11449;320.0;JS;Trifásico;29.4;4.01;2.21;Conectado;8973.18;0
11450;72.73;JS;Trifásico;37.6;4.06;0.77;Conectado;4712.17;0
11451;83.1;GM;Trifásico;30.0;4.06;6.09;Conectado;12037.74;0
11452;73.09;SC;Monofásico;33.5;3.45;2.4;Conectado;3485.3;0
11453;82.68;SC;Monofásico;75.4;3.05;7.15;Conectado;6652.97;0
11454;72.0;JS;Trifásico;29.2;5.78;2.85;Conectado;8649.4;0
11455;81.88;SC;Trifásico;77.6;3.68;0.51;OK;12273.55;0
11456;83.74;GM;Monofásico;54.4;3.82;0.04;Conectado;4479.1;0
11457;62.2;SC;Trifásico;74.4;3.84;1.31;Conectado;8183.62;0
11458;88.23;SC;Monofásico;87.4;3.19;12.59;Conectado;6247.54;0
11459;73.0;SC;Trifásico;14.0;3.94;5.24;Desconectado;5827.82;0
11460;69.36;SC;Monofásico;33.3;2.78;4.69;Desconectado;8538.42;0
11461;66.48;JS;Trifásico;6.2;4.37;2.1;Conectado;9814.19;0
11462;78.58;SC;Trifásico;39.2;3.6;0.25;Desconectado;7169.71;0
11463;74.94;JS;Trifásico;23.3;4.7;0.04;Conectado;14283.89;0
11464;79.45;SC;Monofásico;54.7;4.21;4.56;Conectado;8804.89;1
11465;79.68;GM;Trifásico;74.6;4.12;0.49;Conectado;24628.67;0
11466;82.3;GM;Trifásico;46.7;3.16;0.2;Conectado;7152.65;1
11467;108.32;JS;Monofásico;32.4;3.86;3.09;Conectado;14153.51;0
11468;75.48;JS;Monofásico;15.3;4.4;0.0;Conectado;1578.69;0
11469;66.19;JS;Monofásico;3.5;3.89;3.38;Conectado;4417.33;0
11470;50.76;SC;Trifásico;64.7;2.71;0.53;Conectado;19136.59;1
11471;60.66;GM;Monofásico;3.9;4.59;0.97;Conectado;12451.11;1
11472;89.82;SC;Trifásico;87.6;4.4;0.47;Conectado;7176.72;0
11473;83.64;JS;Trifásico;56.9;2.6;3.75;1;15711.58;0
11474;58.8;GM;Trifásico;34.2;3.9;1.66;Conectado;14764.87;0
11475;104.57;GM;Trifásico;4.9;4.45;0.45;Conectado;13603.7;0
11476;78.92;JS;Trifásico;39.9;3.32;0.1;Conectado;11543.49;0
11477;80.52;SC;Trifásico;82.5;2.74;10.8;Conectado;13346.71;1
11478;101.93;SC;Monofásico;92.2;2.94;3.13;Desconectado;12193.36;0
11479;95.87;SC;Trifásico;9.0;3.71;;Conectado;16411.68;0
11480;84.37;GM;Trifásico;74.1;4.54;1.75;Conectado;5601.58;0
11481;84.95;JS;Trif;25.3;2.93;1.43;Conectado;18214.12;0
11482;;SC;Monofásico;36.7;2.94;3.97;nan;3310.01;0
11483;;SC;Trifásico;52.5;3.56;4.38;Conectado;13090.79;0
11484;78.44;GM;Trifásico;94.5;4.35;0.16;Conectado;7317.14;1
11485;81.89;GM;Trifásico;20.6;5.2;4.9;Conectado;9874.64;0
11486;73.48;GM;Monofásico;13.3;3.87;3.58;Conectado;11115.57;0
11487;63.41;SC;Trifásico;56.9;3.26;1.66;Desconectado;23412.27;0
11488;71.81;GM;Trifásico;81.2;3.16;1.62;Conectado;4352.17;0
11489;63.14;JS;Trifásico;61.9;4.9;4.5;Conectado;11643.8;1
11490;75.77;JS;Monofásico;33.7;2.79;3.94;Conectado;26167.77;0
11491;53.63;JS;Trifásico;92.8;3.96;0.37;Conectado;8049.98;1
11492;79.09;GM;Monofásico;94.5;4.85;1.99;Conectado;6348.31;0
11493;55.42;GM;Trifásico;73.4;3.67;8.71;Conectado;28588.52;0
11494;70.16;JS;Monofásico;76.4;2.94;3.32;Conectado;867.36;0
11495;81.05;JS;Trifásico;72.5;4.22;9.03;Conectado;9659.8;0
11496;;GM;Monofásico;25.2;3.88;3.74;Conectado;13805.56;0
11497;83.07;SC;Trifásico;15.1;4.18;1.86;Conectado;8570.87;1
11498;78.84;GM;Trifásico;53.1;4.26;2.32;Conectado;18640.19;0
11499;61.57;JS;Trifásico;90.7;4.21;3.09;Desconectado;14929.77;1
11500;86.77;JS;Monofásico;83.6;4.04;3.26;Conectado;17299.3;0
11501;61.84;JS;Monofásico;11.0;4.34;3.44;Desconectado;3479.19;0
13114;88.13;JS;Trifásico;6.4;4.88;6.66;Conectado;27325.14;1
11503;82.53;JS;Monofásico;83.1;3.17;0.92;Desconectado;18693.46;0
11504;91.31;JS;Trifásico;58.6;3.59;4.42;Conectado;7594.62;0
11505;75.3;JS;Monofásico;29.6;4.44;2.11;Conectado;13988.22;0
11506;65.17;JS;Trifásico;53.8;3.74;5.41;Conectado;8863.94;0
11507;59.49;GM;Trifásico;21.8;2.79;2.49;Conectado;8189.4;0
11508;60.82;JS;Trifásico;90.0;4.07;6.84;Conectado;7199.75;1
11509;55.36;JS;Monofásico;78.8;3.41;1.38;Conectado;7529.89;0
11510;86.3;GM;Monofásico;91.5;5.5;0.26;Conectado;2163.77;0
11511;87.81;SC;Trifásico;18.6;4.59;2.59;Conectado;6668.03;0
11512;81.64;SC;Trifásico;80.3;4.73;3.72;Conectado;13666.71;1
11513;74.6;SC;Trifásico;53.7;3.83;2.94;Conectado;10632.71;0
11514;99.73;GM;Trifásico;31.5;4.05;3.23;Conectado;;0
11515;73.82;GM;Trifásico;46.1;3.53;0.07;Conectado;8984.95;1
11516;77.65;SC;Trifásico;89.8;3.13;8.38;Conectado;16548.11;0
11517;74.43;GM;Trifásico;66.0;3.07;0.77;Conectado;36257.35;0
11518;70.94;SC;Monofásico;34.8;5.51;1.34;Conectado;9238.71;0
11519;82.57;JS;Monofásico;95.0;4.12;1.36;Conectado;11703.46;0
11520;67.4;SP;Trifásico;33.5;2.74;5.93;Desconectado;21009.75;0
11521;66.59;SC;Monofásico;77.5;4.57;3.4;Conectado;16862.95;0
11522;;GM;Trifásico;74.7;5.9;2.42;Desconectado;8438.62;0
11523;69.03;JS;Monofásico;69.0;2.57;0.32;Desconectado;20475.75;0
11524;76.6;JS;Trifásico;63.9;4.28;0.98;Conectado;6287.0;0
11525;70.9;GM;Monofásico;11.2;2.9;1.69;Conectado;8492.85;0
11526;74.86;JS;M;94.5;4.72;0.31;Conectado;18048.38;0
11527;320.0;GM;Trifásico;16.1;2.09;2.12;Conectado;3351.2;1
11528;67.31;GM;Monofásico;57.0;3.86;0.6;Conectado;5658.17;0
11529;65.16;GM;Trifásico;24.4;4.15;4.35;Conectado;9774.14;0
11530;85.12;SC;Trifásico;16.9;2.69;4.41;Desconectado;13635.83;0
11531;77.06;SC;Monofásico;53.6;4.16;2.28;Conectado;22882.97;0
11532;86.02;GM;Monofásico;79.6;3.43;1.11;Conectado;5755.98;0
11533;87.3;SC;Trifásico;36.4;5.18;0.11;Conectado;12450.99;0
11534;69.48;SC;Trifásico;8.3;2.66;2.48;Conectado;16338.91;0
11535;85.58;GM;Trifásico;59.6;4.53;3.84;Conectado;7551.51;0
11536;74.83;SC;Monofásico;73.0;3.72;3.91;Conectado;953.63;0
11537;;SCH;Trifásico;28.8;4.83;1.66;Desconectado;6702.46;0
11538;90.03;JS;Monofásico;65.9;4.85;0.38;Conectado;7330.96;0
11539;81.65;JS;Trifásico;8.1;3.6;0.17;Conectado;8517.98;1
11540;70.77;JS;Trifásico;35.0;3.76;0.14;Conectado;;0
11541;80.87;JS;Trifásico;45.6;4.53;0.72;Conectado;8448.19;0
11542;59.81;SC;Trifásico;74.5;4.22;0.38;Conectado;9763.66;0
11543;77.97;JS;Monofásico;32.8;3.71;0.46;Conectado;18545.48;1
11544;57.0;GM;Trifásico;43.6;3.13;3.0;Conectado;20452.13;0
11545;63.19;JS;Monofásico;60.1;4.09;0.49;Conectado;3917.0;1
11546;82.02;JS;Trifásico;59.7;2.91;2.95;Desconectado;19843.94;1
11547;42.96;JS;TRIF;49.7;4.32;1.08;Conectado;9438.23;1
11548;96.63;SC;Trifásico;31.9;4.69;3.73;Conectado;10979.33;1
11549;85.01;JS;Monofásico;64.0;3.14;0.43;Conectado;11652.41;0
11550;52.94;JS;Monofásico;79.7;3.47;0.06;Conectado;3362.08;0
11551;103.78;SC;Trifásico;15.5;3.3;0.23;Conectado;7663.16;0
11552;107.09;JS;Monofásico;33.0;4.64;8.46;Conectado;6807.62;0
11553;72.83;JS;Trifásico;63.9;3.84;1.93;Conectado;17302.6;0
11554;63.88;SC;Monofásico;72.0;3.51;2.34;Conectado;7203.74;0
11555;95.24;JS;Monofásico;74.5;4.32;8.53;Conectado;11595.1;1
11556;70.87;JS;Monofásico;62.4;3.42;3.74;Conectado;17392.29;0
11557;76.93;JS;Monofásico;46.0;3.64;0.3;Conectado;8242.89;0
11558;89.61;JS;Monofásico;61.7;2.91;1.37;Conectado;19684.29;0
11559;73.16;JSS;Monofásico;13.7;4.47;4.31;Conectado;2532.58;0
11560;72.11;JS;Trifásico;20.5;2.93;2.73;Desconectado;4664.91;0
11561;59.73;GM;Trifásico;88.2;4.95;0.61;Conectado;6980.91;1
11562;67.43;GM;Monofásico;87.7;3.99;4.1;Conectado;5519.65;0
11563;71.87;JS;Monofásico;69.0;3.67;2.05;Conectado;14890.0;0
11564;60.14;GM;Trifásico;31.7;3.79;3.88;Conectado;3397.44;0
11565;61.22;JS;Trifásico;62.0;;2.46;Conectado;13537.29;0
11566;75.4;JS;Monofásico;65.7;2.72;1.55;Conectado;5910.98;0
11567;52.8;JS;Monofásico;49.4;2.78;3.26;Conectado;1938.25;0
11568;;JS;Trifásico;71.4;4.57;5.02;Conectado;3800.95;0
11569;98.34;SC;Trifásico;3.8;3.06;1.57;Conectado;8131.75;1
11570;70.85;JS;Trifásico;25.1;3.21;0.08;Conectado;14236.55;0
11571;69.35;GM;Trifásico;75.7;3.45;2.25;Conectado;4568.41;1
11572;70.8;SC;Monofásico;89.2;4.7;0.24;Conectado;8685.59;0
11573;70.99;JS;Monofásico;83.4;4.45;0.98;Conectado;29336.27;1
11574;81.9;SC;Trifásico;68.4;3.69;2.0;Conectado;6184.02;0
11575;81.06;GM;Trifásico;16.6;4.12;1.06;Conectado;6352.05;0
11576;70.31;SP;Monofásico;35.7;4.1;0.82;Conectado;3036.24;1
11577;72.43;JS;Trifásico;5.7;3.0;0.05;Conectado;2994.66;0
11578;90.75;JS;Trifásico;61.1;3.05;0.78;Conectado;6564.37;1
11579;56.88;JS;Monofásico;43.3;2.17;1.21;Conectado;19438.01;0
11580;74.31;SCH;Monofásico;54.9;4.99;0.86;Conectado;11904.71;0
11581;76.62;JS;Trifásico;93.1;3.26;2.47;Desconectado;8386.61;0
11582;65.68;SC;Monofásico;38.8;3.81;2.74;Conectado;7343.2;0
11583;73.62;SC;Trifásico;29.8;4.23;3.78;Conectado;3298.92;0
11584;64.06;SC;Trifásico;15.2;3.02;0.51;Conectado;10307.1;0
11585;82.65;JS;Trif;14.5;3.12;2.41;Conectado;14119.12;0
11586;-15.0;JS;Trifásico;49.7;3.06;1.41;Conectado;11979.31;0
11587;87.75;JS;Trifásico;71.4;1.48;0.97;Conectado;10525.03;0
11588;74.12;JS;3-Fase;54.1;3.75;1.65;Conectado;7781.59;0
11589;69.62;GM;Monofásico;83.1;5.67;1.64;Conectado;9298.97;0
11590;62.94;JS;Monofásico;30.7;3.38;2.55;Conectado;8819.26;0
11591;87.37;JS;Trifásico;56.9;3.4;2.05;OFF;20545.03;0
11592;67.18;JS;Trifásico;63.2;3.5;2.49;Conectado;9727.49;0
11593;60.99;GM;Trifásico;27.4;4.05;9.84;Conectado;15401.59;0
11594;87.62;SC;Trifásico;38.3;4.51;4.16;Desconectado;12428.67;0
11595;64.15;SC;Trifásico;56.5;3.13;0.86;Conectado;6428.27;1
11596;73.87;JS;Monofásico;3.0;4.17;1.91;Conectado;4930.74;0
11597;84.83;JS;Trifásico;84.3;3.73;0.65;Conectado;30982.25;1
11598;76.9;SC;Trifásico;11.4;4.04;1.83;Conectado;7960.55;0
11599;95.77;GM;Trifásico;5.5;4.16;3.11;Conectado;6855.28;0
11600;64.98;SC;Trifásico;21.2;3.02;0.17;Desconectado;11944.38;0
13925;72.47;JSS;Monofásico;48.2;3.38;0.37;Conectado;2171.01;0
11602;73.4;JS;Trifásico;31.9;4.17;0.02;Conectado;5520.63;1
11603;82.45;JS;Trifásico;42.4;3.69;1.19;Conectado;4089.92;0
11604;90.46;GM;Monofásico;8.9;4.43;3.65;Conectado;10256.95;0
11605;75.88;JS;Trifásico;22.9;3.62;1.49;Conectado;4721.39;0
11606;;GM;Trifásico;10.2;4.61;2.11;Conectado;11398.51;0
11607;57.2;JS;Monofásico;22.6;2.23;2.23;Conectado;3566.07;0
11608;76.35;JS;3-Fase;67.1;4.06;0.23;Conectado;23872.48;0
11609;67.2;SC;Trifásico;55.1;-1.5;0.48;Conectado;18258.47;1
11610;82.42;JS;Trifásico;32.4;4.7;6.17;Conectado;16472.59;0
11611;70.08;JS;Monofásico;25.6;3.68;1.53;Conectado;19234.06;0
11612;72.11;JS;Trifásico;94.8;3.53;1.36;Desconectado;6178.39;0
11613;57.48;SC;Trifásico;73.2;3.14;3.48;Conectado;14822.37;0
11614;53.26;JS;Trifásico;78.3;4.33;0.12;OFF;5522.69;0
11615;97.33;JS;Trifásico;3.5;4.25;4.59;Conectado;4650.56;0
11616;76.56;SC;Trifásico;6.6;3.57;2.77;Conectado;18426.22;0
11617;79.85;JS;Trifásico;68.0;4.33;0.39;Conectado;10638.87;0
11618;64.05;GM;Monofásico;19.0;3.98;0.17;Conectado;21874.19;0
11619;85.51;JS;Trifásico;41.0;3.87;;Conectado;11904.35;1
11620;83.34;SC;Trifásico;18.3;4.43;0.87;Conectado;13456.02;0
11621;65.37;JS;Trifásico;17.6;5.25;0.98;Conectado;13381.97;0
11622;62.29;SC;Monofásico;11.3;4.03;0.49;Conectado;6053.38;0
11623;66.21;SC;Trifásico;56.9;4.03;0.85;Conectado;26042.94;1
11624;74.66;GM;Trifásico;70.5;4.53;2.06;Conectado;3489.62;0
11625;77.01;JS;Trifásico;6.3;3.04;0.3;Conectado;5689.71;0
11626;75.46;JS;Trifásico;26.9;3.65;0.56;Conectado;22963.79;0
11627;90.58;SC;TRIF;62.9;3.49;2.06;Conectado;17176.71;0
11628;66.42;JS;Trifásico;37.9;4.04;3.05;Conectado;9060.33;0
11629;-15.0;JS;Trifásico;67.2;3.97;6.69;1;16555.46;0
11630;75.0;GM;Monofásico;72.4;5.21;1.79;Conectado;16070.03;0
11631;54.68;JS;Trifásico;4.0;5.0;0.3;Conectado;14393.09;0
11632;83.35;GM;Trifásico;36.8;2.59;2.24;Conectado;;0
11633;76.18;JS;Trifásico;69.5;4.09;13.43;Conectado;31618.45;1
11634;;SC;Monofásico;36.6;4.37;5.37;Conectado;;0
11635;70.28;SC;Trifásico;1.5;3.87;3.79;Conectado;4511.52;0
11636;85.92;SC;Trifásico;32.6;3.39;3.32;Conectado;7254.32;0
11637;85.54;GM;Trifásico;83.0;4.9;3.52;Conectado;13403.35;0
11638;72.04;JS;Trifásico;90.5;4.06;0.24;Conectado;4275.48;0
11639;82.1;GM;Monofásico;53.7;2.97;1.84;Conectado;4867.97;0
11640;85.36;SC;Monofásico;29.8;4.58;2.92;Conectado;15201.5;0
11641;79.03;JS;Monofásico;44.8;4.17;0.19;Conectado;32310.26;0
11642;;GM;Monofásico;23.2;3.29;6.16;Desconectado;9632.47;1
11643;79.57;JS;Monofásico;16.8;3.19;0.34;Conectado;13731.85;0
11644;62.53;GM;Trifásico;47.4;3.16;0.23;Conectado;12084.64;1
11645;75.85;JS;Trifásico;70.2;4.75;0.33;Conectado;7476.04;0
11646;72.2;GM;Trifásico;21.9;4.27;1.38;Conectado;4619.79;1
11647;70.32;SC;Trifásico;86.5;4.56;1.96;Conectado;12344.27;0
11648;54.28;JS;Trifásico;16.8;3.96;0.25;Conectado;5299.19;0
11649;62.67;SC;Trifásico;53.5;3.25;3.85;Conectado;12656.53;1
11650;69.17;JS;Trifásico;74.0;3.16;0.56;Conectado;13728.08;0
11651;85.74;JS;Trifásico;21.1;4.66;2.06;Desconectado;8732.04;0
11652;78.43;JS;Monofásico;28.9;4.16;1.69;Desconectado;7002.4;0
11653;86.28;JS;Trifásico;5.8;3.59;5.9;Conectado;20179.34;0
11654;89.91;JS;Trifásico;89.7;3.82;5.59;Conectado;9829.41;1
11655;78.95;SC;Monofásico;46.8;4.6;0.68;Conectado;24981.42;0
11656;76.68;JS;Trifásico;7.0;4.25;1.93;Desconectado;12472.46;1
11657;63.32;SC;Trifásico;79.0;3.73;10.57;Conectado;28432.27;1
11658;98.84;JS;Trifásico;54.5;3.76;1.01;Desconectado;7240.18;0
11659;57.99;SC;Monofásico;6.2;3.33;0.19;Desconectado;6094.07;0
11660;76.42;SC;Monofásico;43.4;3.82;3.16;Conectado;13179.03;1
11661;84.99;JS;Trifásico;41.8;3.57;1.75;0;13207.58;0
11662;85.16;GM;Trifásico;-10.0;3.76;7.02;Conectado;16620.7;0
11663;61.14;SC;Trifásico;40.5;3.37;2.14;Desconectado;9479.06;0
11664;69.96;SC;Trifásico;27.6;2.73;1.79;Conectado;10689.1;0
11665;65.41;JS;Monofásico;66.8;4.56;6.16;Conectado;8377.71;1
11666;51.23;JS;Monofásico;1.5;4.26;1.2;Conectado;10373.13;0
11667;76.56;GM;Trifásico;11.0;3.59;2.27;Desconectado;6138.51;0
11668;66.39;GM;Monofásico;87.4;3.54;4.67;Conectado;9578.12;0
11669;93.07;JS;Trifásico;41.7;2.69;2.28;Conectado;2473.23;0
11670;82.38;JS;Monofásico;17.6;4.65;0.88;Conectado;12873.16;0
12657;75.5;SCH;Monofásico;75.6;4.8;2.04;Conectado;14222.33;0
11672;69.33;SC;Trifásico;81.0;3.73;1.41;Conectado;5104.65;0
11673;76.38;GM;Monofásico;20.9;4.06;10.45;Conectado;12806.58;0
11674;71.93;JS;Trifásico;68.1;3.01;0.13;Conectado;;0
11675;75.83;JS;Trifásico;58.8;3.87;3.65;Conectado;14304.78;0
11676;97.82;JS;Monofásico;71.0;3.25;0.06;Conectado;3107.46;0
11677;62.22;JS;Trifásico;75.1;3.25;2.32;Desconectado;10091.97;0
11678;72.98;JS;Trifásico;63.1;3.57;1.41;Conectado;9162.1;0
11679;83.48;GM;Monofásico;90.9;3.46;6.03;Conectado;5137.13;0
11680;70.2;SC;Monofásico;82.2;3.7;1.94;Conectado;4149.17;0
11681;93.97;GM;Trifásico;22.5;4.65;4.39;Conectado;13328.53;0
11682;83.14;JS;Trifásico;86.9;2.11;2.79;Conectado;12343.23;0
11683;66.37;JS;Trifásico;34.8;3.37;1.48;Conectado;8261.58;0
11684;77.45;JS;Trifásico;69.3;4.31;1.03;Conectado;12676.42;0
11685;66.54;JS;Monofásico;80.7;3.96;0.31;Conectado;11088.11;0
11686;65.44;GM;Trifásico;42.0;3.18;0.03;Conectado;2554.65;0
11687;73.32;JS;Trifásico;5.8;5.48;0.0;Conectado;4037.19;0
11688;90.17;JS;Trifásico;90.3;5.96;0.64;Conectado;13813.04;1
11689;83.95;JS;Trifásico;7.8;3.79;2.06;Conectado;8228.98;0
11690;74.73;JS;Monofásico;33.7;3.01;9.27;Conectado;17655.5;1
11691;84.37;SC;Trifásico;57.1;3.6;3.05;Conectado;12751.02;0
11692;78.22;JS;Trifásico;12.0;2.9;0.18;Conectado;4386.21;0
11693;60.96;SC;3-Fase;79.8;4.12;2.59;Conectado;5114.85;0
11694;73.26;SC;Trifásico;20.1;4.26;1.66;Desconectado;4704.48;1
11695;74.12;JS;Trifásico;93.7;4.59;2.53;Conectado;19653.85;0
11696;84.14;JS;Trifásico;87.1;4.12;2.44;Conectado;16706.42;0
11697;68.2;SC;Trif;57.8;3.98;0.39;Conectado;6620.18;0
11698;64.05;SC;Trifásico;63.0;2.99;6.3;Conectado;20588.88;0
11699;74.45;JS;Trifásico;51.2;2.82;2.02;Desconectado;21500.37;0
11700;67.25;XX;Trifásico;37.8;2.18;3.02;Conectado;28452.42;0
11701;71.12;JS;Monofásico;34.1;3.86;1.22;Conectado;22698.04;0
11702;74.03;JS;Trifásico;84.8;;0.33;OFF;24238.95;0
11703;70.4;JS;Monofásico;55.2;4.72;2.94;Conectado;7261.92;0
11704;86.56;JS;Monofásico;78.4;4.47;7.14;Desconectado;17055.79;0
11705;91.97;JS;Trifásico;49.3;3.51;2.18;Conectado;11366.12;0
11706;85.35;JS;Trifásico;29.9;5.29;0.55;Desconectado;10335.72;1
11707;53.75;JS;Trifásico;9.6;3.04;2.44;Conectado;7309.26;0
11708;67.3;GM;Trifásico;31.4;3.0;1.4;Conectado;4837.62;0
11709;72.86;SC;Monofásico;83.7;4.41;1.27;Conectado;8988.4;0
11710;52.84;GM;Trifásico;67.9;4.92;6.12;Conectado;6718.31;0
11711;64.49;JS;Monofásico;74.9;5.23;3.34;Conectado;11597.38;0
11712;72.7;SC;Monofásico;73.7;4.6;1.78;Conectado;15868.86;0
11713;69.61;JS;Trifásico;12.3;4.39;1.35;Conectado;11347.61;0
11714;75.1;SC;Trifásico;15.9;4.45;0.7;Conectado;9995.55;0
11715;58.43;JS;Trifásico;30.8;3.58;1.05;Conectado;12338.28;0
11716;69.48;JS;Monofásico;29.3;3.16;1.94;Desconectado;14359.49;1
11717;76.82;GM;Monofásico;7.2;4.02;0.12;Conectado;10633.17;1
11718;75.12;SC;Trifásico;15.4;2.44;1.11;Conectado;9722.56;0
11719;80.36;GM;Trifásico;81.5;3.55;1.7;Conectado;17759.67;0
11720;;JS;3-Fase;56.4;3.38;2.34;Conectado;;0
11721;70.11;JS;Monofásico;33.2;4.27;3.4;Conectado;11875.74;0
11722;76.44;JS;Monofásico;50.5;3.98;0.03;Conectado;49822.1;0
11723;320.0;SC;Trifásico;25.6;4.99;0.87;Conectado;12607.25;0
11724;71.76;SC;Trifásico;55.9;4.46;0.76;nan;2587.67;0
11725;62.33;GM;Trifásico;8.0;3.29;1.84;Conectado;7931.4;0
11726;87.79;JS;Trifásico;85.8;4.34;1.57;Conectado;1801.03;0
11727;71.72;SC;Monofásico;23.6;2.42;0.21;Conectado;15431.12;1
11728;87.77;JS;Trifásico;78.0;4.39;3.58;Conectado;2454.63;0
11729;78.74;nan;Monofásico;63.0;3.2;2.91;Conectado;;0
11730;64.37;SC;Trifásico;50.2;3.31;4.3;Conectado;14090.75;0
11731;78.01;SC;Trifásico;88.4;4.87;0.29;Conectado;4802.85;0
11732;84.72;JS;Trifásico;15.7;4.11;1.76;1;8743.54;1
11733;74.07;JS;Monofásico;12.2;3.65;2.31;Conectado;16869.76;0
11734;75.89;JS;Monofásico;31.3;4.61;0.13;Conectado;9811.21;1
11735;68.38;JS;Trifásico;79.0;4.98;8.01;Conectado;21474.3;0
11736;75.29;JS;Trifásico;4.3;3.0;3.95;Conectado;13360.6;0
11737;77.85;JS;Trifásico;23.5;3.23;0.7;Desconectado;5982.95;0
11738;68.05;JS;Trifásico;40.9;4.45;2.48;Conectado;27001.77;0
11739;62.05;GM;Monofásico;68.0;4.05;0.39;Conectado;12657.19;0
11740;90.46;GM;M;29.1;2.31;5.16;Conectado;34961.81;1
11741;82.25;JS;Trifásico;43.1;5.23;0.26;Conectado;13507.32;0
11742;68.43;GM;Monofásico;32.7;3.41;5.86;Conectado;6378.82;1
11743;250.0;SC;Trifásico;9.7;3.0;4.4;Conectado;7034.15;0
11744;57.26;JS;Trifásico;70.4;3.81;1.63;Conectado;8006.51;1
10499;51.28;JS;Trifásico;44.4;4.52;2.64;Conectado;13487.29;0
11746;88.01;GM;Monofásico;77.4;4.71;0.71;Conectado;10840.19;1
11747;77.75;SC;Trifásico;66.3;3.85;1.21;Desconectado;3235.11;1
11748;74.43;GM;Trifásico;6.4;5.83;0.61;Conectado;19606.1;1
11749;77.79;GM;Monofásico;48.0;6.06;;Desconectado;6187.68;0
11750;113.71;JS;Trifásico;94.1;4.16;0.96;Conectado;;0
11751;85.43;JS;Monofásico;29.9;3.75;1.08;Conectado;28326.55;0
11752;62.45;JS;Monofásico;47.3;3.53;1.46;Conectado;10751.87;0
11753;54.84;JS;Monofásico;62.3;3.68;5.15;Conectado;11979.48;0
11754;87.65;JS;Monofásico;20.0;5.0;1.99;Conectado;17285.31;0
11755;85.27;JS;Trifásico;67.0;4.07;4.11;Desconectado;12326.69;0
11030;81.9;JS;Trifásico;63.0;4.5;4.72;Conectado;9687.85;0
11757;65.25;JS;Monofásico;36.2;4.36;0.7;Conectado;9958.79;0
11758;79.36;JS;Trifásico;27.7;4.29;3.76;Conectado;12003.49;0
11759;66.32;JS;Trifásico;87.4;4.67;2.62;Desconectado;3875.49;0
11760;82.95;JS;Monofásico;12.9;4.46;1.77;Conectado;6844.82;0
11761;86.79;JS;Trifásico;41.6;4.18;0.23;Conectado;14096.01;0
11762;68.48;SC;Trifásico;73.1;5.28;2.12;Conectado;8823.59;0
11763;88.58;GM;Monofásico;14.9;2.74;0.42;Desconectado;5181.42;0
11764;76.38;JS;Monofásico;88.7;4.03;4.24;Conectado;9556.38;1
11765;80.9;JS;Trif;50.5;3.38;6.82;Conectado;22909.66;0
11766;59.28;GM;Monofásico;48.5;4.54;1.63;Conectado;27145.22;0
11767;77.79;SC;Monofásico;40.9;2.49;1.45;Conectado;23724.38;0
11768;66.89;SC;Monofásico;82.5;3.99;1.68;Conectado;16557.76;0
11769;80.7;JS;Trifásico;90.2;4.19;0.17;Conectado;16988.12;1
11770;92.61;GM;Monofásico;36.7;4.78;0.68;Conectado;6579.17;0
11771;78.47;GM;Trifásico;52.0;3.46;7.06;Desconectado;7837.04;0
11772;64.19;SC;Trifásico;30.6;6.03;1.06;Desconectado;4836.92;0
11773;82.52;JS;Trifásico;35.6;3.33;2.24;Conectado;17407.05;0
11774;79.82;GM;Trifásico;3.7;2.89;2.62;Conectado;13584.63;1
11775;99.7;SC;Trifásico;74.9;4.28;5.24;Conectado;10952.9;0
11776;78.05;SC;Trifásico;92.1;3.7;0.68;Conectado;14804.95;1
11777;67.97;JS;Trifásico;73.3;5.27;5.52;Desconectado;2853.79;1
11778;84.25;SC;Trifásico;49.7;2.53;1.24;Conectado;2297.41;1
11779;73.47;JS;Trifásico;78.8;3.83;6.37;Conectado;5073.46;0
11780;75.96;JS;Monofásico;81.6;4.45;1.32;1;14249.14;0
11781;63.86;SC;Monofásico;52.2;3.27;0.27;Desconectado;8807.84;1
11782;73.53;JS;Monofásico;89.1;2.69;0.13;Conectado;8619.32;1
11783;75.37;SC;Trifásico;3.8;-1.5;8.55;Desconectado;6844.14;0
11784;73.46;SC;Monofásico;1.9;3.13;0.32;Desconectado;16571.41;0
11785;67.91;JS;Trifásico;8.7;99.0;1.95;Conectado;8309.69;0
11786;78.46;SC;Trifásico;6.4;3.06;1.87;Desconectado;4108.03;0
11787;63.92;GM;Monofásico;40.9;3.54;1.28;Conectado;9788.59;0
11788;61.09;JS;Monofásico;89.4;4.41;1.35;Conectado;17015.13;1
11789;83.51;SC;Monofásico;64.5;4.08;1.61;Conectado;21336.03;0
11790;82.41;JS;Monofásico;63.0;3.05;0.26;Conectado;20366.93;0
11791;59.31;JS;Trifásico;37.2;0.0;3.91;Conectado;2270.46;1
11792;53.05;JS;Monofásico;51.2;2.06;1.18;Desconectado;14995.75;0
11793;62.9;JS;Monofásico;29.6;2.84;0.7;Conectado;12479.2;0
11794;73.46;JS;Monofásico;49.7;5.2;0.96;Conectado;10058.72;0
11795;88.85;GM;Monofásico;71.2;3.66;2.37;Conectado;17729.53;0
11796;73.17;SC;Trifásico;53.5;4.37;3.73;Desconectado;11416.01;0
11797;65.77;SC;Trifásico;40.4;4.35;0.42;Conectado;12252.24;0
11798;76.78;JS;Trifásico;80.4;3.52;2.24;Desconectado;2204.61;0
11799;73.63;SC;Trifásico;28.0;3.89;1.37;0;6324.06;0
11800;58.43;JS;Trifásico;46.3;2.86;4.95;Desconectado;22427.35;1
11801;58.5;JS;Trifásico;92.9;3.9;7.45;Conectado;16285.97;1
11802;58.82;JS;Monofásico;91.9;3.41;2.84;Conectado;7843.17;0
11803;104.76;JS;Monofásico;1.6;5.47;2.23;Conectado;18478.13;0
11804;85.32;JSS;Monofásico;51.0;3.24;3.79;Conectado;4068.91;0
11805;67.88;SC;Trifásico;32.7;4.21;1.71;OFF;8095.73;0
11806;88.3;GM;Trifásico;28.4;3.58;0.14;Conectado;6291.98;0
11807;68.18;JS;Monofásico;57.0;4.45;3.02;Conectado;14634.45;1
11808;87.9;JS;Trifásico;43.0;2.71;2.17;Conectado;8838.57;1
11809;75.96;JS;Monofásico;69.9;3.69;0.41;Conectado;3267.35;0
11810;67.09;GM;Monofásico;3.6;4.27;0.6;Conectado;6135.85;0
11811;83.16;GM;Trifásico;88.1;3.99;0.66;Conectado;5341.55;0
11812;76.65;SC;Monofásico;54.4;4.2;3.3;Conectado;8652.77;1
11813;-40.0;GM;Trifásico;65.3;3.14;1.83;Conectado;4847.83;0
11814;77.59;JS;Monofásico;57.8;3.52;0.12;Desconectado;7185.44;1
11815;77.46;GM;Trifásico;94.0;3.78;4.55;Conectado;4246.96;0
11816;84.61;JS;Trifásico;93.7;4.42;2.59;Conectado;16378.08;0
11817;106.01;JS;Monofásico;58.3;4.92;3.3;Conectado;23866.62;0
11818;89.99;SC;Mono;65.3;2.31;6.93;Desconectado;36351.1;0
11819;77.64;JS;Monofásico;59.1;3.54;0.75;Desconectado;12835.17;0
11820;71.27;SC;Trifásico;30.2;3.27;2.23;Conectado;6322.38;0
11821;72.59;JS;Monofásico;19.1;3.18;3.57;Conectado;12476.05;0
11822;59.93;SC;Monofásico;38.9;4.01;1.8;Conectado;26443.55;0
11823;82.97;JS;Monofásico;65.2;3.83;1.66;Conectado;10247.26;0
11824;;JS;Monofásico;6.3;2.9;6.6;Conectado;18772.96;0
11825;70.53;GM;Monofásico;49.3;2.86;85.0;Conectado;1649.28;0
11826;83.04;GM;Monofásico;39.4;4.17;2.65;Conectado;13741.6;0
11827;72.15;GM;Trifásico;50.6;2.93;8.79;Conectado;3755.72;0
11828;69.09;SC;Trifásico;81.9;3.24;0.62;Conectado;25377.95;0
11829;60.63;SC;Trifásico;5.5;4.54;1.55;Conectado;18095.86;0
11830;89.46;SC;Monofásico;72.8;3.94;9.27;Conectado;17921.52;1
11831;65.0;JS;Monofásico;63.7;5.04;0.09;Conectado;5135.5;0
11832;67.97;JS;Monofásico;20.2;3.71;2.48;Desconectado;11024.48;0
11833;53.5;JS;Trifásico;70.0;5.59;1.3;Conectado;5323.12;0
11834;74.76;GM;Trifásico;47.7;3.65;3.69;Conectado;14767.75;0
11835;71.0;JS;Trifásico;46.2;4.76;0.98;Desconectado;7337.55;0
11836;77.18;GM;Trifásico;46.4;3.13;1.17;Conectado;12367.79;0
11837;60.9;SC;Trifásico;90.2;3.28;1.81;Conectado;12683.94;0
11838;83.81;SC;nan;89.8;5.15;1.06;Conectado;15722.91;0
11839;52.93;JS;Trifásico;86.9;3.24;0.75;Conectado;10243.73;0
11840;73.89;JS;Trifásico;84.4;3.63;1.1;Conectado;14275.28;0
11841;76.39;GM;Trifásico;4.5;3.27;5.96;Conectado;10908.31;0
11842;75.69;JS;Monofásico;38.7;4.7;1.05;Conectado;4702.97;0
11843;76.89;JS;Monofásico;85.1;2.83;5.74;Conectado;14437.81;0
11844;84.46;JS;Trifásico;72.0;4.85;0.57;Conectado;14159.02;1
11845;90.9;JS;Monofásico;43.9;4.0;2.79;Conectado;4157.67;0
11846;73.13;JS;Trifásico;73.7;3.95;3.42;1;5169.65;0
11847;63.39;SC;Trifásico;20.6;3.75;0.3;Conectado;6700.93;1
11848;81.73;JS;Trifásico;150.0;4.8;1.96;Conectado;9550.95;0
11849;71.64;SC;Trifásico;51.1;3.62;0.03;Conectado;6120.02;0
11850;90.18;JS;Monofásico;54.9;3.23;6.59;OFF;;1
11851;67.78;GM;Monofásico;68.8;4.22;1.86;Conectado;7921.76;0
11852;64.7;SC;Monofásico;90.3;3.73;0.09;Conectado;25979.41;0
11853;76.73;JS;Trifásico;25.8;5.37;2.87;Conectado;14703.46;0
11854;54.11;JS;Trifásico;72.3;4.53;5.42;Conectado;17222.78;0
11855;69.39;JS;Trifásico;9999.0;4.08;3.34;Conectado;705.16;1
11856;71.04;SC;Trifásico;66.3;4.95;0.36;Desconectado;4995.52;1
11857;77.65;SC;Trifásico;41.3;2.64;1.94;Conectado;11015.51;0
11858;63.04;GM;Trifásico;89.8;4.25;3.3;Desconectado;;0
11859;64.45;JS;Monofásico;46.1;3.88;4.03;Conectado;6006.72;0
11860;88.88;JS;Monofásico;12.4;3.64;0.04;Conectado;11811.92;0
11861;74.84;JS;Trifásico;65.0;99.0;0.83;Conectado;16457.59;0
11862;85.38;JS;Trifásico;13.1;4.69;5.4;Conectado;7087.99;1
11863;68.5;SC;Trifásico;31.3;2.31;0.75;Conectado;16379.75;0
11864;74.35;JS;Trifásico;22.4;;1.6;Conectado;7050.28;1
11865;77.57;SC;Trifásico;51.7;2.66;2.98;Conectado;26264.6;0
11866;95.97;SC;Trifásico;33.7;3.6;10.6;Desconectado;14311.9;0
11867;72.39;GM;Monofásico;16.0;3.76;1.39;Conectado;19456.02;1
11868;73.0;JS;Monofásico;75.3;5.09;1.75;Conectado;5033.72;0
11869;88.18;XX;Trifásico;;3.37;2.04;Conectado;4213.26;0
11870;70.44;GM;Monofásico;43.7;;0.67;Conectado;12120.25;0
11871;78.42;GM;Trifásico;84.3;2.82;1.15;Conectado;8493.58;0
11872;180.0;SC;Monofásico;51.6;4.2;1.42;Conectado;;1
11873;68.09;GM;Trifásico;67.7;2.74;0.05;Conectado;5994.2;0
11874;79.09;SC;Trifásico;31.8;2.38;0.02;Conectado;13744.12;0
11875;95.95;JS;Trifásico;53.8;2.59;0.64;Conectado;21516.72;0
11876;86.06;SC;Trifásico;69.3;3.57;1.79;Conectado;9481.44;1
11877;78.42;SC;TRIF;28.9;3.61;7.79;Conectado;4871.24;0
11878;72.31;GM;Monofásico;65.7;4.71;8.99;Conectado;16286.84;0
11879;67.75;SC;Monofásico;54.5;5.02;2.6;Conectado;10110.99;0
11880;63.14;JS;Trifásico;41.8;5.0;4.39;Conectado;5482.76;1
11881;93.12;SP;Trifásico;68.0;4.72;5.77;Conectado;18236.64;0
11882;90.79;GM;Monofásico;30.8;5.46;4.57;Conectado;15308.6;0
11883;67.11;JS;Monofásico;68.2;4.16;1.96;Conectado;11181.2;0
11884;79.05;JS;Monofásico;52.8;4.18;3.04;Conectado;2719.45;0
11885;76.34;SC;Trifásico;24.1;5.26;0.01;Conectado;8145.14;0
11886;89.21;JS;Monofásico;63.8;2.91;2.61;Conectado;10835.08;0
11887;79.59;JS;Monofásico;84.2;4.55;1.39;Conectado;11872.49;0
11888;74.73;JS;Trifásico;30.1;3.76;2.59;Desconectado;4963.75;0
11889;68.5;GM;Trifásico;77.4;4.87;2.96;Desconectado;9692.27;0
11890;79.09;JS;Monofásico;32.6;4.75;0.26;Conectado;7106.12;0
11891;70.82;JS;Monofásico;78.2;3.67;5.19;Conectado;5284.23;0
11892;77.65;SC;Trifásico;5.8;2.84;0.48;Conectado;556.68;0
11893;74.09;GM;Monofásico;1.7;4.88;0.03;Conectado;20233.9;1
11894;;GM;Trifásico;11.6;3.42;1.4;Desconectado;6006.58;0
11895;63.33;JS;Trifásico;83.2;3.9;0.23;Conectado;34989.15;0
11896;81.17;GM;Trifásico;51.2;2.9;7.81;Conectado;12137.33;0
11897;75.51;JS;Monofásico;56.8;3.51;0.83;Conectado;8744.04;0
11898;96.45;SC;Trifásico;80.2;4.61;0.63;Conectado;12576.18;0
11899;62.61;SC;Trifásico;5.8;4.11;0.76;Conectado;12959.03;0
11900;82.5;JS;Trifásico;37.4;3.2;0.83;Conectado;12850.3;0
11901;74.01;SC;Trifásico;61.5;2.3;0.16;Conectado;2670.35;0
11902;250.0;JS;Monofásico;39.0;4.35;1.94;Desconectado;14067.41;0
11903;81.59;GM;Trifásico;4.0;3.47;0.05;Conectado;11238.76;0
11904;78.9;JS;Monofásico;62.2;3.94;3.43;Desconectado;12760.22;0
11905;74.04;SC;Monofásico;37.8;3.69;3.65;Desconectado;8290.91;0
11906;66.56;JS;Trifásico;2.8;3.46;1.28;Desconectado;17515.04;0
11907;78.74;JS;Monofásico;17.0;4.3;8.84;Conectado;19982.68;1
12797;58.41;GM;Trifásico;21.5;3.11;3.81;Desconectado;5523.53;1
11909;58.96;SC;Trifásico;49.0;3.92;0.33;Conectado;7893.14;1
11910;87.15;GM;Monofásico;18.5;4.13;9.76;Conectado;25860.81;0
11911;53.85;JS;Monofásico;35.0;4.88;4.66;Conectado;16679.84;1
11912;71.17;JS;Trifásico;71.6;3.84;3.04;Conectado;9271.97;0
11913;;SC;Trifásico;76.9;2.85;2.65;Desconectado;9984.12;0
11914;70.17;JS;Monofásico;75.8;4.34;2.32;Conectado;9075.55;0
11915;77.21;JS;Monofásico;66.3;3.09;11.57;Conectado;7176.12;0
11916;86.81;SC;Trifásico;51.9;3.26;1.63;Desconectado;12822.34;0
11917;89.61;JS;Trifásico;52.8;3.4;0.45;Conectado;8996.47;0
11918;63.97;JS;Trifásico;90.6;3.65;0.87;Conectado;22136.99;0
11919;69.41;JS;Trifásico;83.5;4.83;1.18;Conectado;7575.12;0
11920;123.63;SC;Trifásico;62.1;4.32;0.95;Conectado;14970.13;1
11921;72.0;SC;Trifásico;45.0;2.92;0.08;Conectado;22218.99;0
11922;64.41;JS;Trifásico;69.5;5.01;0.19;Conectado;19872.41;0
11923;66.41;SC;Monofásico;6.9;4.65;0.01;Conectado;9550.17;0
11924;72.07;JS;Trifásico;89.8;4.13;2.84;Desconectado;10031.89;0
11925;;GM;Trifásico;52.5;1.95;2.73;Conectado;7199.25;0
11926;72.19;GM;Trifásico;48.3;3.12;0.18;Conectado;7883.33;0
11927;74.74;SC;Trifásico;28.3;3.81;0.95;Conectado;16632.24;1
11928;74.66;JS;Trifásico;1.3;5.12;0.83;Conectado;21109.42;0
11929;63.53;SC;Monofásico;6.8;4.86;1.51;Conectado;7455.19;0
11930;79.43;SC;Trifásico;25.7;3.03;1.11;Conectado;;0
11931;76.45;GM;Trifásico;51.9;2.46;4.29;Desconectado;18478.44;0
11932;-15.0;GM;Trifásico;8.9;3.65;5.36;Desconectado;1987.67;0
11933;54.43;GM;Trifásico;92.4;3.91;0.58;Conectado;13206.3;0
11934;76.88;JS;Trifásico;39.6;2.81;0.32;Conectado;;0
11935;51.17;GM;Trifásico;30.7;3.1;4.57;Conectado;4875.0;1
11936;72.89;SC;Trifásico;50.4;5.49;1.74;Conectado;5456.82;0
11937;82.9;GM;Monofásico;7.1;3.5;0.98;Conectado;6432.7;0
11938;87.55;JS;Monofásico;80.9;3.56;0.13;Conectado;15130.2;0
11939;79.01;JS;Trifásico;44.3;6.06;2.33;Conectado;10381.13;0
11940;83.1;JS;Monofásico;17.8;3.53;0.58;Desconectado;23623.17;1
11941;;JS;Monofásico;16.2;2.99;0.1;Conectado;7274.83;0
11942;68.89;JS;Monofásico;34.9;3.23;1.47;Conectado;10306.36;0
11943;107.31;GM;Trifásico;9999.0;4.03;2.27;Desconectado;17487.04;1
11944;84.93;JS;Monofásico;40.2;3.42;0.47;Conectado;6058.9;0
11945;60.92;JS;Monofásico;57.1;3.7;2.63;Desconectado;5707.87;0
11946;54.18;JS;Trifásico;67.3;3.77;0.52;Conectado;4744.48;0
11947;69.42;JS;M;71.4;6.32;0.05;Conectado;12648.38;0
11948;89.3;GM;Monofásico;38.7;0.0;0.4;Conectado;6725.02;0
11949;75.58;JS;Monofásico;68.4;3.04;2.21;Conectado;10015.42;0
11950;48.31;JS;Trifásico;14.3;3.66;2.52;Conectado;6493.66;0
11951;72.87;GM;Monofásico;49.2;4.44;5.0;Conectado;26416.63;1
11952;74.97;GM;Trifásico;7.8;4.67;0.16;Conectado;5732.62;0
11953;46.01;JS;Trifásico;23.9;2.52;7.64;Conectado;14948.43;0
11954;75.29;SC;Trifásico;55.8;2.67;1.84;Conectado;9504.21;0
11955;62.84;SC;Trifásico;70.6;4.18;0.7;Conectado;11341.66;0
11956;52.97;SC;Monofásico;10.0;3.29;1.14;Conectado;20468.66;0
11957;94.25;JS;Trifásico;20.5;3.18;0.14;Conectado;;1
11958;62.31;GM;Monofásico;94.2;3.95;0.29;Conectado;7439.15;0
11959;66.99;JS;Trifásico;32.7;4.43;5.35;Conectado;12099.72;0
11960;66.83;JS;Trifásico;27.7;3.61;0.28;Conectado;6931.93;0
11961;75.03;JS;Trifásico;9.0;2.25;0.14;Conectado;19841.25;1
11962;96.2;JS;Trifásico;66.3;3.38;2.28;Conectado;1531.08;0
10871;60.65;GM;Monofásico;48.8;2.87;1.21;Conectado;10667.53;1
11964;71.32;SC;Trifásico;15.8;4.25;1.3;Conectado;10460.89;0
11965;76.45;JS;Monofásico;60.5;5.44;0.32;Conectado;5394.35;0
11966;64.57;JS;Trifásico;50.4;4.03;0.11;Desconectado;18527.43;0
11967;71.13;JS;Trifásico;54.1;4.15;5.02;Desconectado;2072.49;0
11968;82.13;GM;Trifásico;94.5;4.45;1.23;Desconectado;7518.59;0
11969;65.93;SC;Monofásico;3.7;4.88;0.29;nan;8712.44;0
11970;70.94;SC;Trifásico;87.0;3.33;0.56;Conectado;17574.85;0
11971;69.82;SC;Monofásico;80.1;3.76;0.27;Desconectado;27460.47;0
11972;73.75;SC;Monofásico;40.0;4.56;1.63;Conectado;16153.69;0
11973;77.92;JSS;Trifásico;83.8;3.05;4.07;Conectado;12108.24;0
11974;82.04;JS;Trifásico;62.0;2.59;1.25;Conectado;24959.3;1
11975;98.25;GM;Trifásico;84.6;3.43;2.42;Conectado;5151.89;0
11976;43.1;SC;Monofásico;56.9;4.81;2.81;Conectado;17234.5;0
11977;72.99;SC;Trifásico;21.3;3.91;3.11;Conectado;6061.79;0
11978;58.63;GM;Trifásico;55.2;3.43;2.33;Desconectado;10124.65;0
11979;70.38;GM;Trifásico;17.8;4.61;2.02;Conectado;15236.79;0
11980;85.57;GM;Monofásico;14.2;4.24;1.63;Conectado;13527.37;0
11981;89.37;GM;Trif;62.5;3.18;1.6;Conectado;7526.8;0
11982;89.94;JS;Monofásico;90.1;3.65;1.01;Conectado;4782.43;1
11983;-40.0;JS;Monofásico;56.3;2.98;1.76;Conectado;16282.41;0
11984;250.0;SC;Trifásico;75.8;3.91;1.63;Conectado;7835.65;1
11985;180.0;JS;Trifásico;16.8;4.31;;Desconectado;14836.51;0
11986;94.16;GM;Monofásico;62.5;1.83;0.9;Conectado;;1
11987;76.67;SC;Monofásico;69.9;2.98;1.48;Conectado;27980.19;0
11988;89.13;SC;Trifásico;4.9;5.14;4.06;Conectado;5472.45;1
11989;75.49;GM;Trifásico;10.1;3.53;0.71;Desconectado;8199.45;0
11990;91.92;JS;Monofásico;74.5;5.13;4.67;Conectado;12547.92;0
11991;73.06;SC;Trifásico;42.4;2.78;3.22;Conectado;29552.12;0
11992;67.69;SC;Trifásico;39.1;3.37;0.76;Conectado;4275.84;0
11993;61.56;JS;Monofásico;87.5;3.97;0.03;Conectado;11003.59;0
11994;72.92;JS;Monofásico;94.2;3.55;0.2;Conectado;16079.75;0
11995;76.01;GM;Trifásico;72.9;4.81;5.36;Conectado;6441.0;1
11996;63.65;SC;Trifásico;75.5;3.71;4.11;Conectado;5915.86;0
11997;72.0;GM;Trifásico;20.6;4.37;1.19;Conectado;27665.25;0
11998;68.68;SC;Monofásico;19.1;2.93;0.16;Conectado;15392.77;0
11999;62.08;JS;Monofásico;93.2;4.01;4.17;Conectado;;1
12000;87.43;JS;Monofásico;66.3;3.55;;Conectado;6087.64;0
12001;89.54;JS;Trifásico;65.6;3.0;7.65;Conectado;35735.64;1
12002;;GM;Trifásico;27.9;4.17;1.85;Conectado;17362.97;0
12003;73.99;JS;Monofásico;84.3;4.89;3.14;Conectado;6091.97;0
12004;74.73;GM;Trifásico;5.2;3.32;1.55;Desconectado;33698.65;1
12005;62.24;GM;Monofásico;26.8;4.14;0.07;Conectado;20040.11;0
12006;79.98;GM;Monofásico;17.9;3.63;0.16;Conectado;15974.65;0
12007;77.04;SP;Trifásico;67.8;3.89;9.32;Conectado;20147.0;0
12008;109.13;GM;nan;68.2;4.47;1.33;Conectado;32122.09;0
12009;88.05;JS;Trifásico;51.3;4.95;0.51;Conectado;14471.64;0
12010;78.78;JS;Monofásico;1.5;4.79;3.19;Conectado;5608.83;1
12011;74.5;JS;Trifásico;83.1;3.2;5.35;Conectado;10745.53;1
12012;87.02;GM;Monofásico;90.8;2.72;0.78;Conectado;15766.32;0
12013;64.01;JS;Monofásico;20.0;2.19;2.12;Desconectado;7207.54;0
12014;88.68;SC;Trifásico;80.2;4.31;0.7;Conectado;6846.38;0
12015;-15.0;JS;Trifásico;92.5;3.38;4.32;Conectado;13689.08;0
12016;68.26;JS;Trifásico;31.7;4.65;0.23;Conectado;9352.31;0
12017;52.94;JS;Trifásico;18.4;2.97;1.17;Desconectado;19268.08;0
12018;82.37;GM;Monofásico;92.9;4.16;1.19;Conectado;11851.61;0
12019;78.0;SC;Trifásico;6.6;2.38;2.53;Desconectado;3614.12;0
12020;68.26;GM;Trifásico;26.9;4.2;0.49;Conectado;29457.48;1
12021;;SC;Trifásico;70.8;4.11;1.61;Conectado;9549.19;0
12022;91.54;GM;Trifásico;59.0;2.92;2.01;Conectado;10890.45;0
12023;73.4;SC;Monofásico;65.3;3.95;5.54;Conectado;9078.19;1
12024;65.79;SC;Trifásico;67.6;5.46;1.87;Conectado;6405.21;0
12025;98.06;SC;Monofásico;65.5;4.35;0.35;Desconectado;14701.06;0
12026;67.12;JS;Monofásico;;6.16;0.27;Conectado;13935.41;0
12027;88.66;GM;Trifásico;30.3;3.92;6.45;Conectado;23900.47;0
12028;;SC;Monofásico;41.3;4.26;9.74;OFF;5700.15;0
12029;70.74;GM;Trifásico;76.9;3.42;0.46;Desconectado;9935.44;0
12030;;SC;Trifásico;89.2;4.0;3.48;Conectado;6139.6;0
12031;74.31;JS;Trifásico;43.8;3.02;0.72;Conectado;5404.58;0
12032;77.93;SC;Trifásico;9.1;4.52;4.47;Conectado;1500.34;0
12033;68.53;JS;Monofásico;89.2;3.16;0.25;Conectado;8476.07;0
12034;55.83;SC;Trifásico;8.6;5.13;1.44;Desconectado;6277.83;0
12035;92.59;SC;Trifásico;16.0;2.72;2.27;Conectado;11277.85;0
12036;69.27;GM;Trifásico;82.6;3.56;4.78;Conectado;9660.03;1
12037;78.47;JS;Trifásico;52.8;3.6;4.86;Desconectado;8743.21;0
12038;83.42;JS;Monofásico;34.2;2.91;0.51;Conectado;16475.93;0
12039;78.71;JS;Trifásico;88.5;3.99;8.54;Conectado;14532.0;0
12040;66.5;JS;Monofásico;91.3;3.37;2.54;Conectado;20692.44;0
12041;88.92;GM;Monofásico;32.1;4.92;2.69;Conectado;10453.96;0
12042;81.16;GM;Trifásico;82.6;3.15;5.5;Conectado;5017.47;1
12043;77.39;SC;Monofásico;64.8;4.14;0.97;Conectado;20600.57;0
12044;77.11;GM;Trifásico;26.8;3.73;1.34;Conectado;14554.97;0
12045;95.19;JS;Trifásico;89.5;3.63;10.5;Conectado;6486.09;0
12046;66.24;JS;Trifásico;6.9;3.87;0.04;Conectado;5078.49;0
12047;;JS;Trifásico;30.9;4.37;5.05;Conectado;5513.19;1
12048;;JSS;Monofásico;38.2;2.29;4.62;Conectado;11488.74;0
12049;;SC;Trifásico;65.9;-1.5;0.76;nan;27088.37;0
12050;51.45;SC;Monofásico;4.6;3.14;4.31;Conectado;8219.33;0
12051;62.82;JS;Trifásico;84.6;3.2;1.0;Conectado;14355.1;1
12052;67.1;JS;Monofásico;63.0;3.99;2.48;Conectado;11761.61;0
12053;101.08;GM;Trifásico;26.9;4.68;-5.0;Conectado;10521.55;0
12054;83.38;JS;Monofásico;62.9;5.04;0.27;Conectado;8413.28;0
12055;84.46;SC;Trifásico;51.5;3.33;5.64;Conectado;10318.28;1
12056;67.36;JS;Monofásico;32.6;1.52;1.97;Conectado;13003.81;0
12057;75.74;JS;Monofásico;3.7;-1.5;1.64;Conectado;11103.47;1
12058;102.67;SC;Monofásico;52.8;2.35;5.29;Conectado;15939.77;0
12059;60.43;JS;Trifásico;8.7;4.15;0.99;Conectado;17841.46;0
12060;80.47;SC;Trifásico;77.2;3.08;2.11;Desconectado;9401.23;0
12061;94.34;JSS;Monofásico;9.3;4.07;85.0;Conectado;15510.12;1
12062;86.59;SC;Trifásico;41.3;3.12;1.05;Conectado;19801.93;0
12063;96.62;SC;Trifásico;41.8;;3.94;Conectado;9635.32;0
12064;77.55;SC;Trifásico;53.3;2.89;1.81;Conectado;15914.1;0
12065;82.24;JS;Trifásico;4.7;4.12;0.43;Conectado;13214.53;0
12066;76.32;SC;Trif;20.2;2.74;0.1;Conectado;22862.55;0
12067;81.4;SC;Trifásico;19.8;4.24;3.24;Conectado;;0
12068;64.02;JS;Trifásico;57.3;5.22;0.76;Conectado;5860.09;0
12069;84.51;GM;Trifásico;25.8;5.14;4.23;Conectado;6105.17;0
12070;78.53;nan;Trifásico;14.6;2.52;0.52;Conectado;8739.53;0
12071;75.75;GM;Trifásico;2.7;2.72;2.1;Conectado;10870.47;0
12072;95.96;GM;Monofásico;80.0;4.18;0.25;Conectado;6577.0;0
12073;71.82;JS;Trifásico;92.3;2.95;3.33;Conectado;10058.99;0
12074;89.49;SC;Monofásico;67.1;4.3;3.63;Desconectado;20317.54;0
12075;90.69;JS;Trifásico;39.8;2.43;6.21;Desconectado;20314.98;1
12076;85.27;JS;Trifásico;12.5;3.74;2.06;Conectado;10669.69;0
12077;63.42;GM;Trifásico;45.7;4.56;0.28;Conectado;7167.96;0
12078;79.31;SC;Trifásico;44.0;2.56;4.4;Conectado;15427.26;0
12079;98.5;JS;Monofásico;40.5;3.71;0.94;Conectado;20627.94;0
12080;53.18;SC;Trifásico;36.6;3.7;5.75;Conectado;14389.76;0
12081;72.75;GM;Monofásico;47.7;4.29;9.52;Desconectado;11667.4;1
12082;88.95;SC;Monofásico;7.9;3.26;0.36;Conectado;16618.16;0
12083;73.62;SC;Trifásico;4.6;2.66;0.22;Conectado;8121.72;1
12084;84.72;SC;Trifásico;7.0;1.78;5.7;Conectado;19921.93;0
12085;91.91;JS;Trifásico;19.8;4.86;5.73;Conectado;9186.88;0
12086;77.78;JS;Monofásico;27.1;4.47;2.2;Conectado;7936.99;1
12087;81.11;SC;Monofásico;16.9;3.78;5.48;Conectado;25655.57;0
12088;76.1;JS;Monofásico;24.7;3.76;6.67;Conectado;7759.95;1
12089;78.57;SC;Trifásico;18.5;4.14;2.03;Conectado;8975.28;0
12090;100.23;SC;Monofásico;15.2;;2.9;Conectado;16709.51;0
12091;74.23;SC;Monofásico;28.5;2.19;2.38;Conectado;3971.13;0
12092;70.76;JS;Trifásico;38.4;2.38;0.48;Conectado;19051.95;0
12093;87.5;GUARAMIRIM;Trifásico;71.0;2.26;1.43;Conectado;30395.12;0
12094;64.88;JS;Trifásico;90.8;3.52;2.86;Conectado;9838.49;0
12095;67.62;SC;Trifásico;87.4;3.95;2.36;Conectado;7010.13;1
12096;67.7;JS;Monofásico;45.7;-1.5;0.61;Conectado;7649.21;0
12097;71.93;SC;Trifásico;44.4;1.47;6.01;Desconectado;;0
12098;72.45;JS;Trifásico;12.8;2.73;3.83;Conectado;20861.65;0
12099;83.39;SC;Mono;92.3;3.9;0.18;Desconectado;18068.39;0
11574;70.89;JS;Trifásico;72.4;4.0;1.05;Desconectado;14394.18;0
12101;83.87;SC;Trifásico;80.7;3.64;13.53;Conectado;11366.88;0
12102;85.37;JS;Monofásico;23.0;2.9;1.23;Conectado;5732.26;0
12103;67.16;JS;Trifásico;38.7;3.24;2.72;Conectado;11849.83;0
12104;85.11;GM;Trifásico;10.6;3.69;0.27;Conectado;5630.84;0
12105;86.2;JS;Monofásico;89.4;2.43;0.93;Desconectado;;0
12106;53.87;SC;Trifásico;27.9;3.12;5.34;Conectado;11440.48;0
12107;78.52;GM;Trifásico;57.0;2.7;1.79;Conectado;12518.66;0
12108;68.92;SC;Trifásico;15.3;4.2;4.36;Conectado;16294.09;0
12109;;GM;Trifásico;76.5;3.07;0.02;Desconectado;15703.65;0
12110;68.8;JS;Trifásico;18.5;2.75;2.74;Conectado;27064.07;1
12111;58.93;JS;Trifásico;77.1;3.39;0.89;Conectado;7853.5;0
12112;74.64;JS;Trifásico;38.8;4.4;4.93;Conectado;16009.85;0
12113;64.24;JS;Monofásico;55.3;3.78;7.21;Conectado;14273.54;0
12114;85.2;JS;Trifásico;26.4;4.68;2.91;Desconectado;14876.91;0
12115;65.3;JS;Monofásico;84.0;4.56;0.39;Conectado;20483.35;0
12116;74.79;SC;Trifásico;72.4;3.2;1.58;Conectado;14306.9;0
12117;93.55;GM;nan;150.0;3.91;1.56;Conectado;10166.92;0
12118;88.18;JS;Monofásico;56.0;4.68;4.43;Conectado;15588.57;1
12119;80.73;JS;Trifásico;13.1;3.41;1.54;OFF;;0
12120;73.47;JS;Trifásico;16.1;3.99;1.01;Conectado;8091.85;1
12121;79.59;JS;Trifásico;51.2;3.08;2.36;Desconectado;5298.7;0
12122;83.27;SC;Monofásico;61.2;3.62;2.6;Conectado;;0
12123;63.16;JS;Trifásico;53.4;3.59;4.15;Conectado;31230.66;0
12124;85.22;JS;Trifásico;53.6;4.3;5.77;Conectado;16565.19;0
12125;61.78;SC;Trifásico;70.8;3.49;5.52;Desconectado;4764.22;0
12126;81.87;GM;Monofásico;85.8;3.97;2.46;Conectado;12454.04;0
12127;61.72;SC;Trifásico;-5.0;4.1;1.86;Desconectado;12816.81;0
12128;98.55;SC;Trifásico;51.5;0.0;4.04;Conectado;15368.65;0
12129;84.16;JS;Trifásico;84.9;3.48;0.92;Conectado;8184.37;0
12130;56.33;JS;Monofásico;44.6;4.17;3.55;Conectado;12085.02;1
12131;74.99;JS;Trifásico;42.8;5.27;-5.0;Conectado;16483.17;1
12132;68.74;JS;Trifásico;73.1;2.79;0.33;Conectado;14407.73;1
12133;-40.0;GM;Monofásico;83.5;4.22;3.49;Conectado;;0
12134;76.77;SC;Trifásico;70.3;4.77;2.61;Desconectado;10503.74;0
12135;63.86;JS;Monofásico;10.4;3.88;0.22;Conectado;8236.59;0
12136;84.14;JS;Monofásico;44.7;3.08;1.5;Desconectado;18730.87;1
12137;83.46;JS;Monofásico;20.9;3.76;1.67;Conectado;1915.3;0
12138;79.22;SC;Trifásico;30.8;3.03;2.65;Conectado;24584.26;1
12139;74.77;JS;Trifásico;45.1;3.4;2.84;Desconectado;;0
12140;82.92;JS;Trifásico;21.8;4.11;0.53;Conectado;12489.48;0
12141;84.5;SC;Monofásico;49.5;3.75;0.09;Conectado;11715.78;0
12142;80.46;nan;Monofásico;61.5;3.96;3.95;Conectado;27298.15;0
12143;59.26;JS;Trifásico;83.2;2.86;9.99;Desconectado;8947.86;0
12144;65.54;JS;Monofásico;20.9;3.31;7.06;Desconectado;27080.46;0
12145;71.78;JS;Monofásico;30.2;4.29;1.74;Conectado;15333.7;0
12146;;JS;Trifásico;39.1;2.46;1.88;Conectado;21733.99;1
12147;77.69;JS;Trifásico;22.1;2.74;6.67;Conectado;18957.73;0
12148;91.93;SC;Trifásico;32.2;3.56;1.96;Conectado;8579.47;0
12149;90.02;SC;Trifásico;84.0;3.39;0.81;Conectado;2684.02;0
12150;83.88;SC;Monofásico;14.0;4.42;2.83;Conectado;8741.83;1
12151;83.73;GM;Monofásico;42.7;1.88;1.62;Conectado;1734.53;1
12152;101.58;JS;Trifásico;30.2;0.0;3.84;Conectado;10567.05;1
12153;85.13;GM;Trifásico;8.3;4.9;3.82;Conectado;24494.78;0
12154;86.11;JS;Trifásico;10.0;4.06;6.87;Conectado;5492.38;0
12155;57.73;JS;Monofásico;74.8;2.57;0.37;Conectado;11776.39;0
12156;;JS;Monofásico;81.1;5.74;1.84;Desconectado;10503.51;0
12157;79.78;JS;Trifásico;70.7;3.36;3.85;Conectado;22900.47;1
12158;74.04;GM;Trifásico;51.7;1.85;1.43;Desconectado;2281.05;0
12159;71.07;JS;Trifásico;73.6;4.45;2.46;Conectado;20685.84;0
12160;68.42;JS;Trifásico;15.3;3.15;4.25;Desconectado;3889.19;0
12161;90.08;JS;Monofásico;74.3;5.3;1.6;Conectado;15341.34;0
12162;;JS;Trifásico;40.8;-1.5;1.31;Desconectado;10085.37;0
12163;68.86;JS;Trifásico;71.5;5.5;0.5;Conectado;8102.64;1
12164;65.74;JS;Trifásico;22.4;2.96;4.35;Desconectado;11953.03;0
12165;77.05;JS;nan;79.3;0.0;3.97;Conectado;7657.48;0
12166;70.68;GM;Trifásico;54.4;3.15;3.4;Conectado;10388.93;0
12167;67.95;JS;Trifásico;1.7;;1.25;Desconectado;25548.31;0
12168;58.41;JS;Monofásico;49.8;3.94;2.19;Conectado;6374.97;0
12169;86.51;SC;Trifásico;30.2;4.91;0.33;Conectado;3750.09;0
12170;73.34;GM;Trifásico;6.4;4.45;0.96;Desconectado;6652.12;1
12171;61.98;JS;Trifásico;43.0;3.43;1.43;Conectado;10340.83;0
12172;71.75;JS;Monofásico;30.3;4.67;0.11;OFF;10280.85;0
12173;81.59;GM;Trifásico;20.2;3.73;0.27;Conectado;7549.68;0
12174;75.35;JS;Monofásico;33.8;4.35;4.43;Conectado;18748.45;0
12175;77.29;SC;Trifásico;17.9;4.04;8.87;Conectado;21569.98;0
12176;75.51;JS;Trifásico;29.2;3.63;0.97;Conectado;6589.65;0
12177;59.68;GM;Trifásico;11.8;2.74;0.28;Conectado;7324.43;0
12178;86.38;GM;Monofásico;8.9;3.96;6.85;Conectado;8320.19;0
12179;54.5;GM;Trifásico;86.5;3.26;6.14;Conectado;15291.16;0
12180;80.54;JS;Trifásico;85.9;2.82;2.66;Conectado;4349.63;0
12181;82.39;JS;Trifásico;78.8;4.46;1.03;Conectado;13065.31;0
12182;-15.0;JS;Trifásico;22.7;3.3;0.3;Desconectado;9127.13;0
12183;79.24;GM;Trifásico;69.2;2.36;7.01;Conectado;7299.68;1
12184;71.67;GM;Trifásico;56.4;3.8;6.33;Conectado;23917.0;1
12185;79.39;JS;Trifásico;5.8;3.68;3.4;Desconectado;7267.08;0
12186;86.92;SC;Trifásico;9999.0;3.75;6.79;Conectado;8100.28;0
12187;65.49;JS;Trifásico;94.8;3.75;0.38;Conectado;25246.1;0
12188;83.09;JS;Trifásico;67.6;3.0;0.29;Conectado;11354.39;0
12189;95.31;SC;Trifásico;22.8;3.48;0.53;Conectado;23501.93;0
12190;78.17;JS;Trifásico;53.1;4.63;0.61;Desconectado;17432.71;0
12191;68.96;JS;Trifásico;11.3;4.48;4.39;Conectado;6182.19;0
12192;102.16;JS;Trifásico;29.1;3.52;6.37;Conectado;11057.2;0
12193;76.06;GM;Trifásico;68.4;4.27;0.61;Conectado;13506.12;1
12194;77.78;GM;Monofásico;-5.0;3.87;1.55;Conectado;;1
12195;-15.0;GM;Trifásico;14.8;3.54;1.52;Conectado;6841.19;0
12196;80.37;SC;Monofásico;1.7;4.8;0.49;Conectado;15903.08;1
12197;70.93;SC;Trifásico;54.8;3.08;4.8;Conectado;47088.36;0
12198;77.28;JS;Trifásico;92.1;4.05;1.85;Desconectado;8398.59;0
12199;86.43;GM;Trifásico;46.5;2.47;2.09;Desconectado;12297.84;0
12200;70.52;SC;Trifásico;21.0;4.09;0.75;Conectado;11664.24;0
12201;69.96;SC;Trifásico;44.5;3.27;2.05;Conectado;16331.08;1
12202;71.49;SC;Trifásico;57.6;3.49;3.93;Conectado;11305.91;0
12203;61.83;GM;Monofásico;76.3;3.57;0.91;Conectado;12571.94;0
12204;66.81;JS;Trifásico;43.6;2.03;0.3;Conectado;13045.42;1
12205;66.32;JS;Monofásico;17.3;2.51;2.19;Desconectado;5510.89;0
12206;74.99;SC;Trifásico;18.7;4.46;2.53;Desconectado;23913.32;0
12207;180.0;GM;Monofásico;85.6;3.88;0.56;Desconectado;11756.83;1
12208;92.44;SC;Trifásico;23.2;4.97;0.71;Conectado;3797.1;0
12209;75.69;GUARAMIRIM;Monofásico;69.4;2.71;0.42;Conectado;24470.98;0
12210;80.48;JS;Trifásico;26.3;4.48;6.36;Conectado;13472.92;0
12211;77.92;SC;Trifásico;68.7;4.17;0.6;Desconectado;10480.85;0
12212;49.88;SC;Trifásico;8.4;4.73;0.03;Conectado;15977.37;1
12213;61.23;SC;Monofásico;20.5;3.71;4.58;Conectado;9109.85;0
12214;84.14;JS;Monofásico;39.4;3.89;4.06;Conectado;26007.08;0
12215;85.3;GM;Trifásico;49.4;3.1;1.52;Conectado;5312.42;1
10184;85.03;SC;Monofásico;34.2;3.58;3.99;Desconectado;23763.2;1
12217;-15.0;SC;Trifásico;54.9;3.41;1.49;Conectado;10998.45;0
12218;51.06;JS;Trifásico;31.6;2.74;0.64;Conectado;23670.1;0
12219;62.66;JS;Trifásico;64.8;3.91;1.39;Conectado;15678.8;0
12220;64.49;GM;Monofásico;49.1;4.55;1.67;Conectado;9839.24;1
12221;82.55;JS;Trifásico;67.3;4.74;0.02;Conectado;6787.3;1
12222;70.71;SC;Trifásico;41.5;3.15;0.3;Conectado;4257.05;0
12223;95.28;JS;Trifásico;83.4;3.77;5.19;Conectado;7909.65;0
12224;92.61;SC;Trifásico;36.9;3.69;1.25;Conectado;;0
12225;95.08;JS;Trifásico;30.0;4.98;1.01;Desconectado;28267.06;0
12226;64.0;JS;Trifásico;53.4;5.23;5.48;Conectado;12384.74;1
12227;80.89;GM;Trifásico;48.9;2.76;0.42;Conectado;2401.89;0
12228;69.27;SC;Trifásico;49.7;4.19;0.61;Conectado;7577.36;0
12229;78.93;JS;Trifásico;75.8;4.22;4.4;Conectado;4091.11;0
12230;65.33;JS;Trifásico;56.3;3.64;0.82;Conectado;17414.77;1
12231;89.71;GM;Monofásico;84.2;2.79;2.51;Conectado;9043.77;0
12232;65.56;JS;Trifásico;59.2;4.36;3.36;Conectado;9732.08;0
12233;51.63;SC;Monofásico;3.0;4.77;0.63;Conectado;;1
12234;99.41;JS;Trifásico;82.8;3.36;0.73;Conectado;9076.02;0
12235;80.31;GM;Trifásico;79.9;4.76;1.82;Conectado;4309.13;0
12236;62.17;SC;Trifásico;5.6;3.8;3.93;Conectado;5076.29;0
12237;73.05;SC;Monofásico;12.8;4.94;2.02;Conectado;12622.46;0
12238;68.08;JS;Monofásico;53.3;4.94;0.17;Desconectado;10633.05;0
12239;320.0;GM;Trifásico;-10.0;3.78;1.08;Conectado;7614.67;0
12240;84.63;JS;Trifásico;39.6;4.13;1.0;Conectado;30740.93;0
12241;82.75;GM;Monofásico;92.7;3.24;4.12;Conectado;16047.35;1
12242;78.04;JS;Trifásico;17.2;2.5;0.86;Conectado;6930.35;0
12243;75.06;SC;Monofásico;20.4;4.0;;Conectado;8049.36;1
12244;87.94;JS;Trifásico;64.6;2.63;1.02;Conectado;9953.18;0
12245;51.89;SC;Monofásico;5.1;5.47;0.54;Conectado;14525.42;0
12246;66.01;JS;Trifásico;78.1;4.71;1.94;Conectado;7483.23;0
12247;63.26;JS;Trifásico;19.7;3.68;1.22;Conectado;11273.74;0
12248;87.08;JS;Monofásico;51.0;5.93;2.61;Conectado;21764.8;0
12249;66.13;JS;Trifásico;150.0;3.3;6.18;Conectado;10620.61;0
12250;59.57;JS;Trifásico;62.9;3.49;7.07;Conectado;9322.18;0
12251;81.59;JS;Trifásico;56.2;3.48;0.64;Desconectado;6644.81;0
12252;64.1;GM;Trifásico;90.0;3.75;0.44;Desconectado;16971.4;0
12253;70.79;JS;Trifásico;42.9;3.55;7.03;Conectado;12914.15;0
12254;103.57;SC;Monofásico;83.2;4.17;4.18;Desconectado;6524.3;0
12255;84.45;JS;Monofásico;55.1;3.0;0.76;Conectado;12957.76;0
12256;72.47;SC;Trifásico;87.0;3.9;4.09;Desconectado;49474.1;0
12257;73.55;JS;Monofásico;28.4;3.37;3.38;Conectado;15515.51;0
12258;85.89;GM;Trifásico;52.7;3.85;0.73;1;18335.26;0
12259;82.95;GM;Trifásico;37.7;2.93;5.91;Conectado;11423.23;0
12260;75.91;JS;Trifásico;7.2;3.11;0.97;Conectado;8789.67;1
12261;76.24;SC;Monofásico;55.0;5.5;1.64;Conectado;19933.52;0
12262;57.24;JS;Monofásico;75.7;3.06;2.35;Conectado;18483.21;1
12263;54.72;SC;Trifásico;53.3;4.22;0.53;Conectado;17404.35;1
12264;72.88;JS;TRIF;27.3;3.37;2.36;Conectado;12279.15;0
12265;67.4;JS;Trifásico;25.8;2.99;3.06;Desconectado;15375.08;0
12266;;JS;Trifásico;23.4;3.85;0.27;nan;37455.75;0
12267;77.37;SC;Trifásico;93.1;3.1;1.19;Desconectado;12110.88;1
12268;65.73;JS;Trifásico;38.5;4.21;2.37;Conectado;9416.45;0
12269;76.96;SC;Monofásico;30.8;3.7;6.52;Conectado;13943.13;0
12270;69.98;SC;Monofásico;40.3;4.87;5.54;Conectado;16917.9;0
12271;99.8;JS;Trifásico;11.9;2.76;0.46;Conectado;6777.56;0
12272;79.63;SC;Trifásico;19.4;4.02;2.36;Conectado;15732.2;0
12273;56.27;GM;Monofásico;48.8;4.1;0.26;Desconectado;9812.24;0
12274;96.85;GM;Monofásico;76.1;3.0;0.87;Conectado;29595.82;0
12275;67.4;SC;3-Fase;83.4;3.27;2.27;Conectado;5363.31;0
12276;63.3;SC;Trif;82.4;2.66;0.21;Desconectado;19257.3;0
12277;100.72;SC;Monofásico;89.8;2.55;5.49;Conectado;35808.79;0
12278;79.15;JS;Monofásico;12.8;3.71;4.42;Conectado;4879.89;0
12279;83.41;JS;3-Fase;4.9;4.45;1.6;Conectado;22982.99;1
12280;83.8;JS;Trifásico;10.9;3.69;1.69;Conectado;8208.9;0
12281;72.53;JS;Trifásico;57.5;3.73;5.33;Conectado;3616.24;0
12282;68.13;JS;Trifásico;53.3;2.76;0.13;Conectado;7262.45;1
12283;70.09;GM;Monofásico;64.1;2.12;0.39;Conectado;16762.37;0
12284;94.31;JS;Trifásico;35.9;4.07;0.92;Conectado;15927.26;1
12285;77.45;SC;Monofásico;37.8;3.27;1.13;Conectado;10657.71;0
12286;90.75;SC;Trifásico;52.3;2.36;10.94;Conectado;4885.49;0
12287;74.08;JS;Trif;8.4;3.36;0.4;Conectado;4172.98;0
12288;65.94;JS;Monofásico;76.2;4.0;0.9;Desconectado;12528.32;1
12289;57.69;SC;Monofásico;87.7;4.12;4.4;Conectado;5453.72;0
12290;320.0;SC;Monofásico;37.4;3.96;3.84;Conectado;8646.07;0
12291;95.33;GM;Trifásico;70.5;3.24;2.66;Conectado;5049.83;0
12292;64.37;JS;Trifásico;52.6;4.28;1.0;Conectado;14847.53;0
12293;81.16;GM;Monofásico;23.2;3.78;0.31;Conectado;6740.45;0
12294;58.49;JS;Monofásico;7.4;3.1;10.27;Conectado;21733.0;0
12295;-15.0;SC;Monofásico;24.1;2.91;0.72;Conectado;6183.49;0
12296;78.22;SC;Trifásico;57.9;3.96;4.65;Conectado;14630.98;0
12297;54.26;JS;Trifásico;4.8;4.5;5.63;Conectado;1984.43;0
12298;74.78;JS;Trifásico;79.6;4.27;1.45;Conectado;24865.18;1
12299;64.96;JS;Monofásico;92.2;3.93;4.76;Conectado;19696.54;0
12300;82.26;JS;Monofásico;8.8;4.31;0.82;Conectado;;1
12301;73.02;SC;Trifásico;24.2;5.7;5.52;Conectado;15844.3;0
12302;86.27;JS;Trifásico;64.5;4.03;2.53;Conectado;14642.91;1
12303;71.64;SC;3-Fase;76.8;3.93;0.54;Desconectado;12526.5;0
12304;58.65;JS;Trifásico;33.5;4.24;3.86;Conectado;6580.01;0
12305;-15.0;SC;Trifásico;49.4;4.4;6.12;Conectado;3652.41;0
12306;52.09;SC;Monofásico;84.8;2.73;2.11;Desconectado;10556.89;0
12307;82.6;SC;Trifásico;37.1;3.94;3.57;Conectado;7501.54;0
12308;105.69;SC;Trifásico;8.7;4.6;3.96;Conectado;6104.12;0
12309;80.22;JS;Trifásico;94.5;5.2;3.87;Conectado;13291.34;0
12310;95.06;GM;Monofásico;17.9;3.82;1.51;Conectado;16363.28;0
12311;88.6;JS;Trifásico;5.6;3.44;3.37;Conectado;12483.13;0
12312;68.78;JS;Monofásico;39.6;3.93;1.99;OFF;3420.96;0
12313;90.18;JS;Monofásico;12.4;3.28;1.34;Conectado;23739.59;0
12314;69.26;SC;Trifásico;93.0;5.06;0.45;Conectado;4472.33;0
12315;69.5;SC;3-Fase;36.8;4.18;5.99;Conectado;3645.52;0
12316;72.5;SC;Monofásico;78.6;3.76;1.34;Conectado;13294.95;0
12317;73.07;JS;Trifásico;17.6;4.69;0.68;Conectado;10803.65;0
12318;82.94;JS;Trifásico;14.0;2.88;0.69;Conectado;10281.68;0
12319;66.95;GM;M;9999.0;2.14;0.69;Conectado;11303.71;0
12320;85.67;SC;Monofásico;86.5;4.14;0.01;Conectado;11392.64;0
12321;85.5;JS;Trifásico;11.8;4.66;1.44;Desconectado;6395.15;0
12322;79.12;SC;Trifásico;56.4;3.69;5.53;Conectado;9992.56;0
12323;98.28;JS;Monofásico;9.0;3.26;0.06;Desconectado;6635.74;0
12324;90.45;JS;Trifásico;77.3;3.03;7.84;Conectado;7954.04;0
12325;87.84;JS;Trifásico;86.5;2.81;0.49;Conectado;13174.66;1
12326;75.79;GUARAMIRIM;Trifásico;60.1;4.33;3.17;Conectado;6166.4;1
12327;79.22;JS;Trifásico;65.7;4.45;3.85;Conectado;;0
12328;81.29;GM;Monofásico;6.2;4.53;3.32;Conectado;3914.54;0
12329;75.16;SC;Monofásico;7.9;3.81;1.04;Conectado;9692.83;0
12330;70.49;JS;Monofásico;17.9;2.88;3.04;Conectado;15734.06;0
12331;46.13;SCH;Monofásico;26.7;3.23;1.6;Conectado;5199.84;0
12332;83.61;GM;Trifásico;72.4;4.28;0.41;Desconectado;7519.52;1
12333;87.5;JS;Trifásico;41.9;2.97;0.56;Conectado;;0
12334;61.07;SCH;Trifásico;8.4;3.72;0.07;Conectado;8625.64;1
12335;;SC;Trifásico;81.1;2.99;-5.0;Conectado;9345.93;0
12336;67.9;JS;Trifásico;94.4;3.24;3.25;Conectado;13015.65;0
12337;70.6;JS;Trifásico;43.8;2.88;8.69;Conectado;11299.19;0
12338;90.73;JS;Trifásico;49.1;0.0;0.36;Conectado;20196.86;0
12339;63.11;SC;Trifásico;;2.63;1.09;Desconectado;3651.95;1
12340;63.09;JS;Trifásico;37.0;3.19;0.5;Desconectado;5287.04;0
12341;96.66;SC;Trifásico;35.9;4.48;3.58;Desconectado;2407.12;0
12342;;SC;Trifásico;91.8;4.64;6.3;Conectado;5417.77;0
12343;89.96;JS;Trifásico;63.1;4.34;0.3;Conectado;18240.49;0
12344;-15.0;GM;Trifásico;74.5;4.93;5.85;Conectado;21067.04;0
12345;56.78;GM;Monofásico;13.1;2.74;0.79;Conectado;13363.2;0
12346;64.04;JS;Monofásico;40.2;3.73;0.63;0;7607.96;0
12347;69.22;GM;Trifásico;19.0;3.86;0.15;Conectado;10374.38;0
12348;58.16;JS;Monofásico;81.9;5.36;0.21;Conectado;11859.71;0
12349;79.43;JS;Monofásico;15.3;3.61;0.18;Conectado;10498.88;0
12350;80.22;JS;Trifásico;42.3;4.44;1.48;Desconectado;6576.43;0
12351;64.22;SC;Trifásico;6.0;5.15;2.69;Conectado;6197.39;0
12352;65.18;SC;Monofásico;60.6;3.9;0.51;Conectado;6754.07;0
12353;66.76;JS;Monofásico;46.3;3.42;0.61;Conectado;6457.24;0
12354;61.02;JS;Trifásico;47.8;3.49;0.47;Conectado;18103.53;1
12355;40.25;JS;Monofásico;10.6;2.43;4.11;Conectado;13202.27;0
12356;73.98;GM;Trifásico;49.3;3.43;0.37;Desconectado;17549.07;0
12357;69.83;GM;Trifásico;54.0;2.66;0.19;Conectado;10342.6;0
12358;71.06;SC;Trifásico;91.5;4.43;0.09;Conectado;13901.57;0
12359;62.86;SC;Trifásico;4.1;2.55;0.1;Conectado;13735.99;0
12360;84.73;SC;Trifásico;87.7;4.11;1.98;Conectado;10572.37;0
12361;104.1;JS;Monofásico;46.1;4.71;0.25;Conectado;10860.06;0
12362;64.99;JS;Trifásico;20.8;4.38;0.63;Conectado;13239.77;0
12363;91.8;SC;Trifásico;63.6;3.41;4.47;Conectado;12075.74;0
12364;79.4;SC;Trifásico;49.6;4.41;8.61;Desconectado;24868.59;0
12365;75.43;JS;Trifásico;22.3;3.81;4.93;Desconectado;8394.0;1
12366;70.87;GM;Monofásico;59.9;3.43;8.02;Conectado;10391.31;1
12367;74.0;GM;Trifásico;45.5;3.51;2.78;Conectado;10186.48;0
12368;88.8;JS;Trifásico;65.8;4.15;10.9;Conectado;10301.99;0
12369;61.34;SC;Trifásico;65.8;2.55;1.71;Conectado;21149.26;0
12370;71.7;GM;Trifásico;45.4;3.4;3.96;Conectado;5488.91;1
12371;89.99;JS;Trifásico;37.7;4.1;8.91;Conectado;19566.15;0
12372;86.8;SC;Trifásico;6.9;3.39;3.09;Conectado;7966.45;0
12373;61.53;JS;Trifásico;47.4;2.77;7.85;Conectado;;0
12374;72.81;JS;Trifásico;23.9;3.09;0.73;Conectado;5758.28;0
12375;83.74;GM;Monofásico;6.0;3.94;0.89;Conectado;9851.59;0
12376;82.96;JS;Trifásico;32.1;4.19;1.27;Conectado;5979.61;0
12377;86.7;JS;Trifásico;9.2;4.67;1.56;Conectado;31970.8;1
14568;79.61;JS;Monofásico;55.5;4.42;5.69;Conectado;7418.31;0
12379;81.62;JS;Monofásico;48.3;4.42;5.47;Conectado;13246.45;1
12380;79.11;JS;Trifásico;75.5;2.26;2.68;Conectado;8638.88;0
12381;-15.0;SC;Monofásico;26.2;4.4;0.66;Conectado;10711.96;0
12382;69.94;JS;Monofásico;35.9;3.39;0.69;Desconectado;18482.64;0
12383;75.58;SC;Trifásico;;2.65;2.5;Conectado;2538.85;0
12384;;SC;Trifásico;94.3;4.25;1.75;Conectado;3796.32;0
12385;60.46;JS;Trifásico;86.0;3.94;85.0;Conectado;10891.34;0
12386;78.9;SC;Trifásico;50.0;4.51;0.46;Desconectado;12662.98;0
12387;250.0;SC;Trifásico;64.7;3.37;3.21;Conectado;13284.45;0
12388;74.31;JS;Trifásico;51.0;3.8;4.19;Desconectado;20698.9;0
12389;94.41;JS;Monofásico;41.9;2.36;0.76;Conectado;16765.0;0
12390;93.72;SC;Trifásico;57.6;;1.38;Conectado;1114.04;0
12391;101.69;GM;Trifásico;37.3;2.73;3.12;Conectado;2238.92;0
12392;94.65;JS;Trifásico;27.3;3.15;1.58;Conectado;4301.0;0
12393;;JS;Monofásico;67.3;2.98;8.13;Conectado;6937.12;0
12394;80.24;JS;Monofásico;83.0;3.97;0.35;Desconectado;9801.1;0
12395;64.16;JS;Trifásico;28.1;3.12;4.82;Conectado;11226.47;0
12396;63.0;SC;Trif;67.4;4.66;0.91;Desconectado;6557.55;0
12397;91.76;JS;Trifásico;41.8;4.05;2.9;Conectado;;0
12398;75.62;JS;Monofásico;29.4;2.61;0.73;Desconectado;5695.4;0
12399;76.51;JS;Trifásico;59.4;4.42;8.49;Conectado;29134.79;0
12400;68.41;JS;Trifásico;89.3;4.53;0.13;Conectado;11837.77;0
12401;69.85;JS;Trifásico;34.1;3.22;1.8;Conectado;21028.45;0
12402;79.61;JS;Monofásico;72.4;2.88;6.03;Desconectado;8738.52;0
12403;62.34;JS;Trifásico;30.6;4.12;1.59;Conectado;11951.51;1
12404;78.09;GM;Monofásico;76.6;4.33;4.59;Desconectado;9949.27;0
12405;93.13;GM;Trifásico;72.4;3.0;7.48;Conectado;3390.51;0
12406;49.4;JS;Trifásico;73.0;4.54;0.18;Conectado;11545.09;0
12407;56.5;SC;Trifásico;94.8;3.34;1.68;Conectado;4326.72;0
12408;83.11;JS;Monofásico;14.2;4.75;2.9;Conectado;9257.93;0
12409;91.37;JS;Monofásico;37.6;2.54;4.46;Conectado;9889.8;0
12410;;JS;Monofásico;60.3;3.21;0.45;Conectado;30956.35;1
12411;51.02;JS;Monofásico;56.5;3.63;2.09;Conectado;16810.98;0
12412;92.18;SC;Monofásico;74.4;3.01;0.44;Conectado;10445.27;0
12413;65.27;JS;Monofásico;5.4;3.77;3.52;Conectado;12282.18;0
11749;70.67;JS;Trifásico;67.3;3.52;0.84;Desconectado;17099.96;0
12415;78.83;SC;Monofásico;70.3;3.63;0.78;Conectado;15764.54;0
12416;67.0;SC;Monofásico;6.7;3.48;3.67;Conectado;11065.37;0
12417;64.49;JS;Trifásico;51.6;2.77;4.61;Conectado;7482.83;0
12418;64.71;JS;3-Fase;24.0;3.78;1.05;Desconectado;16086.0;1
12419;97.3;JS;Trifásico;76.4;3.7;1.74;Conectado;3143.6;0
12420;-15.0;JS;Trifásico;5.7;2.99;2.96;Conectado;14150.11;0
12421;81.89;SCH;Trifásico;14.7;4.8;3.42;Conectado;30510.84;1
12422;48.76;JS;Trifásico;10.8;4.05;3.68;Conectado;;0
12423;81.94;SC;Trifásico;7.1;4.38;1.24;Conectado;6742.63;0
12424;81.29;SC;Monofásico;57.4;3.15;1.92;Conectado;10073.12;0
12425;59.66;SC;Trifásico;82.6;1.95;0.29;Desconectado;40724.05;0
12426;78.1;JS;Trifásico;49.0;5.2;7.42;Desconectado;3019.65;0
12427;180.0;JS;Monofásico;20.8;3.93;3.02;Conectado;15002.26;0
12428;81.83;JS;Trifásico;33.3;4.09;1.18;Conectado;5257.95;0
12429;66.84;SC;Trifásico;34.9;4.06;1.23;Conectado;4615.73;0
12430;75.16;JS;Trifásico;43.5;4.12;0.24;Desconectado;13113.27;0
12431;83.76;GM;Trifásico;40.5;2.95;1.53;Desconectado;18087.01;0
12432;75.71;SC;Trifásico;64.1;2.98;2.79;Conectado;11895.18;0
12433;90.05;GM;Monofásico;33.0;2.98;7.62;Conectado;1669.65;1
12434;-40.0;SC;Trifásico;63.3;4.24;2.61;Conectado;;0
12435;84.04;GM;Trifásico;52.4;2.83;2.63;Conectado;;1
12436;84.86;SC;Monofásico;5.6;2.58;3.86;Conectado;21800.51;0
12437;62.2;GM;Monofásico;87.4;3.29;1.78;Conectado;12264.15;0
12438;75.6;JS;Mono;17.7;3.58;0.08;Conectado;1376.98;1
12439;71.01;JS;Trifásico;43.4;3.76;5.51;Conectado;23941.03;0
12440;87.53;SC;Monofásico;90.1;3.41;1.29;Conectado;14100.05;1
12441;80.56;GM;Monofásico;24.2;4.19;10.44;Desconectado;9798.57;0
12442;72.74;JS;Monofásico;3.1;4.73;1.3;Conectado;10393.66;0
12443;;JS;Trifásico;47.1;3.84;2.76;Desconectado;;0
12444;55.84;SC;Trifásico;22.0;4.73;1.54;Conectado;15914.49;0
12445;78.72;SC;Trifásico;55.7;4.24;0.66;Conectado;16801.68;1
12446;66.39;JS;Monofásico;77.8;3.04;6.68;Conectado;20742.36;0
12447;82.99;SC;Monofásico;49.1;3.12;2.47;Desconectado;16193.96;1
12448;55.28;GM;Trifásico;61.6;3.08;1.5;Conectado;;1
12449;94.12;GM;Trifásico;63.6;3.65;0.39;Conectado;16975.44;1
12450;82.97;JS;Monofásico;78.1;3.58;17.55;Conectado;16889.35;0
12451;76.19;JS;Trifásico;65.7;4.28;5.64;Conectado;5510.9;0
11379;95.2;JS;Trifásico;92.8;3.67;1.37;Conectado;4125.02;0
12453;86.38;JS;Monofásico;150.0;4.0;0.47;Conectado;11946.91;0
12454;69.3;JS;Trifásico;5.7;2.87;0.08;Conectado;11019.98;1
12455;75.93;SC;Trifásico;38.0;3.99;0.41;Desconectado;2159.02;0
12456;51.43;JS;Trifásico;79.9;3.42;1.91;Desconectado;11075.74;0
12457;87.77;GM;Trifásico;13.5;3.36;;Conectado;21466.26;0
12458;71.45;GM;Trifásico;70.2;3.28;1.13;Conectado;18715.34;0
12459;51.27;JS;Monofásico;51.4;5.01;1.42;Conectado;;0
12460;60.82;GM;Trifásico;85.7;2.86;1.6;Conectado;16204.19;0
12461;85.45;SC;Monofásico;69.7;4.34;0.04;Conectado;22477.31;0
12462;94.37;SC;Trifásico;63.1;3.76;0.49;Conectado;19821.01;0
12463;75.25;JS;Trifásico;84.4;2.71;1.74;Conectado;23538.85;1
12464;63.22;SC;Monofásico;86.4;3.56;0.82;Conectado;7711.99;0
10424;57.95;JS;Trifásico;37.2;1.93;1.85;Conectado;5310.06;0
12466;91.98;JSS;Trifásico;88.2;5.18;0.29;Conectado;27234.73;0
12467;80.39;JS;Trifásico;6.1;3.51;4.06;Conectado;1370.53;0
12468;71.04;SC;Trifásico;72.7;4.69;3.83;Desconectado;;0
10733;68.18;JS;Trifásico;32.6;4.88;2.77;Conectado;;0
12470;83.06;JS;M;46.8;3.35;1.9;Conectado;9031.22;0
12471;82.73;SC;Trifásico;79.6;3.82;1.24;Conectado;10604.19;0
12472;64.24;SC;Monofásico;60.9;3.95;2.87;Conectado;9424.03;1
12473;61.29;JS;Trifásico;44.0;5.32;3.81;1;11332.85;0
12474;61.9;JS;Trifásico;16.4;3.65;4.13;Desconectado;14162.9;1
12475;-40.0;GM;Trifásico;89.3;3.76;1.07;Conectado;13396.52;1
12476;66.72;SC;Trifásico;32.3;2.68;0.54;Conectado;2337.66;0
12477;94.42;JS;Trifásico;10.5;3.08;1.05;Conectado;8122.95;0
12478;68.95;SC;Monofásico;54.0;3.4;0.02;Conectado;;1
12479;60.0;JS;Trifásico;39.2;4.84;1.38;Conectado;22956.04;0
12480;60.68;JS;Trifásico;56.5;5.31;0.8;Conectado;3322.42;0
12481;;SC;Monofásico;23.0;4.2;3.9;Conectado;18142.85;0
12482;53.13;GM;Trifásico;36.6;4.08;2.81;Desconectado;16773.98;0
12483;74.28;SC;Trifásico;92.4;4.35;0.07;Conectado;12525.95;0
12484;58.97;JS;Trifásico;89.0;3.25;0.39;OK;12790.07;0
12485;88.9;GM;Trifásico;82.3;4.91;1.95;Conectado;8149.87;0
12486;76.4;JS;Trifásico;74.2;2.66;2.41;Conectado;8939.26;0
12487;100.45;GM;Trifásico;15.7;3.44;3.66;Desconectado;16811.88;0
12488;;JS;Trifásico;44.9;4.32;8.63;Conectado;6372.63;1
12489;37.42;JS;Monofásico;69.4;3.42;3.03;Conectado;12099.81;0
12490;92.49;SC;Monofásico;25.6;5.77;1.97;nan;7443.89;1
12491;81.02;JS;Monofásico;4.1;4.33;1.34;Conectado;14601.8;0
12492;82.88;SC;Trifásico;40.3;4.59;3.35;Conectado;9659.77;1
12493;62.97;SC;Trifásico;41.0;3.19;6.82;Desconectado;5378.96;0
12494;74.49;JS;Trifásico;7.1;4.57;1.37;Conectado;17842.25;0
12495;77.24;SC;Trifásico;31.1;4.45;2.2;Conectado;5976.8;0
12496;180.0;JS;Trifásico;87.2;5.05;0.58;Conectado;11679.4;0
12497;;GUARAMIRIM;Trifásico;24.5;2.05;4.87;Conectado;25993.04;0
12498;108.22;GM;Trifásico;54.5;3.18;3.13;Conectado;17234.45;0
12499;85.03;GM;Monofásico;46.9;4.07;1.1;Conectado;11936.63;0
12500;80.05;JS;Trifásico;82.0;4.09;5.18;Conectado;8133.87;0
12501;90.77;SC;Monofásico;62.4;3.76;8.84;Conectado;30299.27;0
12502;82.73;JS;Monofásico;15.9;2.58;0.85;Desconectado;;0
12503;66.87;SC;Trifásico;14.4;3.96;0.52;Desconectado;11965.6;0
12504;90.0;GM;Trifásico;53.4;4.05;4.46;Conectado;12520.19;1
12505;85.23;JS;Trifásico;5.4;3.8;2.18;1;6381.93;0
12506;67.33;GM;Monofásico;38.0;3.77;5.39;Conectado;10885.81;0
12507;84.48;JS;Trifásico;38.5;4.55;1.07;Desconectado;10814.78;0
12508;72.11;JS;Trifásico;19.5;3.68;2.18;Conectado;7470.75;0
12509;77.5;GM;Trifásico;29.3;2.8;2.15;Conectado;20445.57;0
12510;82.2;SC;Trifásico;32.0;4.92;0.52;Conectado;21715.21;1
12511;91.42;JS;Monofásico;2.1;4.88;12.05;Conectado;9587.59;0
12512;67.25;SC;Trifásico;76.8;3.77;2.73;Desconectado;;1
12513;79.38;JS;Trifásico;91.0;4.5;2.73;Desconectado;13800.12;0
12514;99.19;JS;Trifásico;28.2;2.58;0.88;Desconectado;8517.52;0
12515;72.89;GM;Monofásico;11.5;3.68;2.63;Conectado;17475.61;0
13219;77.36;SC;Trifásico;90.6;2.43;4.47;Conectado;3864.21;0
12517;99.17;GM;Monofásico;70.6;4.7;4.2;Conectado;12125.81;1
12518;82.65;JS;Monofásico;84.8;2.6;6.31;Conectado;21998.75;0
12519;57.31;SC;Monofásico;-5.0;3.47;0.4;Conectado;6586.54;0
12520;65.45;GM;Trifásico;46.5;99.0;0.5;Conectado;5141.25;0
12521;83.27;JS;Trifásico;88.4;4.46;3.1;Conectado;11320.62;0
12522;80.08;JS;Trifásico;44.2;4.22;;Conectado;10939.7;1
12523;76.95;SC;Trifásico;64.2;4.71;2.8;Conectado;4926.34;1
12524;100.93;JS;Trifásico;67.3;4.44;0.39;Conectado;1466.72;1
12525;67.59;JS;Trifásico;79.7;4.85;2.26;Conectado;2169.58;0
12526;74.11;GM;Trifásico;92.7;2.4;3.45;Desconectado;22689.59;0
12527;51.44;GM;Monofásico;32.5;3.41;0.37;Conectado;2100.95;1
12528;88.93;SC;Trifásico;24.3;4.16;0.14;Conectado;19854.31;0
12529;65.41;SC;Trifásico;8.3;5.06;0.74;Conectado;4411.86;1
12530;87.69;GM;Monofásico;81.5;3.4;0.24;Conectado;7582.07;1
12531;86.42;SC;Trifásico;28.5;5.37;0.4;Conectado;5580.77;1
12532;103.19;JS;Trif;5.7;4.08;0.57;Conectado;6951.52;0
12533;82.79;JS;Trifásico;82.3;3.23;1.89;Conectado;;0
12534;70.73;JS;Monofásico;48.9;2.88;0.42;Conectado;6404.11;1
12535;80.44;JS;Monofásico;79.8;4.39;2.32;Conectado;17339.2;0
12536;65.89;JS;Trifásico;53.1;3.29;0.86;Conectado;7887.3;0
12537;78.83;JS;Monofásico;30.5;3.58;0.93;Conectado;10857.65;0
12538;72.59;JS;Trifásico;13.2;3.93;8.56;Conectado;4599.38;0
12539;74.16;JS;Trifásico;42.1;3.96;4.09;Conectado;14487.99;1
12540;64.22;SC;Monofásico;3.5;5.33;1.38;Desconectado;16870.74;0
12541;78.61;JS;Monofásico;57.6;4.12;1.48;Conectado;12188.87;0
12542;84.89;SC;Trifásico;41.2;3.32;0.3;Conectado;7575.48;0
12543;55.17;JS;Trifásico;14.3;3.2;4.65;Conectado;9399.04;0
12544;66.74;GM;Monofásico;50.8;5.13;0.01;Conectado;6348.0;0
12545;77.02;GM;Trifásico;76.3;3.39;0.39;nan;4512.4;0
12546;46.83;SC;Monofásico;92.6;4.27;1.91;Conectado;13691.36;1
12547;95.88;SC;Monofásico;50.6;3.95;0.52;Conectado;6272.1;0
12548;-40.0;GM;Trifásico;13.2;4.14;2.5;Conectado;13120.7;0
12549;63.74;JS;Trifásico;77.2;4.92;0.01;Conectado;15461.37;0
12550;72.51;GM;Trifásico;66.4;4.03;0.26;Conectado;9991.8;1
12551;76.65;SC;Monofásico;90.7;4.45;3.62;Conectado;20708.46;0
12552;65.92;SC;Monofásico;51.3;4.04;2.15;Conectado;11579.33;0
12553;86.76;JS;Trifásico;34.6;3.44;0.05;Conectado;11638.71;0
12554;79.8;SC;Trifásico;91.5;4.2;0.58;Desconectado;6202.58;0
12555;64.95;SC;Monofásico;51.6;3.28;0.68;Conectado;15153.1;0
12556;68.73;SC;Trifásico;2.5;2.87;4.73;Conectado;27500.01;0
12557;56.8;SC;Monofásico;45.5;4.27;2.18;Conectado;6357.69;0
12558;59.96;JS;Trifásico;1.2;4.17;1.95;Conectado;6781.63;0
12559;79.65;JS;Monofásico;70.3;4.09;0.23;Desconectado;15432.82;0
12560;65.08;JS;Monofásico;54.2;3.78;2.67;Conectado;10986.7;0
12561;96.65;JS;Trifásico;11.3;3.74;0.42;Conectado;13613.25;0
12562;75.85;JS;Monofásico;77.4;2.93;1.84;Conectado;10533.53;0
12563;58.77;JS;Trifásico;51.4;2.31;2.25;Conectado;31273.67;0
12564;250.0;JS;Mono;11.7;4.51;4.61;Conectado;5741.81;0
12565;87.64;JS;Trifásico;16.0;4.5;4.11;Conectado;17799.38;0
12566;74.08;JS;Monofásico;78.3;3.6;0.53;Conectado;8601.26;0
12567;86.9;GM;Monofásico;34.4;4.98;6.2;Conectado;9104.56;0
12568;70.6;SC;Monofásico;78.2;4.2;0.01;Conectado;9480.87;0
12569;68.28;SC;Monofásico;7.5;4.07;1.0;Conectado;18221.35;0
12570;88.43;JS;Trifásico;23.9;5.41;0.17;Conectado;21326.73;0
12495;64.7;SC;Trifásico;72.9;;3.19;Conectado;5356.72;0
12572;250.0;SC;Trifásico;9999.0;3.76;-5.0;Conectado;4370.2;0
12573;72.46;GM;Monofásico;29.8;3.12;0.48;0;;0
12574;85.54;SC;Monofásico;89.0;3.51;0.22;1;17579.35;0
12575;96.82;SC;Trifásico;20.8;3.75;0.64;Conectado;6619.61;0
12576;70.29;GM;Monofásico;80.9;3.76;6.34;Conectado;10391.16;0
12577;68.43;JS;Trifásico;150.0;2.94;2.83;Conectado;4331.99;0
12578;82.99;JS;Trifásico;12.4;3.85;0.69;Conectado;6918.05;0
12579;62.02;SC;Trifásico;53.2;3.14;5.6;Conectado;14416.84;0
12580;94.4;JS;Monofásico;88.4;4.76;0.37;Desconectado;4914.63;0
12581;92.35;JS;Trifásico;59.2;4.41;2.92;Conectado;3994.04;0
12582;63.01;SC;Monofásico;50.7;4.08;1.38;Conectado;14126.26;0
12583;56.0;JS;Trifásico;35.4;3.42;0.78;Conectado;12533.55;0
12584;61.07;SC;Trifásico;75.1;3.92;0.76;Conectado;8913.46;0
12585;61.26;GM;Trifásico;86.8;4.37;1.74;Desconectado;13672.25;0
12586;84.62;JS;Monofásico;71.8;3.53;6.7;Desconectado;14524.52;0
10883;93.59;JS;Trifásico;150.0;2.53;3.39;Conectado;7371.44;0
12588;84.48;JS;Monofásico;19.1;4.38;2.71;Conectado;;0
12589;72.17;JS;Trifásico;79.4;4.22;5.21;Conectado;13412.69;0
12590;79.11;JS;Trifásico;4.8;4.06;2.11;Conectado;4522.34;0
12591;64.56;JS;Monofásico;72.2;3.19;0.53;Desconectado;21662.79;0
12592;88.17;JS;Trifásico;20.8;4.57;9.45;Desconectado;12142.59;1
12593;80.18;JS;Monofásico;46.8;4.72;1.91;Conectado;;0
12594;84.28;SC;Trifásico;66.4;4.03;0.95;Conectado;9472.63;1
12595;66.27;GM;Monofásico;72.4;3.48;3.76;Conectado;8051.89;1
12596;72.98;SC;Monofásico;84.5;3.5;1.56;Desconectado;21247.04;1
12597;83.7;SC;Monofásico;27.6;3.48;0.03;Conectado;12592.84;0
12598;92.32;JS;Trifásico;22.1;3.45;0.96;Desconectado;17021.16;0
12599;67.7;SC;Monofásico;94.6;3.52;1.53;Conectado;20811.34;0
12600;84.37;JS;Trifásico;20.5;;1.17;Conectado;17921.32;0
12601;66.46;JS;Trifásico;63.6;4.52;2.01;Conectado;31046.4;0
12602;100.41;GM;Trifásico;90.6;4.96;0.51;Conectado;16052.73;0
12603;70.02;JS;Trifásico;85.3;3.07;2.12;Conectado;5274.85;0
12604;82.72;JS;Monofásico;42.7;3.2;10.77;Conectado;8775.19;0
12605;76.99;GM;Monofásico;60.9;4.48;3.5;Conectado;13047.06;0
12606;106.26;GM;Trifásico;50.7;3.07;2.88;Desconectado;5350.08;0
12607;77.76;JS;Monofásico;33.6;2.87;0.56;Conectado;13794.11;0
12608;68.82;JS;Trifásico;500.0;3.05;2.18;Conectado;9496.21;0
12609;82.67;SC;Monofásico;76.5;3.66;4.28;Conectado;8443.44;1
12610;82.41;SC;Monofásico;500.0;5.11;0.69;Conectado;26557.0;0
12611;73.11;JS;Monofásico;58.3;3.7;0.23;Conectado;16797.42;1
12612;61.86;SC;nan;56.9;4.02;2.71;Desconectado;12971.35;0
12613;68.66;GM;Monofásico;-10.0;2.84;2.8;Conectado;14905.61;0
12614;85.58;JS;Trifásico;13.7;4.66;4.08;Conectado;5231.35;1
12615;54.03;GM;Monofásico;76.2;4.5;2.48;Desconectado;25628.59;0
12616;72.02;GM;Trifásico;44.4;3.42;4.71;Conectado;14229.58;0
12617;86.94;JS;Monofásico;69.2;3.25;0.77;Conectado;7698.06;0
12618;73.88;SC;Trifásico;2.5;4.57;0.09;Desconectado;12329.25;0
12619;101.08;JS;Trifásico;8.0;3.62;3.3;Conectado;21705.52;0
12620;54.06;SC;Trifásico;17.5;3.27;1.22;Conectado;17156.23;0
12621;;SC;Monofásico;11.7;3.51;0.59;Conectado;;0
12622;47.22;JS;Monofásico;19.0;3.99;0.13;Conectado;18080.96;1
12623;98.92;SC;Monofásico;65.5;4.39;3.52;Conectado;8278.12;0
12624;63.66;GM;Monofásico;5.4;;4.38;Conectado;16652.41;0
12625;51.16;JS;Trifásico;4.6;4.02;1.23;Conectado;4410.33;0
12626;67.66;JS;Monofásico;4.0;3.61;5.41;Conectado;9858.97;0
12627;58.29;JS;Trifásico;66.6;3.92;1.34;Conectado;14537.24;0
12628;67.74;SC;Monofásico;51.4;3.49;7.57;Conectado;17553.58;0
12629;75.49;GM;Monofásico;35.8;3.58;10.22;Conectado;5261.26;0
12630;84.66;GM;Trifásico;64.5;4.94;4.25;Conectado;12005.45;0
12631;72.9;JS;Monofásico;53.0;3.83;0.74;Conectado;11780.99;0
12632;75.3;SC;Monofásico;1.7;3.51;1.14;Conectado;;0
12633;;JS;Trifásico;79.8;3.26;1.9;Conectado;14476.01;0
14463;56.86;JS;Trifásico;33.9;2.04;1.0;Conectado;6910.08;0
12635;52.84;JS;Trifásico;38.6;5.47;4.27;Desconectado;9375.45;0
12636;70.63;JS;Monofásico;74.5;5.56;6.56;Conectado;13360.97;0
12637;76.02;SC;Trifásico;18.6;4.3;10.63;Conectado;9746.83;0
12638;69.74;GM;Trifásico;1.9;2.97;1.02;Conectado;4800.2;0
12639;53.29;SC;Trifásico;86.4;5.99;0.79;Conectado;7450.33;0
12640;77.42;SC;Trifásico;48.5;2.68;0.44;Conectado;;0
12641;94.55;JS;Monofásico;33.9;4.11;0.12;Conectado;5907.76;0
12642;73.62;GM;Trifásico;500.0;2.43;0.49;Desconectado;13360.58;0
12643;68.05;SC;Monofásico;3.5;2.06;0.84;Conectado;12687.94;0
12644;74.27;GM;M;20.0;3.99;1.24;Conectado;9707.5;0
12645;61.75;JS;Trifásico;15.6;4.09;0.29;Conectado;15778.21;0
12646;60.97;SC;Trifásico;70.4;3.9;4.29;Conectado;18310.31;0
12647;80.42;SC;Monofásico;30.3;4.99;2.41;Conectado;9031.98;0
12648;86.88;JS;Trifásico;73.7;3.76;2.07;Conectado;7974.18;0
12649;73.23;SC;Trifásico;4.9;4.45;1.97;Conectado;8491.13;1
12650;51.31;GM;Mono;58.2;3.17;0.86;Conectado;11226.96;0
12651;79.24;JS;Trifásico;30.9;4.84;6.93;Conectado;14243.38;1
12652;99.81;JS;Monofásico;18.6;4.9;0.66;Conectado;27516.41;0
12653;72.07;SC;Monofásico;77.8;3.6;2.76;Conectado;6359.7;0
14235;72.87;JS;Trifásico;39.8;4.1;0.73;Desconectado;5075.74;0
12655;64.53;SC;Trifásico;54.7;3.24;11.42;Conectado;4967.26;0
12656;80.78;SC;Monofásico;4.1;3.62;6.07;Conectado;10254.18;0
12657;66.95;JS;Trifásico;75.4;4.39;0.77;Conectado;;0
12658;87.26;GM;Trifásico;28.0;4.19;10.95;Desconectado;8711.87;0
12659;67.11;SC;Trifásico;66.2;2.42;2.46;Conectado;20894.02;1
11252;79.1;GM;Trifásico;72.5;2.89;3.26;Conectado;20650.36;0
12661;74.44;SC;Trifásico;12.0;3.33;0.83;Conectado;;0
12662;93.66;GM;Trifásico;28.8;3.98;0.61;Conectado;8985.17;0
12663;79.91;JS;Trifásico;69.0;3.07;4.88;Conectado;12949.2;0
12664;91.64;JS;Trifásico;22.8;2.67;0.8;Conectado;15970.32;0
12665;76.3;JS;Monofásico;80.7;1.7;6.24;Conectado;27850.11;0
12666;72.95;JS;Monofásico;30.3;5.47;1.14;Conectado;10522.56;0
12667;74.54;GM;Monofásico;38.8;3.96;0.02;Conectado;11610.64;0
12668;65.74;JS;Monofásico;10.4;2.65;2.24;Conectado;7351.54;1
12669;81.38;GM;Trifásico;14.9;4.63;1.09;Conectado;21498.32;0
12670;66.72;JS;Trifásico;26.9;4.99;9.32;Conectado;21577.91;1
12671;76.35;JS;Monofásico;5.6;3.97;1.22;Desconectado;11395.74;1
12672;85.26;GM;Trifásico;19.1;4.3;0.94;Conectado;4896.81;0
12673;94.0;JS;Trifásico;39.4;4.85;2.09;Conectado;;0
12674;76.95;SC;Trifásico;36.7;4.28;3.27;Desconectado;25755.69;0
12675;85.33;JS;Trifásico;19.7;4.31;8.49;Desconectado;5897.77;0
12676;83.9;GM;Monofásico;8.6;2.57;0.18;Conectado;13087.23;0
12677;70.41;SC;Monofásico;30.9;1.62;1.36;Conectado;14956.61;1
12678;100.29;SC;Monofásico;71.1;4.49;2.72;Conectado;4751.0;0
12679;68.09;JS;Monofásico;48.9;3.62;0.01;Conectado;5817.19;0
12680;76.09;JS;Trifásico;90.0;3.44;1.68;Conectado;11998.45;0
12681;92.45;GM;Monofásico;14.1;4.58;4.11;Conectado;13273.33;0
12682;92.15;GM;Trifásico;20.5;3.04;0.13;Conectado;8087.45;0
12683;75.17;JS;Monofásico;27.3;3.77;1.04;Conectado;;0
12684;86.89;JS;Trifásico;2.2;3.85;1.28;Conectado;18802.82;1
12685;72.31;JS;Monofásico;89.7;4.35;3.15;Conectado;27797.06;0
12686;69.14;JS;Monofásico;150.0;4.07;0.88;Conectado;2560.3;0
12687;60.45;SC;Trifásico;46.3;4.07;0.71;Conectado;20861.84;0
12688;83.69;JS;Trifásico;15.8;3.48;0.31;Conectado;5835.03;1
12689;84.95;JS;Trifásico;83.0;3.5;13.73;Conectado;11700.67;0
12690;68.19;SC;Trifásico;66.1;4.07;1.6;Conectado;16818.4;0
12691;78.22;JS;Trifásico;41.5;3.4;0.12;Conectado;2931.92;0
12692;106.81;SC;Monofásico;83.5;3.14;0.2;Conectado;;0
12693;88.76;GM;Trifásico;86.1;4.83;0.34;Conectado;14740.4;1
12694;64.18;JS;Trifásico;5.7;3.26;0.59;Conectado;8909.78;1
12695;87.02;SC;Monofásico;12.2;3.43;3.37;Conectado;9290.43;0
12696;64.24;XX;Trifásico;3.6;4.78;2.05;Conectado;5061.95;0
12697;40.26;JS;Trifásico;55.7;3.25;3.75;Desconectado;5561.86;0
12698;180.0;JS;Monofásico;21.5;4.06;0.05;Conectado;6213.93;1
12699;93.76;JS;Monofásico;80.4;4.13;0.77;0;17668.65;0
12700;91.77;JS;Trifásico;44.8;3.73;1.3;Conectado;9960.64;0
12701;79.53;JS;Trifásico;79.7;3.49;1.4;Desconectado;4149.16;0
12702;68.5;GM;Trifásico;53.2;2.9;0.14;Conectado;15542.41;0
12703;80.84;SC;Trifásico;75.8;4.3;1.79;Conectado;18013.18;0
12704;71.77;GM;Trifásico;36.0;4.68;0.84;Conectado;2683.32;0
12705;68.84;SC;Monofásico;89.9;4.6;0.53;Conectado;19864.52;0
12706;87.74;JS;Monofásico;63.7;4.1;2.78;Conectado;4756.79;0
12707;68.69;JS;Trifásico;57.0;2.22;0.22;Conectado;17789.96;0
12708;88.53;JS;Trifásico;34.1;4.42;5.04;Desconectado;15105.56;0
12709;67.89;JS;Trifásico;89.1;3.71;5.75;Conectado;8049.2;1
12710;99.7;SC;Trifásico;32.7;3.33;0.98;Conectado;2538.02;0
12711;55.31;SC;Monofásico;79.6;4.33;10.84;Conectado;14121.66;0
12712;63.52;JS;Monofásico;39.0;3.98;1.28;Conectado;10382.1;0
12713;73.14;JS;Trifásico;73.1;4.61;8.2;Desconectado;17172.8;0
12714;51.19;JS;Trifásico;86.7;4.07;10.83;Conectado;11312.21;0
12715;44.15;JS;Monofásico;44.8;3.59;4.38;Conectado;10139.8;1
12716;51.3;JS;Trifásico;50.5;3.52;0.33;Conectado;13111.82;0
12717;71.49;SC;Trifásico;32.1;4.29;2.2;Conectado;10764.05;0
12718;180.0;JS;Trifásico;6.1;2.73;3.29;Conectado;20734.77;0
12719;79.0;SC;Trifásico;62.3;3.4;0.2;Conectado;9200.22;0
12720;72.64;JS;Trifásico;12.2;2.04;5.6;Conectado;17933.55;1
12721;78.59;JS;Monofásico;34.3;4.14;4.77;Conectado;14371.31;0
12722;69.6;GM;Trifásico;33.9;4.32;6.79;Desconectado;12094.16;0
12723;83.58;SC;Trifásico;15.2;3.18;1.81;Conectado;3120.0;0
12724;82.13;JS;Monofásico;63.7;2.93;0.98;Conectado;9862.68;0
12725;71.08;GM;Trifásico;17.4;4.56;1.76;Conectado;4497.52;1
12726;81.4;JS;Trifásico;74.2;3.23;3.27;Desconectado;7524.19;0
12727;72.71;JS;Trifásico;24.4;4.31;1.35;Conectado;7190.41;0
12728;56.73;SC;Trifásico;28.0;3.79;1.08;Conectado;18210.28;0
12729;85.85;SC;Monofásico;33.3;3.38;0.2;Conectado;10890.5;0
12730;64.12;JS;Trifásico;15.4;4.26;1.48;Desconectado;19275.84;0
12731;85.73;JS;Monofásico;41.8;3.83;1.25;Conectado;4286.46;1
12732;78.89;GM;Monofásico;8.6;5.0;2.72;Conectado;9421.09;0
12733;73.99;JS;Trifásico;41.1;3.21;1.44;Conectado;30770.67;1
12734;52.48;JS;Trifásico;33.0;2.74;0.01;Conectado;12510.99;0
12735;93.48;SC;Trifásico;32.8;3.79;1.66;Conectado;6728.19;0
12736;70.64;GM;Trifásico;63.1;4.18;3.71;Conectado;5380.26;0
12737;82.61;JS;Trifásico;73.3;3.65;7.26;Conectado;15805.91;0
12738;73.63;SC;Trifásico;34.5;5.24;0.54;Conectado;9911.54;0
12739;71.74;SC;Monofásico;25.6;4.77;1.37;Desconectado;18144.49;0
12740;;JS;Trifásico;47.5;3.38;4.7;Conectado;3559.3;1
12741;75.32;SC;Trifásico;75.0;3.85;0.11;Conectado;854.0;0
12742;71.8;GM;Trifásico;150.0;2.36;1.08;Conectado;8631.47;1
12743;74.34;JS;Trifásico;4.6;-1.5;2.24;Conectado;9974.19;1
12744;80.12;JS;Monofásico;46.1;3.26;-5.0;Desconectado;4080.52;0
12745;80.97;GM;Monofásico;94.2;3.96;1.68;Conectado;19288.93;0
12746;75.52;SC;Trifásico;34.2;3.59;7.0;Desconectado;13878.84;0
12747;82.45;JS;Monofásico;42.4;2.61;0.06;Conectado;18500.22;0
12748;69.91;SC;Monofásico;;4.47;0.2;Conectado;18594.82;0
12749;101.7;SC;Monofásico;47.8;2.95;0.55;Conectado;4529.52;0
12750;92.83;SC;Monofásico;16.1;3.38;1.21;Conectado;12494.2;0
12751;84.15;GM;Monofásico;24.2;4.48;1.59;Desconectado;15015.67;0
12752;51.7;JS;Trifásico;67.9;3.02;0.09;Conectado;18088.87;0
12753;82.27;JS;Trifásico;14.0;4.99;5.35;Conectado;23662.96;0
12754;;SC;Trifásico;88.1;3.01;3.55;Desconectado;21802.6;0
12755;63.26;JS;Trifásico;29.9;2.86;0.78;Conectado;4647.94;0
12756;70.65;SC;Monofásico;55.1;3.84;0.74;Desconectado;10953.83;0
12757;64.59;JS;Trifásico;31.3;5.11;0.06;Conectado;;1
12758;180.0;JS;Monofásico;45.9;3.8;1.27;Conectado;6424.35;0
12759;94.39;JS;Trifásico;150.0;4.59;0.73;Desconectado;8266.94;0
12760;84.91;SC;Monofásico;7.4;2.73;2.41;Conectado;23013.07;0
12761;108.15;SC;Monofásico;81.5;3.51;1.98;Conectado;12475.29;0
12762;56.36;JS;Monofásico;53.4;3.56;7.87;Desconectado;2156.18;1
12763;68.93;JS;Monofásico;63.5;2.79;3.96;Conectado;3204.44;0
12764;63.68;JS;Trifásico;6.3;2.53;0.21;Conectado;8913.89;0
12765;89.75;SC;M;72.6;3.61;3.05;Conectado;28779.37;0
12766;72.35;JS;Monofásico;13.0;5.06;0.28;Desconectado;4414.53;1
12767;77.27;SC;Trifásico;91.7;3.97;0.98;Desconectado;17798.6;0
12768;82.6;SC;Trifásico;76.1;0.0;2.02;Conectado;11442.91;0
12769;57.54;JS;Trifásico;47.3;2.17;-5.0;Conectado;15542.17;0
12770;67.54;SC;Trifásico;87.9;3.5;2.95;Conectado;16070.47;0
12771;86.97;JS;Monofásico;16.9;3.45;4.15;Conectado;27857.94;0
12772;68.42;SC;Monofásico;94.2;4.11;4.42;Conectado;17011.61;0
12773;54.44;JS;Monofásico;68.4;3.6;0.15;Conectado;9342.09;0
12774;64.17;SP;Trifásico;10.2;4.31;2.57;Conectado;7485.58;1
12775;71.56;SC;Trifásico;51.4;4.41;8.13;Conectado;24112.43;0
12776;77.0;JS;Monofásico;67.8;3.74;3.52;Conectado;8364.54;1
12777;74.15;SC;Monofásico;58.6;3.76;1.83;Conectado;12798.16;1
12778;67.63;SC;Trif;40.9;3.83;85.0;Conectado;3961.81;1
12779;86.27;SC;Monofásico;24.3;2.4;0.11;Conectado;4303.49;1
12780;-40.0;JS;Trifásico;23.4;4.38;0.23;Desconectado;11029.68;0
12781;77.51;SC;Trifásico;88.1;5.16;3.65;Conectado;4307.17;0
12782;68.27;SC;Monofásico;23.1;3.85;1.99;Conectado;12397.08;0
12783;93.11;JS;Monofásico;91.5;3.17;0.33;Conectado;4244.17;0
12784;70.3;SC;Monofásico;20.8;3.79;1.18;Conectado;17309.09;0
12785;75.9;GM;Trifásico;37.1;3.45;0.17;Conectado;8550.22;0
12786;87.42;JS;Monofásico;2.2;3.82;1.87;Conectado;15840.93;0
12787;78.36;GM;Trifásico;85.9;3.55;0.27;Conectado;15531.85;0
12788;78.06;JS;Trifásico;10.8;2.08;0.02;Conectado;14784.19;0
12789;51.32;JS;Trifásico;34.6;3.88;0.97;Conectado;13173.02;0
12790;83.17;JS;Monofásico;80.2;5.58;0.67;Conectado;12938.59;0
12791;;SC;Trifásico;75.4;2.73;1.12;Desconectado;8961.27;0
12792;81.5;JS;Trifásico;80.1;4.68;1.08;Conectado;10221.62;0
12793;77.2;GM;Trifásico;86.9;4.12;2.49;Conectado;24129.72;0
12794;68.29;GM;Monofásico;86.6;-1.5;2.85;Conectado;18046.67;0
12795;85.73;SC;Trifásico;73.4;2.73;0.34;Conectado;10261.85;0
12796;77.38;JS;Monofásico;55.7;4.01;1.68;Conectado;6050.74;0
12797;59.53;GM;Trifásico;53.8;4.09;5.5;Conectado;5832.6;0
12798;180.0;GM;Trifásico;2.2;2.59;0.4;Desconectado;12111.21;0
12799;57.83;JS;Monofásico;68.9;4.54;8.52;Conectado;17614.65;0
12800;85.81;SC;Trifásico;22.3;99.0;0.05;Conectado;15373.09;0
12801;92.84;SC;Trifásico;78.9;4.19;0.26;Conectado;52904.24;0
12802;61.72;SC;Trifásico;53.1;4.36;0.49;Conectado;4665.42;0
12803;73.53;JS;Monofásico;93.8;4.52;1.59;Conectado;6414.6;0
12804;72.41;JS;Trifásico;20.8;3.01;0.89;Desconectado;19924.81;0
12805;72.95;JS;Trifásico;69.0;5.41;-5.0;Conectado;7579.67;1
12806;96.96;SCH;Monofásico;52.5;3.06;7.07;Conectado;8045.54;0
12807;61.86;SC;Trifásico;88.6;4.52;1.04;Conectado;28665.17;0
12808;71.32;GM;Trifásico;26.0;3.4;4.71;Conectado;16002.23;0
12809;93.04;GM;Trifásico;6.6;3.84;0.19;Conectado;14880.85;0
12810;71.12;SC;Monofásico;52.1;3.7;4.18;Conectado;2920.3;0
12811;63.77;SC;Trifásico;50.0;4.17;5.8;Conectado;12001.51;0
12812;78.16;JS;Monofásico;30.3;4.64;0.84;Conectado;6822.83;0
12813;84.67;SC;Monofásico;93.7;3.31;1.98;Conectado;7581.8;0
12814;70.29;JS;Trifásico;7.6;3.1;0.52;Conectado;23270.69;0
12815;81.65;JS;Monofásico;54.5;2.15;0.24;Desconectado;5928.74;0
12816;58.48;SC;Trifásico;25.5;3.94;3.68;Conectado;10405.96;1
12817;59.15;JS;Trifásico;1.2;3.66;2.48;Desconectado;12278.07;0
12818;69.72;JS;Monofásico;93.9;3.89;3.49;Conectado;;1
12819;82.08;GM;Trifásico;46.3;3.72;1.45;Conectado;5759.51;0
12820;84.14;JS;Trifásico;500.0;4.41;0.72;Conectado;11772.21;1
12821;60.82;JS;Trifásico;80.0;3.39;1.39;0;11768.8;1
12822;320.0;JS;Trifásico;77.4;4.08;0.17;Desconectado;14015.85;0
12823;250.0;JS;Trifásico;44.1;3.77;0.83;Conectado;17575.82;0
12824;64.45;JS;Monofásico;85.2;3.03;0.88;Conectado;6785.61;0
12825;58.99;SC;Monofásico;35.5;3.25;3.13;Conectado;5423.0;1
12826;77.76;JS;Trifásico;39.4;4.54;0.14;Desconectado;11119.26;0
12827;90.47;XX;Trifásico;25.0;4.46;0.7;Conectado;5861.67;1
12828;75.43;JS;Trifásico;43.1;4.39;0.81;Desconectado;16205.13;0
12829;63.78;JS;Trifásico;93.7;3.66;2.0;Desconectado;9374.89;0
12830;52.58;SC;Trifásico;54.9;2.01;0.7;Conectado;22405.05;0
12831;93.35;SC;Trifásico;79.1;2.47;0.36;Conectado;7039.0;1
12832;87.5;SC;Trifásico;25.8;3.59;0.75;Conectado;;0
12833;78.62;GM;Trifásico;90.9;2.59;1.37;Conectado;8102.26;0
12834;92.74;JS;Monofásico;2.2;4.72;1.86;Conectado;4733.47;1
12835;77.69;JS;Trifásico;88.4;3.15;0.09;Conectado;8201.57;0
12836;68.63;GM;Monofásico;85.4;3.58;0.93;Conectado;6749.86;0
12837;81.66;JS;Monofásico;7.3;5.19;3.61;Conectado;5730.82;0
12838;65.04;JS;Monofásico;57.9;4.62;2.28;Conectado;3413.52;1
12839;63.05;JS;Monofásico;74.8;4.08;1.52;Conectado;17380.3;0
12840;84.26;SC;Monofásico;39.0;3.98;1.51;Desconectado;8463.89;0
12841;85.27;JS;Trifásico;9.6;3.2;1.15;Conectado;52411.2;1
12842;59.72;JS;Trifásico;79.0;4.41;1.05;Desconectado;13651.42;0
12843;60.16;JS;Monofásico;44.9;3.97;1.28;Conectado;5789.61;0
12844;69.66;SC;Monofásico;25.7;3.69;5.09;Conectado;10264.62;0
12845;66.46;JS;Trifásico;7.7;4.31;1.58;Conectado;8753.03;0
12846;80.72;JS;Monofásico;61.2;4.33;2.77;Conectado;8304.26;0
14892;75.58;SC;Trifásico;5.0;3.02;4.12;Conectado;12745.52;1
12848;88.98;GM;Trifásico;75.4;4.53;1.41;Conectado;9656.31;0
12849;78.81;SC;Trifásico;73.5;3.73;4.57;Conectado;13188.26;1
12850;67.27;SC;Monofásico;31.4;3.87;12.29;Desconectado;8087.42;0
12851;52.31;JS;Monofásico;45.4;2.75;1.75;Desconectado;4740.62;0
12852;77.15;JS;Monofásico;63.9;2.77;1.29;Conectado;11228.54;1
12853;54.48;JS;Monofásico;91.2;2.64;4.1;Conectado;;0
12854;67.12;GM;Trifásico;49.9;5.71;2.62;Conectado;19418.13;1
12855;;JS;Monofásico;94.7;5.61;2.37;Conectado;10730.49;0
12856;68.9;GM;Trifásico;31.6;2.44;5.43;Conectado;4413.75;1
12857;59.21;GM;Monofásico;50.5;2.59;2.62;Conectado;5116.77;1
12858;66.3;JS;Trifásico;11.9;3.39;2.57;Desconectado;15449.6;0
12859;88.75;JS;Trifásico;53.3;4.69;0.58;Desconectado;3246.33;0
12860;88.72;JS;Monofásico;51.4;4.3;2.91;Desconectado;20653.55;0
12861;93.39;JS;Monofásico;80.8;0.0;6.1;Conectado;3157.8;0
12862;75.12;JS;Trifásico;94.7;3.56;2.15;Conectado;8681.28;0
12863;78.25;GM;Monofásico;93.7;3.24;5.84;Desconectado;26715.58;0
12864;88.93;JS;Trifásico;9999.0;3.84;1.04;Conectado;15048.69;0
12865;57.35;JS;Trifásico;32.8;3.66;0.11;Conectado;13675.71;1
12866;84.67;JS;Monofásico;26.8;3.78;1.47;Conectado;4965.14;0
12867;90.63;GM;Trifásico;19.8;3.89;0.01;Conectado;24605.27;0
12868;64.33;SC;Monofásico;15.1;5.5;0.42;Conectado;13887.07;1
12869;91.59;GM;Trifásico;49.1;3.9;0.53;Desconectado;26391.43;1
12870;99.69;GM;Trifásico;83.0;2.95;1.91;Desconectado;5885.24;0
12871;84.33;JS;Trifásico;56.4;3.57;7.49;Conectado;7591.65;0
12872;82.13;JS;Trifásico;83.0;4.38;0.05;Conectado;4722.18;1
12873;61.56;JS;Trifásico;91.2;4.28;0.68;Conectado;7057.66;0
12874;;JS;Monofásico;37.0;4.24;8.72;Conectado;7293.53;1
12875;62.69;SC;Monofásico;79.6;2.44;5.34;Conectado;16920.26;0
12876;;JS;Monofásico;5.9;2.55;4.5;Conectado;9312.79;0
12877;80.65;JS;Monofásico;46.2;3.69;0.24;Conectado;14193.53;0
12878;35.44;SC;Trifásico;35.6;4.16;2.58;Conectado;12778.47;0
12879;79.87;SC;Trifásico;20.3;3.14;0.57;Conectado;4091.92;0
12880;106.46;SC;Trifásico;42.2;5.0;2.63;Desconectado;13199.41;0
12881;49.9;JS;Trifásico;42.7;4.23;1.39;Conectado;13786.0;0
12882;74.35;GM;Monofásico;77.0;3.39;2.52;Desconectado;13040.31;0
12883;51.63;XX;Trifásico;82.7;6.02;1.4;Conectado;9205.83;1
12884;64.27;JS;Trifásico;62.8;3.43;5.96;Desconectado;26060.86;1
12885;51.84;SC;Trifásico;60.5;3.5;0.06;Conectado;18821.09;0
12886;76.91;GM;Trifásico;11.4;3.47;0.53;Conectado;5611.49;0
12887;84.52;JS;Trifásico;55.1;3.83;4.47;Conectado;27161.68;0
12888;79.92;JS;Monofásico;26.8;2.94;3.34;Conectado;10724.08;0
12889;63.84;JS;Trifásico;28.7;99.0;0.52;Conectado;9052.12;1
12890;67.69;JS;Monofásico;9.9;4.5;0.32;Conectado;5240.82;0
12891;78.27;GM;Trifásico;60.8;4.33;0.93;Conectado;10275.02;0
12892;64.21;JS;Monofásico;55.9;3.44;1.64;Conectado;15341.24;0
12893;59.05;SC;Monofásico;21.7;3.44;0.12;Conectado;8754.78;0
12894;72.13;XX;Monofásico;25.7;4.29;4.67;Conectado;14936.38;0
12895;63.66;SC;Trifásico;73.7;3.97;1.84;Conectado;;0
12896;79.94;JS;Trifásico;75.5;3.16;6.3;Conectado;22874.91;1
12897;90.58;JS;Monofásico;47.3;2.18;0.99;Conectado;25785.0;0
12898;106.17;JS;Trifásico;15.0;3.48;0.13;Conectado;9734.77;0
12899;79.06;JS;Trifásico;6.2;4.22;5.13;Desconectado;13590.29;0
12900;82.75;JS;Trifásico;26.5;4.2;0.41;Desconectado;10764.35;0
12901;67.81;GM;Monofásico;69.7;2.59;1.02;Conectado;16711.49;1
12902;68.55;JS;TRIF;57.5;4.47;1.56;Conectado;14833.7;1
12903;90.41;SC;Monofásico;68.5;5.28;1.69;Conectado;9699.2;0
12904;71.68;JS;Trifásico;45.3;3.52;0.06;Conectado;12447.96;0
12905;75.88;SC;Trifásico;71.9;3.64;1.87;Conectado;;0
12906;89.68;GM;Trifásico;46.2;;0.2;Conectado;23043.56;0
12907;71.78;JS;3-Fase;8.9;3.52;0.99;Conectado;10643.97;0
12908;93.01;GM;Trifásico;;4.77;9.27;Conectado;15787.52;0
12909;81.88;SC;Trifásico;150.0;3.17;0.82;Conectado;9269.73;0
12910;80.46;GM;Trifásico;60.2;3.99;4.19;Conectado;12240.41;0
12911;67.22;SC;Monofásico;27.2;3.58;1.79;Conectado;9923.03;0
12912;81.11;JS;Trifásico;72.2;3.95;0.57;Conectado;6003.53;0
12913;69.85;JS;Trifásico;13.8;3.57;3.2;Conectado;4095.87;0
12914;80.63;JS;Trifásico;61.7;-1.5;2.02;Desconectado;8696.97;0
12915;73.78;SC;Trifásico;94.0;4.63;1.9;Conectado;9795.14;0
12916;86.6;GM;Trifásico;15.1;4.1;0.08;Desconectado;;0
12917;74.62;SC;Trifásico;14.3;3.63;1.02;Conectado;17356.11;0
12918;99.45;JS;Monofásico;45.0;4.43;3.32;Conectado;6699.11;0
12919;71.69;GM;Trifásico;61.4;3.2;3.98;Conectado;8580.08;1
12920;68.59;SC;Monofásico;3.5;4.14;4.22;Conectado;15403.33;1
12921;79.15;JS;Trifásico;48.0;3.39;0.1;Conectado;11102.12;0
12922;87.93;JS;Monofásico;8.8;3.97;0.44;Desconectado;5936.33;0
12923;87.84;JS;Trifásico;23.7;3.03;10.6;Conectado;11844.57;0
12924;77.0;GM;Trifásico;68.0;4.75;0.42;Conectado;6216.23;0
12925;79.07;GM;Monofásico;70.5;2.79;0.6;Conectado;14986.87;0
12926;79.09;JS;Trifásico;69.6;3.7;4.06;0;26300.9;0
12927;62.07;JS;Trifásico;7.1;2.62;1.25;Conectado;15608.27;0
12928;87.29;SC;Trifásico;75.0;4.73;0.31;Desconectado;20792.49;0
12929;59.91;GM;Monofásico;41.6;5.04;0.33;Conectado;4575.05;0
12930;62.09;SC;Monofásico;45.7;2.85;0.22;Conectado;12534.65;0
12931;75.66;SC;Monofásico;40.5;4.06;0.5;Conectado;15480.08;0
12932;71.16;JS;Monofásico;81.6;3.56;1.72;Desconectado;4319.86;0
12933;84.55;SC;Trifásico;64.9;4.21;0.04;Conectado;12353.2;1
12934;80.37;JS;Trifásico;48.0;5.06;0.31;Conectado;12578.62;0
12935;76.66;GM;Monofásico;79.4;4.11;5.94;Conectado;4151.62;0
12936;61.49;JS;Monofásico;76.7;3.19;5.23;Conectado;11001.3;1
12937;;GM;Trifásico;1.5;3.25;4.48;Conectado;13522.72;1
12938;74.37;JS;Monofásico;46.0;3.52;3.06;Conectado;15565.36;0
12939;77.67;GM;Trifásico;5.0;3.22;2.71;Conectado;4933.78;0
12940;69.84;JS;Monofásico;29.9;4.41;0.81;Conectado;2894.58;0
12941;81.27;JS;Monofásico;76.6;4.48;1.02;Desconectado;12422.72;0
12942;70.84;SC;Monofásico;89.7;4.81;0.67;Conectado;8921.39;0
12943;80.15;JS;Trifásico;23.8;3.46;9.82;Conectado;;0
12944;84.55;GM;Trifásico;3.0;4.72;2.51;Conectado;31459.37;0
12945;68.58;SC;Trifásico;38.8;5.15;8.44;Conectado;16159.7;0
12946;65.73;SC;Trifásico;32.5;2.74;0.79;Conectado;24643.35;0
12947;80.72;GM;Monofásico;64.6;3.41;2.43;Conectado;7580.31;0
12948;59.15;GM;Monofásico;47.5;3.71;3.56;Conectado;15893.83;0
12949;88.34;SC;Trifásico;38.5;4.46;0.25;Conectado;7057.29;1
12950;75.13;GM;Trifásico;22.6;4.87;2.75;Desconectado;16849.44;0
12951;73.62;JS;Trifásico;78.9;2.42;0.46;Conectado;14015.55;1
12952;81.55;JS;Trifásico;24.3;3.26;;Conectado;17334.84;0
12953;80.81;SC;Monofásico;6.1;4.72;3.15;Conectado;5854.0;0
12954;75.08;JS;Monofásico;54.1;3.12;1.45;Conectado;15672.35;0
12955;85.54;JS;Monofásico;30.8;4.44;6.35;Conectado;1828.11;0
12956;66.93;JS;Trifásico;68.0;4.26;0.69;Conectado;20070.62;1
12957;83.55;JS;Trifásico;8.6;4.42;0.42;Conectado;13635.25;0
12958;62.06;GM;Trifásico;91.8;4.43;1.03;Desconectado;12345.81;0
12959;81.13;SC;Trifásico;18.6;3.46;4.78;Conectado;7982.55;0
12960;71.07;GM;Monofásico;34.6;3.59;4.7;Conectado;40425.31;0
12961;59.27;SC;Trifásico;46.2;3.52;1.15;Conectado;12202.48;0
12962;78.08;JS;Trifásico;84.7;3.98;4.15;Conectado;11467.38;0
12963;74.59;JS;Monofásico;68.9;2.1;0.2;Conectado;10790.92;0
12964;56.49;JS;Monofásico;14.6;4.19;0.02;Conectado;8596.79;0
12965;49.64;GM;Trifásico;42.2;5.18;5.0;Conectado;16111.17;0
12966;73.17;JS;Monofásico;52.0;3.96;5.18;Conectado;17747.95;0
12967;94.42;JS;Trifásico;67.0;3.7;0.39;Conectado;16387.73;0
12968;78.85;GM;Monofásico;54.8;3.86;0.88;OK;30047.15;0
12969;66.98;SC;Trifásico;44.0;4.22;4.75;Conectado;5436.12;0
12970;87.98;JS;Trifásico;73.0;4.71;0.22;Conectado;11274.95;0
12971;85.89;JS;Trifásico;36.5;0.0;4.97;Conectado;3418.68;1
12972;90.26;GM;Trifásico;93.8;3.67;2.14;Conectado;10531.05;0
12973;83.21;GM;Trifásico;90.1;2.7;2.68;Desconectado;16819.43;1
12974;85.63;JS;Monofásico;67.5;3.84;2.26;Conectado;5846.97;0
12975;83.77;JS;Trifásico;84.0;2.84;2.18;Desconectado;4464.87;0
12976;69.27;GM;Monofásico;;3.36;0.51;Conectado;4123.75;0
12977;55.35;SC;Trifásico;55.7;4.5;0.67;Conectado;4133.57;0
12978;68.75;GM;Trifásico;26.6;4.62;2.17;Conectado;18117.98;1
12979;88.26;SC;Monofásico;84.3;4.17;1.28;Desconectado;5139.17;0
12980;70.43;GM;Monofásico;45.3;4.77;1.95;Conectado;17194.33;0
12981;73.25;JS;Trifásico;51.4;2.48;0.73;Conectado;9353.74;0
12982;61.01;JS;Trifásico;82.3;5.1;1.56;Conectado;6420.94;1
12983;68.39;SC;Monofásico;75.9;3.12;0.39;Conectado;12552.16;0
12984;74.89;SC;Trifásico;31.2;4.04;0.1;Conectado;10362.28;1
12985;80.91;GM;Trifásico;9.2;3.27;7.55;Conectado;7773.21;0
12986;250.0;JS;Trifásico;16.2;4.05;3.21;Conectado;3136.02;0
12987;68.66;GM;Trifásico;32.9;3.81;1.72;Conectado;7037.05;0
12988;85.11;JS;Trifásico;29.7;4.71;2.0;Conectado;8613.07;0
12989;78.9;SC;Monofásico;4.6;5.77;1.79;Conectado;10664.88;0
12990;;SCH;Trifásico;41.6;4.51;5.73;Conectado;11228.87;0
12991;93.34;SC;Trifásico;10.9;3.7;3.71;Conectado;7133.39;0
12992;68.94;SC;Monofásico;21.8;5.03;0.98;Conectado;12940.67;0
12993;74.41;JS;Monofásico;75.0;2.44;0.62;Conectado;15569.0;0
12994;81.61;JS;Trifásico;47.5;3.34;0.17;Conectado;23434.79;0
12995;64.54;SC;Monofásico;36.1;99.0;0.4;Desconectado;17395.18;0
12996;77.75;GM;Monofásico;18.4;3.58;1.68;Conectado;3756.59;1
12997;75.27;JS;Trifásico;82.4;3.21;0.57;Conectado;17837.42;0
12998;108.33;JS;Trifásico;85.9;4.36;0.94;Conectado;22457.97;0
12999;76.2;JS;Monofásico;49.8;3.8;0.36;Conectado;25665.62;1
13000;88.88;GM;Trifásico;87.6;3.69;6.4;Conectado;4851.62;1
13001;84.96;JS;Trifásico;44.7;4.93;0.09;Conectado;9556.06;0
13002;61.12;JS;Monofásico;11.1;3.44;1.08;Conectado;3664.97;0
13003;56.41;SC;Trifásico;2.6;4.62;0.75;Conectado;9499.02;0
13004;77.96;SC;Monofásico;13.1;3.58;0.02;Conectado;6575.42;1
13005;90.09;JS;Trifásico;59.5;3.6;6.6;Conectado;11756.58;0
13006;78.45;GM;Trifásico;31.2;3.19;0.94;Conectado;15876.82;0
13007;75.95;SC;Trifásico;61.9;2.64;1.74;Desconectado;9886.79;1
13008;71.59;SC;Trifásico;48.7;3.27;2.18;Conectado;32313.76;0
13009;59.11;JS;Monofásico;32.3;2.38;2.36;Conectado;14985.94;0
13010;63.47;GM;Monofásico;21.6;4.0;1.54;Conectado;14897.04;0
13011;55.53;JS;Trifásico;8.6;3.55;2.25;Conectado;15627.63;0
13012;61.76;JS;Monofásico;74.5;4.67;3.48;Conectado;4237.67;0
13013;68.69;JS;Trifásico;78.0;3.22;7.6;Conectado;15900.28;0
13014;84.31;SC;Trifásico;51.9;3.59;-5.0;Conectado;6787.2;1
13015;-15.0;SC;Trifásico;15.8;4.77;1.55;Conectado;14380.04;1
13016;78.07;SC;Trifásico;25.8;4.51;1.47;Conectado;10965.39;0
13017;76.62;JS;Monofásico;90.8;3.91;3.09;Conectado;9861.91;1
13018;80.99;SC;Trifásico;22.2;2.97;2.47;Conectado;6756.02;0
13019;;SC;Trifásico;6.3;4.27;1.36;Conectado;8732.4;0
13020;87.71;JS;Trifásico;52.7;3.57;1.02;Conectado;10213.23;0
13021;58.11;GM;Monofásico;25.6;3.38;12.46;Conectado;7320.02;0
14438;69.63;JS;Monofásico;91.0;4.87;3.64;Conectado;3008.38;0
13023;74.75;SC;Monofásico;55.0;4.97;0.58;Conectado;16128.57;0
13024;84.12;JS;Trifásico;91.8;3.09;0.86;Conectado;1651.49;0
13025;91.55;SC;Trifásico;74.8;5.17;5.6;Desconectado;7210.86;0
13026;84.22;GM;Trif;69.0;3.73;2.7;Conectado;8766.74;0
13027;;GM;Trifásico;79.1;4.43;0.93;Conectado;9855.13;0
13028;250.0;JS;Monofásico;57.9;5.27;1.13;Conectado;26062.45;0
13029;89.28;JS;Trifásico;2.0;3.67;1.19;Desconectado;16733.02;0
13030;87.22;JS;Trifásico;37.9;4.01;0.52;Conectado;2283.25;0
13031;46.24;GM;Trifásico;21.6;4.38;1.79;Conectado;18960.75;0
13032;72.35;SC;Trifásico;41.8;5.06;3.63;Conectado;3359.35;0
13033;82.22;JS;Trifásico;45.2;3.82;2.08;Conectado;12912.21;1
13034;68.82;JS;Trifásico;13.0;4.45;2.67;Conectado;13964.2;0
13035;61.97;GM;Trifásico;3.2;3.18;2.26;Conectado;5217.14;0
13036;100.37;SC;nan;14.0;2.61;0.15;Conectado;6686.69;0
13037;76.33;JS;Trifásico;500.0;3.26;0.52;Conectado;7747.72;0
13038;76.66;JS;Monofásico;72.1;3.26;1.08;Conectado;7125.12;0
13039;59.29;JS;Monofásico;76.1;4.58;5.5;Conectado;4404.3;0
13040;67.65;SC;Monofásico;27.0;3.74;1.07;Conectado;14659.9;0
13041;64.23;GM;Trifásico;23.2;3.31;0.99;Conectado;4643.53;0
13042;87.95;GM;Trifásico;4.5;3.09;0.21;Conectado;8539.71;1
13043;81.06;JS;Monofásico;45.4;3.47;8.95;Conectado;7678.2;0
13044;68.15;GM;Trifásico;36.9;4.53;3.77;Conectado;7929.15;0
13045;81.73;JS;Trifásico;79.6;3.09;3.63;Conectado;9205.42;1
13046;71.96;JS;Trifásico;65.1;3.7;1.21;Conectado;10395.17;0
13047;77.81;nan;Monofásico;14.6;3.49;0.2;Desconectado;735.51;0
13048;77.76;JS;Monofásico;93.8;4.08;0.76;Conectado;5037.4;0
13049;80.04;JS;Trifásico;73.4;5.27;4.79;Desconectado;19385.02;0
11969;78.6;GM;Trifásico;68.7;3.28;0.5;Conectado;15393.49;0
13051;80.05;JS;Monofásico;21.4;4.05;5.62;Conectado;2188.57;0
13052;90.07;SC;Trifásico;86.1;3.79;1.92;Conectado;5899.29;0
13053;82.69;GM;TRIF;45.5;3.43;3.13;Desconectado;9523.86;0
13054;70.96;SC;Trifásico;29.0;3.84;1.51;Conectado;;0
13055;73.82;JS;Monofásico;62.6;5.26;6.73;Conectado;9684.58;0
13056;89.76;JS;Trifásico;20.9;3.74;0.68;Conectado;5448.09;0
13057;76.35;SCH;Trifásico;86.3;3.74;2.12;Conectado;18301.54;0
13058;70.51;JS;Trifásico;81.3;3.5;0.18;Conectado;16157.39;0
13059;67.43;SC;Monofásico;44.7;4.13;1.64;Conectado;23130.84;0
13060;78.28;JS;Monofásico;18.9;3.0;9.0;Desconectado;15112.11;0
13061;64.74;JS;Trifásico;47.7;3.9;0.23;Conectado;13627.29;0
13062;90.42;SC;Monofásico;15.0;4.16;1.77;Conectado;5156.98;1
13063;62.55;SC;Trifásico;26.4;3.12;2.31;Conectado;6598.68;1
13064;92.74;GM;Trifásico;46.4;5.08;6.71;Desconectado;;0
13065;71.58;JS;Monofásico;3.0;5.05;0.88;Conectado;7701.22;0
13066;62.08;GM;Trifásico;73.0;5.6;1.75;Conectado;15748.87;0
13067;77.27;SC;Trifásico;19.5;4.26;10.89;Conectado;3918.57;0
13068;63.56;JS;Trifásico;82.5;4.13;3.66;Desconectado;11010.71;0
13069;75.41;JS;Monofásico;3.1;3.74;4.16;Conectado;9921.62;0
13070;68.07;JS;Monofásico;51.0;3.85;3.79;Conectado;6193.3;0
13071;86.34;SC;Monofásico;74.0;4.54;1.81;Conectado;10488.79;0
13072;76.64;JS;Trifásico;23.4;3.81;-5.0;Conectado;5003.2;0
13073;60.74;GM;Monofásico;67.5;3.68;0.74;Conectado;;0
13074;67.84;SC;Trifásico;68.8;4.25;1.57;Conectado;3677.84;1
13075;83.46;GM;Monofásico;61.0;3.3;0.05;Conectado;6717.99;1
13076;90.45;JS;Monofásico;35.2;5.06;0.26;Conectado;19633.54;1
13077;74.46;JS;Trifásico;74.8;3.81;0.85;Conectado;19350.06;0
13078;62.47;JS;Trifásico;60.1;4.41;1.01;Conectado;9312.69;1
11962;87.65;JS;Trifásico;56.5;3.16;3.07;Conectado;11821.93;0
13080;83.41;GM;Monofásico;78.0;3.77;0.47;Conectado;22067.63;0
13081;90.68;JS;Trifásico;24.0;3.49;3.97;Conectado;8954.23;0
13082;78.48;JS;Trifásico;22.9;3.52;4.03;Conectado;4139.33;1
13083;68.75;JS;Trifásico;37.3;2.89;2.21;Conectado;12837.23;0
13084;81.2;JS;Trifásico;7.9;4.65;1.69;Conectado;7987.44;0
13085;78.92;GM;Monofásico;32.7;4.19;-5.0;Conectado;21387.41;0
13086;68.1;SC;Trifásico;39.2;2.66;1.36;Conectado;6024.32;0
13087;;SC;Trifásico;47.5;3.63;0.23;Conectado;7004.23;0
13088;72.66;JS;Monofásico;24.9;3.63;2.66;Conectado;11319.5;0
13089;83.92;GM;Monofásico;86.2;4.12;2.15;Conectado;19675.73;0
13090;80.9;SC;Trifásico;27.8;3.68;0.04;Conectado;15637.03;0
13091;62.38;JS;Trifásico;81.0;4.67;0.57;Conectado;11443.37;0
13092;61.17;JS;Monofásico;42.8;4.57;1.43;Conectado;15080.35;0
13093;73.92;GM;Trifásico;68.5;5.57;5.79;Conectado;26749.75;1
13094;75.39;SC;Monofásico;11.4;2.02;11.58;Conectado;9892.77;0
13095;84.13;SC;Trifásico;52.2;4.89;3.48;Conectado;4573.34;0
13096;81.16;JS;Trifásico;91.3;4.44;3.46;Conectado;11270.25;0
13097;92.5;JS;Trifásico;63.6;3.66;1.34;Conectado;21437.41;0
13098;69.39;SC;Trifásico;500.0;3.59;2.12;Conectado;5955.25;0
13099;68.71;SC;Monofásico;25.5;3.73;0.66;Conectado;5070.93;0
13100;-40.0;SC;Monofásico;76.2;4.0;3.35;Conectado;17488.66;1
13101;83.99;SC;Monofásico;34.0;3.37;0.15;Conectado;5096.84;0
13102;75.26;JS;Monofásico;46.6;2.52;1.35;Conectado;13160.18;0
13103;52.76;SC;Monofásico;18.7;3.38;4.45;Conectado;9584.97;0
13104;77.43;GM;Monofásico;46.7;3.59;9.76;Desconectado;14980.87;0
13105;78.19;GM;Monofásico;49.5;4.26;2.98;Conectado;17845.38;0
13106;73.27;JS;Trifásico;59.5;2.85;0.55;Conectado;6000.23;1
13107;78.56;JS;Trifásico;82.7;4.31;2.12;Conectado;5187.27;0
13108;60.36;GM;Monofásico;29.7;2.84;2.06;Conectado;18697.95;0
13109;94.69;SC;Monofásico;93.5;4.12;8.44;1;;0
13110;79.56;SC;Monofásico;80.7;4.24;4.58;0;7606.13;0
13111;53.72;GM;Monofásico;38.9;3.7;0.13;Conectado;2063.82;0
13112;74.93;SC;Trifásico;22.3;3.84;0.62;Conectado;4040.24;0
13113;79.88;SC;Monofásico;7.7;4.36;4.61;Desconectado;12734.26;0
13114;61.64;JS;Monofásico;23.0;3.33;8.98;Conectado;9234.37;0
13115;81.4;JS;Trifásico;84.1;4.05;0.87;Conectado;18691.89;0
13116;95.17;JS;Monofásico;28.5;3.52;2.93;Desconectado;18272.68;0
13117;67.27;GM;Trifásico;14.0;5.04;0.92;Conectado;7377.83;0
13118;80.14;JS;Monofásico;3.1;4.23;0.1;Conectado;11609.23;0
13119;77.5;JS;Monofásico;29.0;2.96;4.42;Conectado;;0
13120;86.62;GM;Trifásico;21.3;5.25;3.36;Desconectado;8132.12;0
13121;73.69;SC;Trifásico;10.6;4.6;0.14;Conectado;19109.6;0
13122;62.2;SC;Trifásico;90.4;2.83;0.39;Conectado;22023.41;1
13123;85.85;JS;Trifásico;26.2;2.58;19.17;Conectado;13708.34;0
13124;62.91;GM;Trifásico;1.6;2.82;2.63;Conectado;7619.79;0
13125;96.71;JS;Trifásico;9999.0;3.01;4.03;Desconectado;22641.72;0
13126;81.73;JS;Monofásico;55.4;3.92;1.23;Conectado;9985.98;0
13127;67.81;JS;Trifásico;8.8;3.87;1.83;Desconectado;6261.37;0
13128;88.3;JS;Trifásico;4.0;4.39;2.42;Conectado;6355.06;0
13129;74.89;JS;Monofásico;11.1;3.55;4.1;Conectado;8109.84;1
13130;72.34;SC;Monofásico;56.6;3.59;1.03;Conectado;19465.78;0
13131;66.83;JS;Monofásico;6.8;3.89;2.79;Conectado;;0
13132;52.46;SC;Trifásico;54.4;4.7;3.74;Conectado;12513.09;1
13133;82.25;JS;Trifásico;62.3;2.29;4.09;Desconectado;17389.64;1
13134;55.46;JS;Trifásico;14.9;3.59;1.73;Conectado;5375.46;0
13135;65.48;SC;Trifásico;46.9;4.85;1.6;Conectado;11509.93;0
13136;80.19;GM;Monofásico;91.6;3.85;0.28;Conectado;7734.82;0
13137;;GM;Trifásico;79.6;3.56;1.72;Conectado;2897.05;0
13138;76.89;GM;Monofásico;69.0;3.15;3.03;Conectado;13559.98;0
13139;60.44;SC;Trifásico;49.7;4.52;6.33;Conectado;;0
13140;70.82;SC;Trifásico;38.1;3.41;0.33;Conectado;13564.64;0
13141;76.96;SC;Trifásico;43.4;3.41;8.68;Desconectado;20364.07;1
13142;63.58;SC;Monofásico;72.9;4.89;0.67;Conectado;18898.36;0
13143;95.24;JS;Trifásico;53.1;2.96;0.48;Desconectado;11069.9;0
13144;67.35;SCH;Trifásico;72.9;5.11;0.3;Conectado;6883.19;0
13145;91.54;JS;M;92.2;3.94;11.55;Conectado;17509.49;0
13146;72.99;JS;Trifásico;61.2;3.82;2.06;Conectado;22390.95;1
13147;56.18;SC;Monofásico;57.7;4.03;0.79;Conectado;10583.52;0
13148;61.36;JS;Trifásico;39.2;3.82;0.96;Conectado;16471.14;0
13149;77.11;JS;Trifásico;19.5;3.38;7.5;Conectado;2402.56;0
13150;87.39;JS;nan;36.2;4.08;5.76;Desconectado;14862.7;0
13151;96.24;GM;Trifásico;49.9;3.41;1.08;Conectado;14244.69;0
13152;76.54;JS;Trifásico;4.3;4.14;0.16;Conectado;6263.88;0
13153;60.87;JS;Trifásico;45.7;5.65;4.48;Conectado;8286.13;0
13154;78.34;GM;Trifásico;82.0;4.33;6.15;Conectado;15796.44;0
13155;65.1;JS;Trifásico;92.8;3.65;4.54;Conectado;9596.93;0
13156;79.71;JS;Monofásico;81.4;4.0;6.1;Conectado;16206.74;0
13157;63.7;JS;Monofásico;17.2;3.54;2.14;Conectado;10726.81;0
13158;49.93;JS;Trifásico;15.6;3.65;4.58;Conectado;10665.21;0
13159;90.8;JS;Mono;38.0;3.71;7.2;Conectado;5892.28;0
13160;72.28;JS;Trifásico;22.2;4.18;5.52;Conectado;24229.05;0
13161;75.6;JS;Trifásico;64.5;4.53;2.21;Conectado;14975.73;0
13177;86.96;GM;Monofásico;8.9;5.49;3.43;Desconectado;31784.91;0
13163;97.55;SC;Trifásico;42.7;4.32;3.19;Conectado;19434.62;0
13164;83.64;SC;Trifásico;27.4;2.92;4.06;Conectado;9266.7;0
13165;76.24;JS;Monofásico;57.0;2.78;0.65;Conectado;7599.85;0
13166;80.55;JS;Trifásico;75.9;3.75;0.01;Conectado;21483.11;1
13167;71.46;GM;Trifásico;87.8;4.6;1.78;Conectado;4366.38;0
13168;75.43;JS;Monofásico;91.6;3.63;3.63;Conectado;13833.34;0
13169;76.74;GM;Monofásico;34.0;3.65;0.33;Conectado;14498.89;0
13170;65.56;JS;Monofásico;81.4;4.52;1.9;Conectado;25144.86;0
13171;75.25;GM;Trifásico;56.6;3.78;0.94;Conectado;14789.51;1
13172;79.41;JS;Trifásico;66.1;4.63;4.55;Desconectado;20474.14;0
13173;81.2;JS;Trifásico;81.0;2.6;0.26;Desconectado;12436.82;0
13174;80.25;SC;Trifásico;13.2;4.18;4.71;Conectado;14916.53;0
13175;58.93;SC;Trifásico;90.1;2.38;2.36;Conectado;20679.72;1
13176;89.75;JS;Monofásico;52.5;4.01;6.3;Conectado;5711.21;1
13177;88.76;GM;Trifásico;32.6;4.52;6.86;Desconectado;4792.93;0
13178;73.85;JS;Trifásico;500.0;2.5;4.14;Desconectado;19916.57;0
13179;80.47;JS;Trifásico;71.6;1.96;1.89;Conectado;7643.16;0
13180;72.4;SC;Monofásico;64.8;4.48;0.38;Desconectado;15736.7;0
13181;84.02;SC;Monofásico;69.6;4.16;0.64;Conectado;32569.29;0
13182;65.23;GM;Monofásico;24.8;2.92;1.35;Conectado;19855.41;0
13183;91.11;JS;Trifásico;17.0;4.0;3.26;Conectado;2262.7;0
13184;180.0;JS;Trifásico;68.9;3.37;1.97;Conectado;21675.62;0
13185;83.71;SC;Trifásico;29.1;3.66;1.44;Conectado;5793.03;1
13186;73.74;JS;Monofásico;21.9;3.59;1.62;Conectado;18491.52;0
13187;58.05;JS;Trifásico;21.2;2.74;3.38;Conectado;13730.47;0
13188;85.61;JS;Trifásico;14.9;4.52;0.09;Conectado;28911.29;0
13189;58.45;JS;Trifásico;41.1;2.95;1.46;Conectado;5758.87;0
13190;85.75;JS;Trifásico;25.5;3.87;2.13;Conectado;4379.12;0
13191;65.73;JS;Trifásico;85.0;4.32;2.22;Conectado;12602.03;0
13192;55.96;SC;Trifásico;65.8;3.14;2.41;Conectado;6382.95;0
13193;75.01;SC;Trifásico;70.9;3.58;0.14;Conectado;14491.26;0
13194;89.19;JS;Trifásico;38.9;3.39;2.04;Conectado;7740.49;0
13195;63.41;JS;Trifásico;57.4;5.18;2.0;Desconectado;7165.25;0
13196;-15.0;JS;Monofásico;48.1;4.53;4.83;Desconectado;2658.63;1
13197;-15.0;JS;Trifásico;16.7;4.41;3.57;Conectado;7109.27;0
13198;76.88;JSS;Monofásico;5.5;5.57;0.08;Conectado;12362.09;0
13199;69.77;GM;Trifásico;65.3;4.08;2.03;OFF;11381.81;0
13200;70.61;SC;Trifásico;12.4;3.53;2.94;Conectado;9916.69;0
13201;80.16;SC;Trifásico;6.4;2.65;2.17;Desconectado;8404.64;1
13202;85.15;JS;Monofásico;42.5;3.24;2.82;Conectado;15514.82;0
13203;67.88;JS;Trifásico;500.0;3.93;0.31;Conectado;3216.95;1
13204;65.32;GM;Trifásico;73.3;4.55;0.46;Desconectado;;1
13205;72.43;GM;Trifásico;83.1;3.28;2.19;Conectado;26120.37;0
13206;91.72;JS;Trifásico;19.7;5.07;4.03;Conectado;13754.47;0
13207;60.4;JS;Trifásico;93.6;2.57;0.07;Conectado;1872.64;0
13208;88.71;GUARAMIRIM;Trifásico;72.7;3.5;1.43;Conectado;9263.44;0
13209;75.51;JS;Trifásico;15.8;4.12;12.09;Conectado;13432.25;0
13210;55.17;SC;Trifásico;80.0;3.9;3.63;Conectado;1756.44;0
13211;69.46;GM;Monofásico;47.9;4.18;1.5;Conectado;15460.02;0
13212;82.32;JS;Trifásico;7.3;3.9;0.26;Conectado;30845.61;0
13213;96.62;GM;Trifásico;13.4;4.32;1.11;Conectado;1980.07;0
13214;59.07;GM;Monofásico;41.8;3.6;0.42;Conectado;11323.23;0
13215;41.17;GM;Monofásico;50.9;3.56;6.34;Conectado;38459.19;0
13216;59.29;JS;Trifásico;90.1;3.14;2.89;Conectado;3870.29;0
13217;88.56;JS;Trifásico;21.3;5.54;85.0;Conectado;13832.09;0
13218;250.0;SC;Monofásico;45.6;3.74;5.69;Desconectado;16756.79;0
13219;92.97;JS;Trifásico;22.2;4.15;2.33;Conectado;8091.48;0
13220;;JS;Monofásico;53.5;3.63;0.02;Desconectado;18339.67;0
13221;77.29;SP;Trifásico;500.0;5.07;2.03;Conectado;;0
13222;67.48;SC;Trifásico;54.4;3.79;4.05;Desconectado;12542.86;0
13223;75.66;JS;Monofásico;48.9;4.06;0.94;Conectado;13805.66;0
13224;82.33;JS;Monofásico;71.5;3.1;6.57;Conectado;12684.19;0
13225;80.5;JS;Trifásico;14.9;5.21;14.38;Conectado;13407.76;0
13226;95.88;SC;Monofásico;86.1;3.97;1.99;Conectado;8162.9;0
13227;71.88;SC;Trifásico;55.3;5.24;1.89;Conectado;15747.24;1
13228;59.39;JS;Monofásico;65.5;3.32;2.66;Conectado;11910.86;0
13229;57.27;GM;Monofásico;78.0;0.0;2.09;Conectado;8682.08;0
13230;54.87;JS;Trifásico;60.7;3.38;0.44;Conectado;6323.55;0
13231;77.36;SC;Trifásico;61.3;3.57;0.79;Conectado;9929.42;0
13232;-15.0;SC;Trifásico;69.6;4.34;0.56;Conectado;4308.52;0
13233;75.39;SC;Trifásico;5.9;2.16;0.19;Conectado;23693.23;0
13234;68.56;JS;Trifásico;36.9;3.76;0.38;Conectado;21870.92;0
13235;61.68;GM;Monofásico;91.5;3.18;8.97;Conectado;8962.27;0
13236;82.37;GM;Trifásico;25.2;3.09;2.02;Conectado;6542.85;1
13237;45.44;SC;Trifásico;52.0;4.17;;Conectado;12380.56;0
13238;65.38;JS;Monofásico;17.5;4.04;3.12;Conectado;10189.23;0
13239;84.44;JS;Trifásico;31.4;4.49;1.62;Conectado;3204.18;0
13240;64.19;SC;Trifásico;68.4;4.11;0.64;Conectado;15205.61;1
13241;79.7;JS;Trifásico;61.5;3.94;7.19;Conectado;18549.58;0
13242;65.4;SC;Trifásico;39.9;3.35;0.64;Desconectado;13437.4;0
13243;69.53;JS;Trifásico;89.2;3.06;0.26;Desconectado;7137.09;0
13244;81.9;SC;Monofásico;73.9;4.28;0.58;Conectado;15344.18;0
13245;59.67;JS;Trifásico;26.2;3.6;6.07;Conectado;10844.4;0
13246;83.94;JS;Monofásico;44.8;4.12;4.88;Conectado;22798.05;0
13247;75.55;JS;Monofásico;83.5;3.8;5.62;Desconectado;21617.37;0
13248;90.08;JS;Monofásico;3.1;2.17;;Conectado;;0
13249;77.5;SC;Trifásico;55.7;4.19;0.2;Desconectado;22038.45;0
13250;250.0;SC;Trifásico;22.8;3.3;3.11;Conectado;6534.56;0
13251;95.74;GUARAMIRIM;Monofásico;7.0;4.49;2.73;Conectado;12515.59;0
13252;63.17;SC;Trifásico;86.8;2.31;12.37;Conectado;22474.04;0
13253;72.27;SC;Trifásico;77.7;5.32;3.14;Conectado;19757.48;0
13254;;JS;Monofásico;18.4;3.32;3.93;Conectado;17929.56;0
13255;52.44;JS;Monofásico;79.7;4.18;3.14;Desconectado;12643.98;0
13256;92.28;XX;Trifásico;14.8;3.23;2.42;Conectado;19533.15;0
13257;61.19;SC;Monofásico;45.8;3.34;;Conectado;20198.93;0
13258;69.54;JS;Trifásico;69.2;4.35;8.71;Conectado;;0
13259;78.47;JS;Trifásico;51.2;3.64;6.89;Conectado;10067.28;1
13260;74.5;SC;Monofásico;81.0;3.69;1.44;Conectado;19110.88;0
13261;84.47;GM;Monofásico;59.0;4.48;0.84;Desconectado;11631.66;0
13262;55.79;SC;Monofásico;41.6;3.95;1.78;Conectado;7487.84;0
13263;83.73;SC;Trifásico;88.0;4.16;3.43;Conectado;10272.4;1
13264;84.69;SC;Monofásico;4.4;3.3;1.28;Desconectado;15410.96;0
13265;;JS;Trifásico;46.9;4.33;1.93;Desconectado;37532.76;0
13266;55.92;SC;Trifásico;63.1;3.89;0.89;Desconectado;7122.2;1
13267;57.37;GM;Monofásico;79.6;4.14;1.4;Conectado;6399.95;0
13268;70.89;JS;Trifásico;51.9;4.09;7.88;Conectado;14932.86;1
13269;58.67;JS;Trifásico;84.2;4.7;0.6;Conectado;13526.08;0
13270;53.35;JS;Trifásico;41.1;4.2;11.22;Conectado;14685.55;1
13271;70.37;JS;Trifásico;30.8;2.87;0.61;Conectado;25688.43;0
13272;77.81;GM;Trifásico;92.5;3.32;0.96;Conectado;16014.27;0
13273;108.59;JS;Trifásico;63.7;3.98;0.23;Desconectado;6031.32;0
13274;81.58;JS;Trifásico;41.0;4.12;3.49;Conectado;3950.15;0
13275;96.03;GM;Trifásico;83.5;2.74;0.04;Conectado;13837.18;0
13276;74.47;SC;Monofásico;65.2;3.01;3.88;Conectado;9106.24;0
13277;81.71;SC;3-Fase;61.0;4.67;2.15;Conectado;16783.65;0
13278;73.25;GM;Trifásico;69.5;5.37;3.45;Conectado;10068.02;0
13279;107.2;JS;Trifásico;70.4;2.48;3.82;Conectado;14859.81;0
13280;66.77;SC;Monofásico;47.3;4.01;0.33;Desconectado;9108.5;1
13281;68.4;JS;Trifásico;40.4;3.84;0.05;Conectado;27550.48;0
13282;84.56;JS;Trifásico;86.5;4.61;0.46;Conectado;5869.4;0
13283;77.49;JS;Monofásico;47.7;4.2;1.21;Desconectado;6590.97;0
13284;69.91;JS;Trifásico;21.3;4.46;0.19;Conectado;9789.39;0
13285;;GM;Trifásico;50.0;1.98;1.53;Desconectado;14345.33;1
13286;74.51;GM;Trifásico;4.2;3.79;0.84;Desconectado;34605.28;0
13287;74.42;GM;Trifásico;69.0;3.08;1.13;Desconectado;22428.66;0
13288;77.77;JS;Trifásico;12.9;3.1;7.05;Conectado;5596.89;1
13289;54.19;GM;Monofásico;11.5;2.82;3.22;Conectado;18635.76;1
13290;55.88;SC;Monofásico;90.0;3.98;2.68;Conectado;5600.35;0
13291;88.04;JS;Trifásico;73.6;4.07;2.65;Conectado;5467.02;1
13292;66.88;SC;Monofásico;39.9;4.3;2.03;Conectado;13454.81;1
13293;73.4;JS;Monofásico;23.5;3.48;1.8;Conectado;6779.09;0
13294;94.35;JS;Trifásico;80.3;4.91;5.35;Conectado;17371.12;0
13295;73.95;GM;Trifásico;92.0;3.05;0.19;Conectado;6096.33;1
13296;72.48;SC;Trifásico;48.8;2.65;0.85;Conectado;9097.76;0
13297;85.75;JS;Monofásico;55.5;3.98;0.27;Conectado;7506.14;0
13298;67.82;SC;Trifásico;23.8;3.25;0.03;Conectado;11882.14;0
13299;89.44;GM;Monofásico;56.4;4.23;0.03;Conectado;;0
13300;85.51;SC;Trifásico;38.7;3.27;0.06;Conectado;5155.08;1
13301;96.96;JS;Trifásico;80.5;3.34;2.86;Conectado;14727.74;0
13302;66.72;JS;Trifásico;36.4;0.0;0.3;Conectado;12309.32;0
13303;91.4;JS;Monofásico;62.0;3.21;0.57;Conectado;;0
13304;81.65;GM;Trifásico;20.1;3.8;1.36;Conectado;3364.65;1
13305;59.1;JS;Trifásico;9.5;3.99;0.78;Conectado;12047.23;0
13306;43.85;GUARAMIRIM;Trifásico;4.8;3.21;4.24;Conectado;21471.91;1
13307;65.42;JS;Monofásico;40.1;2.86;;Conectado;23460.94;0
13308;78.51;GM;Monofásico;16.4;4.2;1.01;Conectado;10927.24;0
13309;80.25;SC;Trif;94.4;4.11;0.96;Desconectado;5460.36;0
13310;74.29;SC;Monofásico;76.0;4.37;2.88;Conectado;5424.24;0
13311;;JS;Trifásico;66.2;2.97;0.47;Desconectado;8072.27;0
13312;73.49;JS;Trifásico;76.5;3.14;0.82;OFF;16269.86;0
13313;87.37;GM;Trifásico;25.7;4.46;1.09;Conectado;4710.64;0
13314;57.76;GM;Trifásico;83.7;4.52;1.52;Conectado;15211.56;1
13315;78.22;GM;Trifásico;94.6;3.47;85.0;Conectado;14619.71;0
13316;65.13;GM;Monofásico;28.2;3.04;0.43;Conectado;9752.66;1
13317;64.12;GM;Monofásico;93.6;3.24;11.5;Conectado;9966.26;0
13318;89.11;SC;Monofásico;31.1;3.03;6.11;Conectado;15302.85;0
13319;63.2;GM;Monofásico;2.1;4.44;1.85;Conectado;14698.79;0
13320;73.33;SC;Monofásico;35.5;4.37;3.63;Desconectado;6905.57;0
13321;98.5;JS;Trifásico;94.8;3.87;2.8;Desconectado;;1
13322;85.06;JS;Monofásico;60.7;3.26;0.2;Conectado;;0
13323;69.54;GM;Trifásico;66.4;3.1;1.82;Conectado;11532.73;0
13324;70.53;JS;Monofásico;23.4;3.31;0.51;Conectado;4674.28;0
13325;60.27;GM;Trifásico;14.7;3.09;2.19;Conectado;12308.6;0
13326;90.61;JS;Trifásico;84.2;3.98;0.16;Desconectado;10051.28;0
13327;87.14;JS;Monofásico;39.9;4.41;0.44;Conectado;6705.76;0
13328;83.24;JS;Monofásico;1.4;4.44;3.8;Conectado;8506.4;0
13329;84.56;JS;Trifásico;28.7;3.09;4.63;Conectado;9721.96;0
13330;65.71;JS;Trifásico;19.4;3.32;5.95;Conectado;9119.03;0
13331;56.43;JS;Trifásico;57.8;3.36;5.68;Conectado;8008.3;0
13332;81.73;GM;Monofásico;72.1;4.62;5.94;Conectado;8610.06;1
13333;85.66;JS;M;47.8;2.73;0.25;Conectado;21110.66;0
13334;94.28;XX;Trifásico;18.5;3.8;2.69;Conectado;10277.32;0
13335;72.59;JS;Trifásico;6.4;3.1;3.02;Conectado;5923.68;0
13336;70.84;SC;Trifásico;30.5;3.65;0.78;Desconectado;23023.78;0
13337;72.13;SC;Trifásico;76.8;4.36;12.38;Conectado;15106.53;0
13338;320.0;SC;Monofásico;40.4;3.54;0.84;Conectado;14989.45;0
13339;71.61;JS;Monofásico;24.7;3.2;2.14;Conectado;7567.15;0
13340;74.37;JS;Trifásico;2.9;4.4;5.15;Conectado;14046.08;1
12960;84.97;SC;Monofásico;47.6;3.9;0.85;Conectado;8582.32;0
13342;67.49;GM;Trifásico;65.4;4.19;2.33;Conectado;7189.82;1
13343;250.0;JS;Trifásico;18.9;4.01;3.18;Conectado;31137.83;0
13344;82.6;JS;Trifásico;51.5;2.83;2.46;Conectado;5156.01;0
13345;52.71;JS;Trifásico;40.5;4.84;1.3;Conectado;8068.63;1
13346;68.82;JS;Monofásico;67.2;3.64;7.24;Desconectado;7361.56;0
13347;50.71;SC;Trifásico;81.9;4.47;2.37;Conectado;16639.86;0
13348;72.64;SC;Monofásico;29.9;3.52;0.64;Desconectado;;1
13349;69.02;JS;Monofásico;-10.0;4.25;4.1;Conectado;11371.58;0
13350;85.02;JS;Monofásico;67.5;4.61;2.67;OFF;12269.25;0
13351;64.43;GM;Monofásico;4.5;4.51;0.29;Conectado;3586.88;0
10192;-15.0;GM;Monofásico;75.4;3.88;0.81;Conectado;10954.19;1
13353;81.83;GM;Trifásico;47.5;3.53;0.43;Conectado;5469.35;0
13354;78.09;JS;Trifásico;89.9;2.67;0.19;Conectado;10587.99;1
13355;88.68;SC;Trifásico;31.4;2.81;0.65;Conectado;9920.33;0
13356;99.82;JS;Monofásico;56.6;4.69;0.81;Conectado;;0
13357;76.34;JS;Trifásico;90.9;3.14;1.57;Conectado;14250.5;0
13358;79.86;JS;Monofásico;26.5;4.44;8.71;Conectado;10945.07;0
13359;64.44;SC;Trifásico;45.4;4.53;7.17;Conectado;10121.24;0
13360;62.77;JS;Mono;71.7;4.16;3.5;Conectado;7033.77;0
13361;87.41;GM;Trifásico;66.0;4.11;2.6;Conectado;7994.69;0
13362;85.82;JS;Monofásico;79.8;2.87;7.36;Conectado;32351.62;0
13363;62.64;JS;Trifásico;49.9;2.72;0.38;Desconectado;36408.08;1
13364;59.3;JS;Trifásico;31.0;3.27;1.0;Conectado;4283.06;0
13365;67.22;JS;Trifásico;51.3;5.12;2.01;Conectado;14075.33;0
13366;73.3;JS;Trifásico;33.9;4.9;4.2;Conectado;;0
13367;70.09;JS;Trifásico;17.6;3.83;2.44;Conectado;4232.8;0
13368;76.93;JS;Trifásico;53.2;4.84;4.14;Conectado;25335.32;0
13369;86.0;JS;Trifásico;5.5;3.05;0.42;Desconectado;18272.82;0
13370;80.55;SC;Trifásico;4.4;3.5;0.54;Conectado;1056.8;0
13371;81.43;JS;Monofásico;7.1;5.07;3.37;Conectado;19024.92;0
13372;45.58;SC;Monofásico;64.2;5.48;1.07;Conectado;8102.16;1
13373;55.63;SC;Trifásico;39.3;4.42;1.43;Conectado;10818.28;0
13374;65.44;JS;Trifásico;47.4;2.53;3.92;Conectado;1386.87;1
13375;;GM;Trifásico;33.3;4.88;0.18;Conectado;13474.83;0
13376;85.08;SC;Monofásico;24.8;3.59;0.46;Desconectado;24407.75;0
13377;250.0;JS;Trifásico;34.7;4.38;0.88;Conectado;5087.46;0
13378;83.0;GM;Trifásico;19.2;3.88;5.37;Conectado;5016.36;0
13379;65.58;GM;Trifásico;64.8;4.61;1.3;Desconectado;28296.02;0
13380;60.59;GM;Trifásico;10.6;3.84;0.73;Conectado;7643.13;0
13381;61.15;SC;Trifásico;49.6;5.98;2.84;Conectado;3155.92;0
13382;102.1;JS;Monofásico;45.8;4.57;0.08;Conectado;2885.66;1
13383;65.31;JS;Trifásico;29.4;2.79;3.73;Desconectado;8588.47;0
13384;83.29;SC;Trifásico;10.6;2.46;2.99;Conectado;3356.95;0
13385;56.3;SCH;Trifásico;67.1;2.47;0.14;Conectado;16863.28;0
13386;92.03;SC;Monofásico;54.5;4.28;1.72;Conectado;8032.22;0
13387;79.19;GM;Trifásico;77.1;99.0;1.29;Conectado;22183.13;1
13388;78.29;JS;Trifásico;23.1;1.71;0.43;Conectado;18342.04;0
13389;79.97;JS;Monofásico;75.4;4.78;0.42;Conectado;11193.99;0
13390;81.29;GM;Monofásico;28.4;4.08;0.44;Conectado;15526.25;0
13391;84.71;SC;Trifásico;;5.09;2.29;Conectado;;1
13392;-15.0;GM;Trifásico;13.7;3.03;0.47;Conectado;11189.08;0
13393;67.11;SC;Trifásico;21.8;4.03;0.15;Conectado;3556.17;0
13394;75.59;JS;Monofásico;65.1;4.03;7.9;Conectado;14369.66;0
13395;83.21;SC;Trifásico;23.9;3.18;0.1;Conectado;17737.69;0
13396;74.2;GM;Trifásico;57.8;2.78;2.73;Conectado;10239.07;0
13397;84.29;SC;Trifásico;25.1;4.55;6.87;Conectado;26866.37;1
13398;82.41;JS;Trifásico;35.3;3.98;0.1;Conectado;8873.55;1
13399;72.4;JS;Trifásico;84.6;4.12;8.43;Conectado;12881.3;0
13400;54.03;nan;Monofásico;48.0;4.89;1.74;Conectado;7745.32;0
13401;68.96;JS;Trifásico;57.4;3.77;3.84;Conectado;3168.06;0
13402;95.91;SC;Monofásico;18.8;4.05;2.45;Conectado;15602.0;0
13403;79.08;JS;Trifásico;13.4;4.08;2.4;Conectado;25972.52;0
13404;67.33;JS;Monofásico;39.8;4.1;3.89;Conectado;19905.46;0
13405;78.01;GM;Monofásico;81.4;2.67;0.17;Conectado;13934.96;0
13406;83.12;JS;Trifásico;23.6;3.78;1.25;Conectado;5879.4;0
13407;67.33;GM;Trifásico;59.4;4.73;8.73;Conectado;21705.55;0
13408;89.82;JS;Trifásico;83.0;3.7;0.14;Desconectado;12327.67;0
13409;80.95;SCH;Trifásico;88.8;3.42;0.76;Desconectado;3705.41;0
13410;61.8;JS;Trifásico;94.4;4.57;2.79;Conectado;6976.73;0
13411;85.28;JS;Trifásico;72.7;3.81;0.26;OK;11891.39;1
13412;;GM;Monofásico;8.1;3.3;1.92;Conectado;6605.39;0
13413;72.85;SC;Monofásico;82.9;3.11;3.12;Desconectado;14968.03;0
13414;62.81;JS;Trifásico;84.2;3.76;3.54;Conectado;4498.56;1
13415;82.58;GM;3-Fase;53.4;3.27;2.06;Conectado;31796.77;1
13416;73.21;SC;Monofásico;7.3;4.52;1.74;Conectado;11192.5;0
13417;83.09;GM;Trifásico;45.8;3.19;3.13;Conectado;5503.98;0
13418;68.39;SC;Trifásico;20.8;4.02;0.39;Conectado;5215.54;0
13419;67.02;JS;Trifásico;42.6;4.14;2.85;Conectado;4286.53;0
13420;66.04;JS;Trifásico;69.1;4.31;6.29;Conectado;20527.4;0
13421;79.75;JS;Trifásico;63.7;5.06;2.87;Conectado;5095.34;0
13422;;SC;Trifásico;74.3;2.72;0.12;Conectado;5645.8;1
13423;72.56;JS;Monofásico;45.8;4.29;1.76;Conectado;33196.41;0
13424;68.78;JS;Monofásico;49.0;4.3;3.24;Conectado;11562.68;0
13425;80.28;JS;Trifásico;89.0;2.93;;Conectado;8816.2;0
13426;54.18;JS;Monofásico;60.3;4.01;3.59;Conectado;6100.78;0
13427;77.96;GM;Monofásico;71.3;3.46;0.83;Conectado;6914.61;0
13428;95.78;SC;Trifásico;63.5;4.92;2.22;Conectado;;0
13429;89.83;SC;Monofásico;61.2;3.35;8.48;Conectado;20064.71;0
13430;67.6;GM;Trifásico;86.9;3.63;13.21;Conectado;27114.3;0
13431;80.94;SC;Trifásico;34.5;3.5;2.52;Desconectado;3457.93;0
13432;78.61;GM;3-Fase;41.2;3.13;1.69;Conectado;10936.41;1
13433;92.63;JS;Trifásico;36.7;2.56;0.49;Desconectado;21777.68;0
13434;44.88;JS;Trifásico;72.9;3.13;0.58;Conectado;19380.79;0
13435;88.35;JS;Trifásico;82.6;3.92;1.4;Desconectado;3746.79;0
13436;71.79;JS;Monofásico;34.6;4.03;3.03;Conectado;6581.68;0
13437;66.08;GM;Monofásico;14.4;4.45;3.67;Conectado;16289.09;1
13438;65.74;SC;Trifásico;47.4;4.64;0.63;Conectado;4809.2;0
13439;;JS;Trifásico;93.5;4.12;1.92;Conectado;6941.91;1
13440;67.63;SC;Monofásico;20.1;4.44;2.24;Desconectado;27544.57;0
13441;62.04;SC;Trifásico;43.5;4.22;5.59;Conectado;8791.71;0
13442;77.16;JS;Trifásico;26.5;2.92;5.23;Conectado;13092.79;0
13443;82.08;SC;Trifásico;87.7;4.11;4.25;Conectado;9897.78;0
13444;71.92;GM;Monofásico;52.8;3.81;1.82;Conectado;5709.24;0
13445;93.0;GM;Monofásico;55.4;3.35;0.17;Conectado;11621.48;0
13446;68.42;SC;Monofásico;1.8;3.81;1.02;Conectado;4831.81;0
13447;71.29;JS;Trifásico;62.4;4.09;2.43;Conectado;13275.72;1
13448;69.32;JS;Monofásico;29.8;3.64;2.54;Conectado;21255.12;0
13449;82.18;JS;Trifásico;49.3;4.59;4.73;Conectado;9499.26;0
13450;83.39;SC;Trifásico;50.9;4.07;1.19;Conectado;9383.06;0
13451;80.94;JS;Trifásico;56.7;4.5;6.9;Desconectado;13606.47;0
13452;73.51;JS;Monofásico;78.4;4.81;0.45;Conectado;3688.56;0
13453;58.91;GM;Trifásico;-10.0;3.48;0.13;Desconectado;16170.68;0
13454;71.17;GUARAMIRIM;Trifásico;25.1;3.44;0.49;Conectado;15967.63;1
13455;92.74;SC;Monofásico;75.8;4.73;1.55;Conectado;;0
13456;87.16;JS;Monofásico;68.6;3.18;4.33;Conectado;8718.03;1
13457;78.53;JS;Monofásico;22.2;3.72;0.42;Desconectado;14111.73;0
13458;70.39;JS;Trifásico;1.1;3.41;1.99;Conectado;26635.14;1
13459;74.84;SC;Monofásico;63.6;3.01;3.75;Conectado;20484.91;0
13460;70.44;JS;Monofásico;15.8;4.2;0.09;Conectado;17719.11;0
13461;89.32;GM;Trifásico;91.0;3.59;0.11;Conectado;26710.25;1
13462;64.93;GM;Trifásico;57.8;3.06;1.69;Conectado;7732.46;0
13463;86.08;XX;Trifásico;80.9;4.54;0.5;Conectado;6092.08;0
13464;68.65;JS;Trifásico;76.7;2.74;1.5;Conectado;4295.88;0
13465;90.85;SC;Trifásico;53.4;3.68;0.11;Conectado;13667.54;0
13466;80.12;GM;Trifásico;42.2;4.51;9.42;Conectado;19825.52;0
13467;66.01;GM;Trifásico;47.7;4.53;2.65;Desconectado;1878.81;1
13468;71.29;JS;Trifásico;76.5;4.14;2.9;Conectado;11609.78;0
13469;;JS;Monofásico;61.2;3.1;1.78;Conectado;26226.5;0
13470;69.01;SC;Trifásico;20.3;3.93;4.36;Conectado;16580.86;0
13471;75.27;SC;Trifásico;58.3;4.08;4.48;Conectado;14591.78;0
13472;68.84;JS;Monofásico;39.0;0.0;0.43;Conectado;12856.98;0
13473;96.11;SC;Trifásico;6.8;4.1;3.66;Desconectado;20912.71;0
13474;98.17;SC;Trifásico;36.8;2.62;2.09;Conectado;13169.32;1
13475;92.56;JS;Trifásico;22.4;2.4;3.59;Conectado;10265.58;0
13476;73.51;GM;Monofásico;79.8;3.29;6.27;Conectado;12173.97;0
13477;70.17;JS;Monofásico;10.9;4.35;1.02;Conectado;4748.76;0
13478;65.65;nan;Monofásico;34.9;4.49;2.12;Conectado;9910.63;0
13479;93.43;SC;Monofásico;66.4;2.78;3.87;Conectado;23853.73;0
13480;86.17;JS;Trifásico;85.4;4.97;10.81;Conectado;8286.82;0
13481;86.75;SC;Monofásico;32.5;3.87;2.37;Conectado;12165.69;0
13482;72.0;SC;Monofásico;58.0;2.56;3.19;Desconectado;14061.64;1
13483;53.91;GM;Trifásico;36.1;4.04;4.68;Conectado;9261.51;0
13484;56.66;JS;Monofásico;20.1;4.82;3.48;Conectado;15865.79;1
13485;75.69;SC;Trifásico;31.6;3.41;7.13;Conectado;9860.72;0
13486;68.73;SC;Trifásico;60.8;4.58;0.65;Conectado;24844.88;0
13487;67.35;SC;Monofásico;68.3;4.95;5.96;Conectado;15633.48;0
13488;79.14;GM;Trifásico;35.8;3.83;0.58;Conectado;3673.18;0
13489;87.16;JS;Trifásico;15.3;3.2;2.08;Conectado;22134.35;1
13490;;JS;Monofásico;14.1;4.74;1.85;OFF;11057.31;0
13491;59.33;SC;Monofásico;77.4;4.73;4.45;Desconectado;7642.99;0
13492;66.87;JS;Monofásico;62.4;2.79;1.27;Conectado;25899.89;0
13493;62.47;GM;Trifásico;69.4;3.72;0.39;Conectado;2408.06;0
13494;82.11;SC;Trifásico;500.0;4.38;3.07;Conectado;21877.04;0
13495;74.95;JS;Monofásico;44.0;4.42;2.33;Conectado;20334.81;0
13496;97.57;GM;Trifásico;20.8;3.57;4.39;Conectado;15095.67;1
13497;83.82;JS;Monofásico;16.8;3.03;3.55;Desconectado;13759.54;0
13498;96.77;SC;Monofásico;15.5;5.06;5.63;Conectado;8679.5;1
13499;58.15;JS;Monofásico;94.2;3.87;4.57;Conectado;22007.33;0
13500;35.97;JS;Trifásico;78.2;3.66;2.9;Conectado;15983.12;0
13501;77.92;JS;Trifásico;59.9;3.33;1.57;Desconectado;23605.75;0
13502;76.48;SC;Monofásico;21.2;3.64;0.05;Desconectado;13017.83;0
13503;73.53;JS;Trifásico;32.7;2.54;0.92;Conectado;26204.57;0
13504;76.15;JS;Monofásico;34.0;4.6;3.25;Conectado;4666.39;1
13505;61.51;JS;Monofásico;45.9;3.58;0.15;Conectado;9468.56;0
13506;81.76;JS;Trifásico;40.7;2.12;3.53;Conectado;10011.12;0
13507;83.83;GM;Monofásico;88.8;3.01;1.82;Conectado;19686.62;0
13508;;JS;Trifásico;68.8;4.57;5.06;Conectado;8216.85;0
13509;70.76;GM;Trifásico;8.7;3.69;2.7;Conectado;1421.44;0
13510;71.5;SC;Trifásico;34.8;3.17;4.0;Desconectado;22010.04;0
13511;66.95;SC;Monofásico;13.5;3.91;0.47;Desconectado;19684.9;0
13512;61.07;JS;Trifásico;27.3;3.56;0.47;Conectado;10694.22;0
13513;75.15;GM;Trifásico;91.1;3.89;0.59;Conectado;9643.51;0
13514;78.13;JS;Trifásico;67.3;4.06;1.01;Conectado;8174.24;0
13515;67.68;SC;Trifásico;1.7;3.15;5.87;Conectado;10681.65;1
13516;61.91;GM;Trifásico;31.9;3.34;3.72;Conectado;12694.11;0
13517;79.93;GM;Trifásico;42.2;3.21;1.13;Conectado;20768.95;0
13518;65.79;SC;Monofásico;57.6;3.24;6.27;Conectado;17260.03;0
13519;71.29;GM;Trifásico;48.0;3.3;3.77;Conectado;2453.54;0
13520;69.77;SC;Trifásico;7.6;3.57;2.67;Conectado;3682.43;0
13521;89.95;JS;Trifásico;49.5;3.31;1.43;Conectado;12909.25;0
13522;66.34;JS;Monofásico;13.2;3.93;2.64;Conectado;15260.4;1
13523;95.71;JS;Trifásico;49.8;3.55;2.25;Conectado;3783.81;0
13524;84.03;JS;Monofásico;24.1;3.23;3.81;Desconectado;22009.85;1
13525;96.85;SC;Monofásico;14.6;2.26;0.64;Conectado;9384.98;0
13526;82.98;GUARAMIRIM;Monofásico;28.1;3.08;5.42;Conectado;4789.78;0
13527;72.35;JS;Monofásico;10.4;3.51;2.24;Conectado;6301.44;0
13528;63.99;GM;Trifásico;27.7;4.57;4.11;Conectado;18341.59;0
13529;70.74;JS;Monofásico;82.5;3.74;1.07;Conectado;26107.9;0
13530;92.85;SCH;Trifásico;29.9;2.59;1.24;Conectado;6347.61;0
13531;74.42;GM;Monofásico;45.2;3.88;6.92;Conectado;4482.74;0
13532;82.93;GM;Monofásico;49.9;3.44;2.43;Conectado;16528.54;0
13533;77.48;GM;Monofásico;17.8;4.26;0.96;Desconectado;10679.35;0
13534;78.0;JS;Trifásico;42.5;2.63;0.21;Conectado;19532.66;0
13535;78.46;SC;Trifásico;81.2;4.77;1.42;Conectado;13024.29;1
13536;80.94;JS;Trifásico;8.6;4.16;4.73;Conectado;7003.93;1
13537;65.23;JS;Trifásico;87.7;3.63;0.72;Conectado;8295.61;0
13538;71.7;SC;Trifásico;82.9;2.56;4.92;Conectado;8666.13;1
13539;78.71;JS;Trifásico;81.4;2.63;0.44;Conectado;14722.78;0
13540;76.96;GM;Monofásico;19.7;4.35;0.35;Conectado;15713.29;1
13541;69.47;GM;Trifásico;46.5;4.44;2.33;Desconectado;23223.94;1
13542;80.0;JS;Monofásico;58.9;4.63;4.08;Conectado;31860.8;1
13543;65.75;SC;Trifásico;10.4;5.13;3.79;Conectado;9688.47;0
14710;60.32;JS;Monofásico;53.3;4.4;1.96;Conectado;12071.41;1
13545;78.54;GM;Monofásico;;4.13;2.55;Conectado;12886.91;0
13546;60.62;SC;Trifásico;89.0;5.71;0.75;Conectado;22781.12;0
13547;78.36;JS;Trifásico;27.2;;2.0;Conectado;16832.21;0
13548;51.54;JS;Trifásico;28.1;3.72;0.58;Conectado;13998.05;0
13549;66.3;JS;Monofásico;26.4;2.57;6.59;Conectado;5246.07;0
13550;71.07;XX;Trifásico;15.4;4.3;2.83;Desconectado;15056.14;0
13551;55.72;JS;Trifásico;41.5;3.64;2.08;Conectado;8419.71;0
13552;70.53;JS;Trifásico;74.7;3.3;0.71;Conectado;13243.19;0
13553;89.22;GM;Trifásico;67.9;3.32;1.31;Conectado;16964.55;1
13554;59.76;GM;Monofásico;85.6;3.16;3.79;Conectado;17665.67;0
13555;70.86;GM;Trifásico;34.4;3.66;0.68;Desconectado;6495.63;0
13556;95.43;SC;Trifásico;54.8;2.65;0.34;Conectado;11432.21;0
13557;62.26;SC;Trifásico;150.0;2.72;0.92;Conectado;8708.09;0
13558;91.77;SC;Monofásico;85.4;2.91;3.96;Conectado;6275.23;0
13559;71.65;JS;Trifásico;82.9;3.3;5.37;Conectado;12321.74;0
13560;76.22;SC;Monofásico;44.8;3.43;1.34;Conectado;13963.0;1
13561;90.5;JS;Trifásico;86.2;2.16;3.8;Conectado;8930.86;0
13562;69.18;JS;Monofásico;42.7;3.39;1.01;Conectado;8060.35;0
13563;82.57;GM;Monofásico;85.9;3.13;1.78;Conectado;16142.23;1
13564;85.62;JS;Trifásico;74.0;4.43;0.05;Conectado;27150.92;0
13565;67.19;GM;Trifásico;-10.0;3.08;3.11;Conectado;13452.22;0
13566;65.86;JS;Trifásico;88.4;4.6;3.17;Conectado;29980.26;1
13567;72.26;JS;Monofásico;23.8;5.19;0.26;Conectado;16244.42;0
13568;72.63;SC;Trifásico;86.4;4.73;1.11;Conectado;8952.1;0
13569;62.05;SC;Trifásico;58.8;3.01;1.65;nan;6308.39;0
13570;67.3;SC;Trifásico;63.7;4.22;3.72;Conectado;9890.76;0
13571;33.4;GM;Trifásico;11.3;3.03;4.34;Desconectado;16419.06;0
13572;70.99;JS;Trifásico;-5.0;3.14;3.17;Conectado;4146.4;0
13573;85.73;GM;Monofásico;92.0;3.19;0.61;Conectado;7027.08;0
13574;55.0;JS;Monofásico;32.7;3.91;1.1;Desconectado;9609.7;1
13575;320.0;GM;Trifásico;80.4;3.1;0.71;Conectado;8901.62;0
13576;104.31;JS;Monofásico;67.2;3.83;2.53;Conectado;7046.56;0
13577;74.73;GM;Monofásico;57.8;4.81;2.61;Conectado;13413.88;0
13578;91.28;SC;Monofásico;65.4;2.92;0.04;Conectado;5147.45;1
13579;62.86;JS;Trifásico;9.4;2.51;3.29;Conectado;22991.75;0
13580;80.39;GM;Trifásico;39.8;3.29;0.65;Conectado;12642.02;0
13581;60.81;JS;Monofásico;58.1;4.94;4.04;Desconectado;29378.86;0
13582;79.81;JS;Monofásico;82.6;4.35;4.47;Conectado;14605.54;0
13583;85.11;GM;Trifásico;68.2;3.12;3.99;Conectado;17718.77;0
13584;82.26;JS;Trifásico;24.8;-1.5;1.31;Desconectado;12572.77;0
13585;70.86;JS;Trifásico;93.6;4.06;1.07;Conectado;17124.46;1
14070;78.3;SC;Trifásico;61.4;3.88;1.43;Conectado;17495.71;0
13587;78.41;GM;Trifásico;48.1;4.3;1.87;Conectado;18347.19;1
13588;82.99;JS;Trifásico;74.4;2.88;85.0;Conectado;7366.57;1
13589;73.51;SC;Trifásico;57.7;3.73;6.71;Desconectado;7182.73;0
13590;86.17;SC;Monofásico;67.7;4.52;1.75;Conectado;17253.08;0
13591;92.22;GM;Trifásico;59.0;4.7;0.19;Conectado;5591.83;0
13592;71.19;GM;Trifásico;17.8;2.81;14.7;Conectado;9261.72;0
13593;75.56;SC;Trifásico;52.1;3.73;1.65;Conectado;1114.96;1
13594;64.14;SC;Trifásico;27.6;3.57;85.0;Conectado;7252.47;0
13595;79.08;JS;Trifásico;54.6;3.13;1.24;Conectado;2955.78;0
13596;79.16;JS;Monofásico;12.8;3.21;0.64;Conectado;6325.79;0
13597;75.7;SC;Trifásico;22.8;4.25;3.34;Conectado;10371.46;0
13598;76.6;GM;Monofásico;77.0;3.19;1.42;Conectado;5620.79;0
13599;98.06;SC;Monofásico;39.1;3.7;5.33;Desconectado;6524.25;1
13191;40.36;JS;Monofásico;64.3;4.19;1.56;Conectado;27283.76;0
13601;69.04;JS;Monofásico;47.8;5.2;1.03;Conectado;21721.45;0
13602;70.88;SC;Monofásico;33.0;4.04;8.5;0;21102.07;1
13603;92.48;SC;Trifásico;47.5;4.38;4.44;Conectado;14557.48;0
13604;80.7;SC;Monofásico;77.5;4.01;0.58;Conectado;9805.64;0
13605;81.0;SC;Trifásico;27.5;3.64;1.68;Desconectado;16286.5;0
13606;90.12;JS;Trifásico;40.6;3.62;0.3;Conectado;8361.84;0
13607;72.84;GM;Trifásico;20.0;3.71;0.29;Desconectado;17723.05;1
13608;82.83;SC;M;34.0;2.09;4.8;Conectado;5983.4;1
13609;68.63;JS;Trifásico;84.2;3.54;6.71;Conectado;6899.92;0
13610;62.36;JS;Monofásico;74.9;4.15;3.36;Conectado;7657.88;0
13611;96.53;GM;Trifásico;36.1;3.21;11.33;Conectado;5303.71;0
13612;79.43;GM;Monofásico;13.4;4.96;0.12;Conectado;18973.08;0
13613;82.74;JS;Trifásico;40.5;3.9;1.01;Conectado;13672.44;1
13614;62.04;JS;Trifásico;73.5;3.7;0.35;Conectado;6637.75;1
13615;81.12;JS;Trifásico;5.1;4.47;3.81;Conectado;29117.53;0
13616;96.34;JS;Trifásico;71.1;4.25;5.53;Conectado;4027.65;0
13617;71.67;SC;Trifásico;64.9;4.71;1.48;Conectado;12311.09;0
13618;59.93;SC;Monofásico;7.1;4.86;4.42;Conectado;11264.72;0
13619;77.21;SC;Trifásico;60.8;-1.5;4.7;Conectado;13511.03;0
13620;62.57;SC;Monofásico;29.1;4.17;0.38;Conectado;5056.02;0
13621;56.31;JS;Trifásico;17.7;2.97;1.18;Conectado;12896.57;0
13622;66.18;JS;nan;37.2;3.61;0.52;Conectado;14924.59;1
13623;69.09;JS;Trifásico;20.3;5.11;2.77;Conectado;6001.64;0
13624;63.15;JS;Trifásico;78.5;4.01;1.22;Conectado;6865.16;0
13625;90.92;JS;Monofásico;70.7;3.45;2.75;Conectado;5790.42;1
13626;97.68;SC;Monofásico;93.2;3.36;5.22;Conectado;8277.24;0
13627;82.42;GM;Trifásico;51.2;2.94;1.33;Conectado;8470.43;0
13628;79.61;SC;Monofásico;9.4;4.54;8.93;Desconectado;8731.88;0
13629;73.3;GM;Trifásico;9999.0;3.44;1.31;Conectado;22019.15;0
13630;64.24;SC;Monofásico;79.8;3.01;-5.0;Conectado;3816.14;1
13631;94.23;SC;Monofásico;38.3;3.1;1.88;Conectado;1649.13;1
13632;74.25;JS;Monofásico;43.8;1.71;1.27;Conectado;7137.55;0
13633;69.45;GM;Trifásico;39.7;4.36;0.33;Conectado;2080.11;0
13634;87.18;JS;Trifásico;23.1;3.61;0.06;Conectado;8690.36;0
13635;74.12;JS;Trifásico;7.9;2.82;3.41;Conectado;17972.04;0
13636;86.73;JS;Monofásico;18.0;4.91;6.75;Conectado;4194.68;0
13637;70.08;GM;Monofásico;35.2;3.84;1.45;Conectado;4461.89;0
13638;87.21;GM;Trifásico;24.1;2.01;0.17;Conectado;10021.59;1
13639;86.76;SC;Monofásico;54.8;4.38;3.37;Conectado;21355.41;0
13640;90.9;SC;Monofásico;58.7;2.99;5.04;Conectado;11331.01;0
13641;66.49;SC;Trifásico;54.6;4.28;0.98;Conectado;21244.05;0
13642;74.0;GM;Monofásico;9.0;4.2;0.63;Desconectado;6560.24;0
13643;98.37;SC;Trifásico;63.7;3.91;1.03;Conectado;19762.66;0
13644;72.04;GM;Trifásico;37.2;2.8;5.97;Conectado;7579.43;0
13645;84.73;JS;Trifásico;83.5;2.81;1.35;Conectado;8081.72;0
13646;102.49;JS;Trifásico;50.4;3.76;2.65;Conectado;7221.39;0
13647;52.81;GM;Monofásico;8.9;3.05;0.19;Conectado;13084.27;1
13648;71.65;JS;Trifásico;1.9;4.78;0.83;Conectado;4715.15;0
13649;75.02;GM;Trifásico;67.0;3.72;0.65;Conectado;9634.45;0
13650;53.41;SC;Trifásico;38.6;3.0;0.16;Conectado;29121.32;0
13651;69.53;GM;Trifásico;28.1;4.6;0.32;Conectado;8354.11;0
13652;63.34;JS;Trifásico;43.0;2.27;1.35;Desconectado;9426.17;0
13653;85.29;SC;Trifásico;7.8;3.69;2.04;Conectado;19492.34;0
13654;54.21;JS;Trifásico;37.8;4.24;0.93;Conectado;9389.53;0
13655;97.67;SC;Monofásico;30.6;2.98;1.36;Conectado;15519.05;1
13656;83.28;SC;Monofásico;76.2;3.45;3.56;Conectado;2517.31;1
13657;62.35;GM;Trifásico;17.4;3.26;0.71;Conectado;11381.25;0
13658;87.32;SC;Monofásico;72.1;2.9;0.09;Desconectado;13872.06;0
13659;82.16;JS;Monofásico;48.0;3.86;0.74;Desconectado;12395.37;0
13660;74.53;GM;Monofásico;8.7;4.48;6.36;Conectado;7728.02;0
13661;66.34;JS;Monofásico;92.1;5.4;0.05;Conectado;7095.04;0
13662;81.57;JS;Monofásico;70.0;4.41;0.35;Conectado;10947.09;0
13663;76.48;JS;Trifásico;25.4;3.58;0.17;Conectado;16622.83;0
13664;66.73;GM;Trifásico;55.7;4.69;1.18;Conectado;7044.32;0
13665;58.88;JS;Monofásico;85.6;2.9;2.61;Conectado;7994.48;1
13666;64.79;JS;Trifásico;88.5;0.0;6.03;Conectado;10692.85;1
13667;68.96;GM;Monofásico;69.7;4.56;3.95;Conectado;13638.28;0
13668;88.95;GM;Monofásico;69.4;3.27;0.72;Conectado;4345.11;0
13669;85.33;JS;Trifásico;27.1;3.85;2.52;Conectado;3370.41;0
13670;69.6;SC;Monofásico;94.0;3.24;2.73;Conectado;12325.96;0
13671;70.07;GM;Trifásico;23.9;3.63;0.24;Desconectado;8867.54;0
13672;86.9;JS;Monofásico;9.4;3.74;1.39;Desconectado;10477.59;0
13673;78.21;GM;Trifásico;92.9;4.18;0.93;Conectado;1689.26;0
13674;78.04;SC;Monofásico;15.4;3.93;0.43;Conectado;;0
13675;66.56;SC;Trifásico;50.0;4.37;0.15;Conectado;15769.69;1
13676;73.52;JS;Monofásico;45.0;4.11;0.07;Conectado;6298.58;0
13677;75.05;SC;Monofásico;80.7;3.64;4.89;Conectado;10756.08;1
13678;73.91;JS;Mono;38.3;3.31;1.0;Conectado;14496.17;0
13679;83.81;SC;Monofásico;48.2;3.07;1.7;Conectado;27109.07;0
13680;84.18;JS;Trifásico;5.1;1.62;0.86;Conectado;;0
13681;;JS;Monofásico;20.5;3.71;0.45;Conectado;8702.58;0
13682;69.0;JS;Trifásico;79.3;2.89;0.76;Conectado;9896.46;1
13359;66.75;GM;Monofásico;46.0;3.1;0.47;Desconectado;9352.55;0
13684;91.66;JS;Monofásico;22.7;3.56;3.55;Conectado;8774.14;0
13685;102.04;nan;Trifásico;35.7;3.38;5.95;Conectado;3637.21;1
13686;69.44;JS;Trifásico;27.8;4.24;1.43;Conectado;10207.09;0
13687;72.99;SC;Monofásico;53.3;3.67;4.33;Conectado;10185.94;0
13688;85.11;JS;Trifásico;5.8;5.1;1.39;Conectado;2771.46;0
13689;66.51;SC;Trifásico;22.1;5.56;1.48;Desconectado;3483.36;0
13690;85.38;JS;Trifásico;34.4;3.56;1.66;Conectado;2024.28;1
13691;74.75;JS;Trifásico;88.3;3.12;4.29;Conectado;15950.41;0
13692;54.08;SC;Trifásico;59.6;2.39;6.88;Conectado;18811.34;0
13693;59.39;GM;Monofásico;48.4;5.26;3.41;Conectado;13244.94;1
13694;70.95;JS;Monofásico;18.9;3.22;5.48;Conectado;19958.23;0
13695;89.68;JS;Monofásico;53.4;3.37;2.57;Desconectado;7171.5;1
13696;64.29;JS;Trifásico;88.3;3.24;4.57;Desconectado;2637.53;0
13697;68.59;SC;nan;54.2;3.54;2.03;Desconectado;17120.28;1
13698;77.53;JS;M;16.5;3.42;3.7;Conectado;6573.71;0
13699;54.97;GM;Monofásico;94.7;4.46;3.05;Conectado;5060.41;0
13700;78.58;JS;Trifásico;47.9;1.6;3.46;Conectado;19845.43;0
13701;56.48;JS;Trifásico;31.0;3.65;0.67;Conectado;7941.7;0
13702;81.81;JS;Trifásico;48.3;4.37;0.42;Desconectado;18638.98;0
13703;;SC;Monofásico;25.8;3.25;2.65;Desconectado;;1
13704;63.7;SC;Monofásico;3.9;4.27;1.65;Conectado;6379.64;0
13705;78.27;JS;Trifásico;84.6;3.87;3.62;Desconectado;14244.92;0
13706;84.53;GM;Trifásico;41.3;3.23;0.4;Conectado;14838.35;0
13707;79.52;JS;Monofásico;71.8;2.35;7.38;Conectado;17669.21;0
13708;77.49;SC;Trifásico;92.3;4.13;3.04;Conectado;8044.53;1
13709;77.66;SC;Monofásico;60.5;4.05;0.06;Conectado;3731.37;0
13710;79.59;JS;Monofásico;66.0;3.21;2.15;Conectado;3522.0;1
13711;80.38;GM;Monofásico;89.7;4.41;0.94;Conectado;10453.14;1
13712;70.27;GUARAMIRIM;Monofásico;49.6;3.41;0.8;Conectado;7367.15;0
13713;82.85;JS;Monofásico;31.1;4.63;5.81;Conectado;14769.34;0
13714;65.42;SC;Monofásico;87.6;99.0;4.52;Conectado;12752.43;0
13715;88.1;JS;Trifásico;7.5;4.98;0.02;Conectado;2534.77;0
13716;84.39;SC;Trifásico;21.2;4.09;0.5;Conectado;21944.0;0
13717;101.17;JS;Monofásico;-10.0;3.82;3.18;Desconectado;11545.1;0
13718;81.17;GM;Trifásico;74.5;2.29;4.71;Conectado;6500.81;0
13719;85.91;JS;Monofásico;86.0;3.84;3.16;Conectado;14972.75;0
13720;56.27;JS;Trifásico;43.5;3.61;1.86;Conectado;6363.34;0
13721;86.3;JS;Monofásico;27.9;5.09;10.43;Desconectado;13471.1;1
13722;89.12;JS;Trifásico;34.2;3.97;3.99;Conectado;3126.94;1
13723;93.06;SC;Monofásico;62.7;4.43;1.58;Conectado;7379.85;0
13724;76.45;JS;Trifásico;15.9;4.92;2.19;Conectado;16562.56;0
13725;70.9;SC;Monofásico;52.5;4.87;0.11;Conectado;12966.99;1
13726;61.93;JS;Trifásico;56.3;3.73;8.36;Conectado;6366.29;0
13727;63.02;SC;Trifásico;67.5;5.5;1.13;Conectado;10477.46;0
13728;74.69;SC;Trifásico;57.8;3.4;2.71;Conectado;7482.31;1
13729;53.98;GM;Monofásico;10.1;4.86;2.75;Conectado;15518.82;0
13730;180.0;GM;Trifásico;65.7;3.2;85.0;Conectado;11524.45;0
13731;76.07;GM;Monofásico;3.0;4.49;0.77;Conectado;4171.49;0
13732;75.81;SC;Monofásico;37.7;3.03;2.67;Conectado;16714.97;0
13733;63.37;JS;Monofásico;40.2;4.29;6.08;Conectado;23485.04;0
13734;60.19;SC;Monofásico;12.0;3.12;3.77;Desconectado;;0
13735;;GM;Trifásico;1.9;2.97;2.17;Conectado;6365.1;0
13736;72.35;JS;Monofásico;7.7;3.03;0.66;Conectado;3626.59;0
13737;100.56;SC;Monofásico;43.0;4.2;;Conectado;7508.71;0
13738;87.72;JS;Trifásico;;4.2;1.29;Conectado;1411.97;0
13739;77.57;SC;Trifásico;7.5;4.19;0.41;Conectado;16246.88;0
13740;81.65;JS;Trifásico;25.1;3.98;0.05;Conectado;14085.92;0
13741;180.0;SC;Trifásico;50.7;3.41;7.5;Conectado;;0
13742;;SC;Mono;70.8;3.22;3.76;Desconectado;4945.86;1
13743;71.3;GM;Monofásico;39.7;2.97;0.61;Conectado;13442.86;0
13744;64.85;SC;Monofásico;58.6;2.92;0.38;Conectado;1878.02;1
13745;73.5;GM;Trifásico;57.1;4.77;8.01;Conectado;;1
13746;87.05;JS;Monofásico;85.3;2.95;0.69;Conectado;23410.45;0
13747;71.76;JS;Trifásico;17.9;3.05;1.55;0;2070.56;0
13748;61.74;JS;Trifásico;45.8;3.0;2.36;Conectado;13160.18;0
13749;54.32;JS;Monofásico;60.4;2.74;0.16;Conectado;7167.38;0
13750;73.55;JS;Monofásico;49.9;4.04;1.06;Conectado;;1
13751;62.69;SC;Trifásico;43.3;3.37;7.19;Conectado;11666.75;0
13752;69.76;SC;Trifásico;92.5;3.67;3.01;Conectado;2696.42;0
13753;92.47;SC;Trifásico;89.5;3.71;1.15;Conectado;12203.44;0
13754;74.35;JS;Trifásico;58.5;4.03;3.92;Conectado;4167.06;0
13755;65.99;JS;Monofásico;42.3;3.88;4.54;Conectado;6797.49;0
13756;78.71;SC;Monofásico;72.0;4.75;0.41;Conectado;17328.0;0
13757;98.05;JS;Monofásico;49.2;3.27;2.21;Conectado;16617.16;0
13758;73.55;JS;Trifásico;94.6;3.33;1.14;Conectado;2904.19;0
13759;46.73;JS;Monofásico;65.5;3.73;1.77;Conectado;6481.67;0
13760;82.8;JS;Trifásico;7.4;3.74;1.58;Conectado;3825.21;0
13761;79.16;JS;Monofásico;38.8;2.61;1.75;Conectado;12459.75;0
13762;76.08;JS;Trifásico;69.6;2.54;1.85;Conectado;33868.76;0
13763;72.37;JS;Monofásico;80.2;3.69;0.18;Conectado;20952.03;0
13764;65.31;SC;Monofásico;77.5;4.91;0.49;Conectado;11003.92;0
13765;;JS;Monofásico;92.9;4.99;2.09;Conectado;9722.4;0
13766;52.94;JS;Trifásico;47.0;2.91;6.87;Conectado;6812.42;0
13767;71.29;GM;Monofásico;14.2;3.46;3.43;Desconectado;4264.39;0
13768;71.01;SC;Monofásico;62.3;3.93;0.68;Conectado;8865.17;0
13769;85.24;JS;Monofásico;7.7;4.04;1.12;Conectado;9147.67;1
13770;89.83;GM;Trifásico;92.5;3.02;1.02;Conectado;18629.93;0
13771;72.28;JS;Trifásico;72.3;5.16;3.67;Conectado;4660.56;0
13772;77.32;JS;Trifásico;93.3;3.34;8.96;Conectado;9879.55;0
13773;78.34;GM;Trifásico;36.5;4.1;1.1;Conectado;13072.89;1
10308;87.64;GM;Monofásico;2.5;3.54;0.04;Conectado;10595.56;0
13775;87.39;JS;Monofásico;50.0;3.54;6.91;Desconectado;5946.18;0
13776;68.54;SC;Trifásico;150.0;4.41;3.5;Conectado;18301.39;0
13777;;SC;Monofásico;64.9;4.59;4.49;Desconectado;21639.31;0
13778;;JS;Trifásico;;4.34;0.59;Conectado;10947.36;0
13779;73.61;JS;Trifásico;71.8;3.09;2.59;Conectado;13821.83;0
13780;79.49;JS;Trifásico;28.4;2.72;0.66;Conectado;4652.0;1
13781;75.24;GM;Monofásico;78.9;5.93;0.03;Conectado;7214.67;0
13782;76.89;JS;Monofásico;62.2;4.05;0.43;Desconectado;11724.25;0
13783;58.73;SC;Trifásico;93.8;3.08;6.4;Conectado;16982.83;1
13784;63.98;JS;Monofásico;17.8;4.55;0.61;Conectado;15310.3;0
13785;84.81;JS;Trifásico;5.8;3.08;2.2;Conectado;6721.59;0
13786;;SC;Trifásico;81.0;0.0;8.61;Conectado;8300.08;0
13787;80.64;SC;Trifásico;32.8;3.47;0.2;Conectado;11317.23;0
13788;74.02;JS;Trifásico;41.5;4.49;4.12;Conectado;29575.79;0
13789;87.37;JS;Monofásico;88.0;3.76;2.28;Conectado;13378.11;0
13790;82.79;SC;Monofásico;42.4;2.58;0.98;Desconectado;8255.7;0
13791;69.56;JS;Trifásico;-10.0;3.01;1.13;Conectado;8346.2;0
13792;72.32;JS;Trifásico;6.6;3.19;0.07;Conectado;11238.02;0
13793;51.17;SC;Trifásico;42.6;3.25;0.74;Conectado;11939.65;1
13794;73.44;SC;Trifásico;62.6;3.95;1.38;Conectado;7550.93;0
13795;59.76;JS;Trifásico;26.3;1.85;3.16;Conectado;12902.31;0
13796;72.38;SC;Trifásico;68.5;3.96;0.8;Conectado;11952.49;0
13797;67.34;GM;Monofásico;46.0;2.22;2.17;Conectado;2309.36;0
13798;64.48;JS;Trifásico;81.7;4.09;3.29;Conectado;8906.63;0
13799;89.25;SC;M;16.2;3.16;3.0;Conectado;26148.33;0
13800;59.69;JS;Monofásico;72.2;3.91;2.23;Conectado;4072.45;0
13801;63.44;JS;Trifásico;88.7;2.73;2.17;Conectado;2456.36;0
13802;66.62;JS;Trifásico;70.7;3.3;3.19;Conectado;4471.23;0
13803;69.23;JS;Trifásico;39.2;2.16;1.02;Conectado;13517.78;0
13804;64.48;GM;Trifásico;22.7;2.8;1.5;Conectado;5048.57;1
13805;70.69;JS;Trifásico;10.2;4.92;8.47;Conectado;8423.1;0
13806;78.63;SC;Trifásico;61.4;4.94;;Conectado;2399.04;0
13807;83.04;JS;Monofásico;14.4;2.8;1.83;Conectado;4776.68;1
13808;82.46;JS;Monofásico;79.8;0.0;2.16;Conectado;6636.04;0
13809;52.1;SC;Monofásico;91.3;4.17;0.28;Conectado;7568.25;0
13810;79.56;SC;Trifásico;13.8;3.86;2.24;Conectado;10232.66;0
13811;80.3;GM;Trifásico;36.3;3.34;4.53;Conectado;6211.38;0
13812;67.05;GM;Trifásico;89.1;2.55;1.85;Desconectado;12587.83;1
13813;95.01;JS;Trifásico;45.2;;0.49;Desconectado;22259.77;1
13814;88.05;SC;Trifásico;51.3;3.39;1.49;Conectado;4677.12;0
13815;72.8;JS;Trifásico;71.3;2.48;0.81;Conectado;8882.13;1
13816;;SC;Trifásico;20.8;3.76;;Conectado;26421.57;0
13817;94.82;GM;Trifásico;150.0;3.53;0.64;Conectado;;1
13818;74.77;JS;Trifásico;74.4;3.39;1.02;Conectado;15856.65;0
13819;76.02;JS;Trifásico;16.2;3.9;4.31;Conectado;11813.61;0
13820;75.87;SC;Trifásico;11.4;3.63;3.54;Conectado;4268.56;1
13821;102.64;SC;Trifásico;88.9;4.7;1.69;Conectado;11828.39;0
13822;72.4;JS;Trifásico;65.4;3.07;3.81;OK;11299.15;0
13823;74.72;GM;Trifásico;4.6;3.18;9.28;Desconectado;24474.82;0
13824;65.03;SC;Trifásico;14.3;4.42;1.3;Conectado;13481.68;0
13825;70.33;JS;Trifásico;5.5;5.8;9.78;Conectado;;0
13826;62.62;JS;Trifásico;92.6;5.67;0.71;Conectado;;0
13827;65.27;SC;Monofásico;47.8;4.39;7.73;Conectado;22663.58;0
13828;53.28;JS;Trifásico;44.4;3.52;5.0;Conectado;;0
13829;85.58;JS;Trifásico;90.8;3.37;0.56;Conectado;8830.29;1
13830;76.88;SC;Trifásico;48.4;3.49;1.08;Conectado;32898.91;0
13831;77.87;SC;Trifásico;49.7;2.41;3.08;Desconectado;8420.14;0
13832;74.37;SC;Trifásico;93.5;4.35;0.53;Conectado;19845.38;0
13833;75.86;JS;Monofásico;11.5;4.86;2.23;Conectado;1675.31;0
13834;94.43;SC;Monofásico;93.7;3.69;1.91;Conectado;12956.51;1
13835;65.77;GM;Trifásico;16.6;5.47;0.86;Conectado;16150.03;1
13836;78.34;JS;Monofásico;45.5;5.98;0.89;Conectado;9647.2;1
13837;78.28;SC;Trifásico;32.7;4.51;1.82;Conectado;6276.5;0
13838;88.7;GM;Trifásico;90.8;3.26;0.89;Desconectado;15788.84;0
13839;80.26;SC;Monofásico;46.6;3.11;0.5;Conectado;5314.9;1
13840;80.87;SC;Trifásico;3.2;4.42;3.71;Desconectado;7671.81;0
13841;59.9;JS;Trifásico;21.8;4.64;2.18;Desconectado;19269.5;0
13842;65.29;SC;Monofásico;41.5;3.27;1.44;Conectado;5977.43;0
13843;61.0;SC;Trifásico;64.6;2.87;0.5;Conectado;25588.75;0
13844;45.29;SC;Monofásico;53.8;2.43;2.26;Conectado;4929.87;0
13845;79.77;GM;Monofásico;80.9;2.97;2.48;Conectado;11728.93;0
13846;71.86;JS;Monofásico;78.9;3.47;1.63;Desconectado;20690.59;1
13847;;JS;Trifásico;56.5;4.67;1.17;Desconectado;2349.84;0
13848;75.43;JS;Trifásico;54.7;3.34;5.05;Conectado;;0
13849;;SC;Monofásico;27.1;1.35;3.05;Conectado;11231.71;0
13850;91.06;JS;Monofásico;91.0;3.28;1.1;Conectado;4511.86;1
13851;75.09;SC;Trifásico;8.2;3.53;2.25;Conectado;12129.37;0
13852;83.03;JS;3-Fase;38.3;3.52;0.67;Conectado;6578.83;0
13853;71.37;JS;Trifásico;63.1;1.73;0.03;Desconectado;7397.26;0
13854;84.9;JS;Trifásico;89.9;3.53;5.08;Desconectado;10588.21;0
13855;60.12;GM;Trifásico;48.1;4.86;4.27;Conectado;10588.22;0
13856;52.95;SC;Trifásico;85.2;3.43;2.55;Conectado;5205.04;0
13857;-15.0;GM;Monofásico;10.9;3.26;4.17;Conectado;5613.99;0
13858;97.04;SC;Trifásico;51.0;3.18;3.79;Conectado;14278.08;1
13859;51.65;JS;Monofásico;30.7;3.92;4.92;Conectado;6424.64;0
13860;74.57;JS;Trifásico;75.8;2.58;5.56;Conectado;13401.51;0
13861;76.8;GM;Trifásico;42.8;2.89;85.0;Conectado;14096.05;0
13862;83.68;SCH;Monofásico;45.7;4.7;4.77;Conectado;6087.18;0
10923;95.87;JS;Trifásico;7.1;4.34;1.74;Conectado;17392.48;0
13864;62.26;SC;Monofásico;42.2;3.37;3.08;Conectado;2574.47;1
13865;62.91;JS;Trifásico;8.6;4.19;1.01;Conectado;15233.26;1
13866;74.99;JS;Trifásico;29.2;3.06;4.94;Conectado;11587.0;0
13867;63.44;JS;Trifásico;12.9;3.05;4.89;Conectado;7735.01;1
13868;42.43;GM;Monofásico;32.4;3.04;0.17;Conectado;35730.61;0
13869;72.27;JS;Trifásico;22.4;2.54;1.07;Conectado;23655.51;1
13870;85.29;JS;Monofásico;27.8;3.72;0.47;Conectado;11655.39;0
13871;74.75;JS;Monofásico;14.9;5.39;0.36;Desconectado;15344.87;0
13872;82.49;JS;Trifásico;42.3;99.0;1.34;Conectado;6467.39;1
13873;80.77;SC;Monofásico;47.8;5.15;2.46;Conectado;7171.25;0
13874;62.68;JS;Trifásico;79.6;1.63;1.05;Conectado;6951.44;0
13875;75.82;JS;Trifásico;51.6;4.2;0.92;Conectado;3016.48;0
13876;56.7;XX;Trifásico;22.5;2.31;0.25;Desconectado;3752.67;0
13877;68.86;JS;Trifásico;70.2;4.21;1.21;Conectado;4522.2;0
13878;75.61;JS;Trifásico;28.9;3.15;1.59;Conectado;6913.95;1
13879;74.99;JS;Trifásico;72.1;4.37;1.27;Conectado;4416.47;0
13880;59.51;SC;Trifásico;37.4;3.16;2.85;Desconectado;8062.98;0
13881;61.93;GM;3-Fase;49.3;4.19;0.85;Conectado;10634.25;0
13882;78.49;JS;Trifásico;48.4;3.63;3.15;Conectado;23634.39;0
13883;84.93;GM;Monofásico;90.8;4.77;5.36;Conectado;5475.81;0
13884;72.52;SC;Trifásico;15.4;3.64;;Conectado;12356.29;0
13885;71.92;SC;Monofásico;89.2;3.97;1.23;Conectado;14005.11;0
13886;86.18;JS;Trifásico;-10.0;3.84;0.5;Conectado;6138.78;0
13887;65.74;JS;Trifásico;94.4;4.5;-5.0;Conectado;11950.55;0
13888;95.72;SC;Trifásico;54.9;4.54;3.48;Conectado;13141.43;1
13889;58.86;GM;Trifásico;62.7;3.83;0.71;Conectado;21552.17;0
13890;87.58;SC;Trifásico;71.5;2.41;0.41;Desconectado;12399.92;0
13891;81.47;JS;Monofásico;500.0;3.02;0.13;Conectado;15874.78;0
13892;103.92;JS;Monofásico;45.9;4.42;0.53;Conectado;9374.35;0
13893;61.55;SC;Monofásico;64.8;2.56;3.3;Conectado;15434.67;0
13894;46.99;SC;Trifásico;58.8;3.21;2.48;Conectado;11390.59;1
13895;89.99;JS;Trifásico;39.3;3.31;8.56;Conectado;19043.43;1
13896;57.34;JS;Monofásico;78.2;3.61;0.97;Desconectado;9265.04;1
13897;82.39;JS;3-Fase;19.1;3.5;3.86;Conectado;12740.48;0
13898;89.19;SC;Monofásico;16.7;3.83;0.32;Conectado;15313.91;0
13899;79.56;SC;Trifásico;70.2;2.94;2.07;Conectado;4145.22;1
13900;77.79;GM;Monofásico;60.9;3.1;1.57;Conectado;3741.03;1
13901;79.81;SC;Monofásico;30.9;5.22;4.55;Conectado;5481.16;0
13902;;JS;Monofásico;60.7;4.92;3.02;Conectado;5429.03;0
13903;82.04;SC;Trifásico;73.4;4.21;0.54;Conectado;4597.37;0
13904;60.4;GM;Trifásico;21.4;4.29;10.32;Conectado;9307.14;0
13905;96.9;GM;Monofásico;55.7;4.0;4.33;Conectado;20401.65;1
13906;75.61;GM;Monofásico;78.5;3.74;1.09;Desconectado;19205.82;0
12106;81.22;JS;Trifásico;39.7;3.09;4.37;Conectado;16704.18;1
13908;83.53;SC;Trifásico;54.7;4.94;7.86;Conectado;15343.18;0
13909;88.87;GM;Monofásico;8.4;5.28;5.52;Conectado;3663.52;1
13910;87.63;SC;Trifásico;79.1;3.34;2.03;Conectado;17455.86;0
13911;76.58;JS;Monofásico;75.8;4.66;2.15;Conectado;8290.28;0
13912;75.81;GM;Monofásico;43.9;3.43;0.28;Conectado;11888.09;0
13913;79.9;JS;Monofásico;12.2;3.14;0.45;Conectado;15169.41;0
13914;88.2;JS;Trifásico;63.1;3.42;10.13;Conectado;13178.04;0
13915;61.65;JS;Trifásico;54.9;3.47;3.67;Conectado;11996.64;0
13916;82.73;SC;Trifásico;87.4;4.25;0.06;Desconectado;13013.15;1
13917;64.36;JS;Monofásico;27.3;3.41;1.98;Desconectado;2784.37;0
13918;97.21;JS;Trifásico;4.0;4.45;1.06;Conectado;12121.44;0
13919;79.41;SC;Trifásico;24.9;3.18;0.93;Conectado;5720.86;0
13920;70.01;SC;Trifásico;41.2;3.72;2.03;Conectado;12041.49;0
13921;80.14;SC;Trifásico;15.6;2.86;0.96;OFF;;0
13922;75.11;JS;Monofásico;93.1;2.73;0.72;Conectado;8744.02;0
13923;73.08;SC;Monofásico;21.9;4.06;6.94;Desconectado;13743.21;0
13924;53.29;JS;Monofásico;64.7;3.85;0.1;Conectado;24533.87;0
13925;62.71;JS;Trifásico;43.7;3.4;1.43;OK;7153.88;0
13926;73.31;JS;Monofásico;53.2;3.03;1.79;Conectado;7079.44;0
13927;54.74;GM;M;88.7;2.84;1.45;Conectado;9950.78;0
13928;67.95;JS;Monofásico;51.0;4.05;2.68;Conectado;2503.74;1
13929;69.0;JS;Trifásico;29.7;3.22;0.07;Conectado;8591.61;0
13930;65.65;JS;Trifásico;21.8;5.08;5.41;Conectado;11090.06;0
13931;84.27;JS;Trifásico;84.8;3.91;1.73;Conectado;13696.93;0
13932;64.44;GM;Trifásico;93.8;4.2;2.02;Conectado;7792.44;0
13933;76.06;GM;Monofásico;24.7;4.9;1.55;Conectado;13874.98;0
13934;70.76;JS;Trifásico;68.9;3.11;1.47;Conectado;6622.28;0
13935;73.57;JS;Trifásico;48.5;4.13;0.52;Desconectado;;0
13936;94.28;JS;Monofásico;66.7;4.18;1.75;Desconectado;15381.48;1
13937;77.16;SC;Trifásico;91.6;3.36;1.37;Conectado;23935.33;0
13938;79.48;JS;Trifásico;27.0;2.55;1.58;Desconectado;21127.37;0
13939;65.81;JS;Trifásico;70.6;99.0;0.03;Conectado;14793.49;0
13940;82.51;SC;Monofásico;42.2;3.05;0.35;Conectado;12677.66;0
13941;82.01;JS;Trifásico;62.3;4.67;3.6;Desconectado;4142.04;0
13942;80.85;JS;Monofásico;39.2;3.15;1.36;Conectado;3843.57;1
13943;60.49;JS;Trifásico;67.6;4.54;3.4;Conectado;;0
13944;67.98;JS;Trifásico;32.7;3.17;0.47;Conectado;16768.58;1
13945;92.2;SC;Trifásico;46.9;3.81;3.0;Conectado;1761.75;0
13946;66.75;GM;Monofásico;67.6;4.2;0.85;Conectado;4503.79;0
13947;93.84;JS;Trifásico;5.0;4.6;3.05;Conectado;6350.54;0
13948;68.44;JS;Monofásico;31.8;3.41;0.23;Conectado;9636.51;1
13949;76.78;GM;Trifásico;52.3;3.26;-5.0;Desconectado;7715.26;1
13950;72.75;GM;Trifásico;8.0;2.19;0.32;Conectado;9265.66;1
13951;64.86;JS;Monofásico;67.1;3.43;2.48;Conectado;12330.42;0
13952;65.04;SC;Monofásico;77.4;6.43;1.25;Conectado;6968.56;0
13953;66.55;JS;Trifásico;16.4;3.6;0.19;Conectado;5716.88;0
13954;76.78;SC;Monofásico;69.9;2.64;1.87;Conectado;8301.47;0
13955;85.69;GM;Monofásico;61.7;3.66;0.06;Conectado;15329.47;0
13956;76.0;SC;nan;39.6;4.37;4.27;Conectado;28158.27;0
13957;74.6;JS;Trifásico;9999.0;3.3;6.97;Conectado;4678.4;0
13958;89.52;JS;Trifásico;90.8;2.91;4.15;Conectado;19274.61;0
13959;75.5;SC;Trifásico;44.6;5.81;7.57;Conectado;7833.92;0
13960;68.49;SC;Monofásico;18.3;4.1;5.69;Conectado;28665.74;0
13961;63.03;SC;Trifásico;68.5;5.03;5.63;Conectado;6626.88;0
13962;90.25;JS;Trifásico;58.1;3.48;0.7;Desconectado;10408.08;0
13963;71.05;SC;Trifásico;77.7;5.22;0.66;Desconectado;21234.87;0
13964;68.06;SC;Monofásico;94.6;;4.14;Conectado;11669.92;0
13965;67.02;SP;Monofásico;5.2;4.21;1.69;Desconectado;9307.97;0
13966;89.57;JS;Trifásico;70.5;2.82;-5.0;Conectado;11590.13;0
13967;68.12;JS;Trifásico;94.0;3.21;5.69;Conectado;8183.69;0
13968;86.89;SC;Trifásico;51.6;4.16;5.59;Conectado;12952.54;0
13969;72.24;SC;Monofásico;68.3;3.52;0.99;Conectado;15287.01;0
13970;60.5;GM;Trifásico;42.5;4.1;0.36;Desconectado;5563.47;0
13971;71.01;JS;Monofásico;34.5;-1.5;2.83;Conectado;8794.73;0
13972;74.61;GM;Trifásico;66.5;4.14;1.45;Conectado;5565.29;0
13973;180.0;SC;Trifásico;93.9;3.28;6.79;Conectado;4425.72;0
13974;73.32;JS;Monofásico;9.6;4.16;4.81;Desconectado;9097.14;0
13975;71.14;JS;3-Fase;40.7;2.99;6.61;Conectado;10550.6;0
13976;65.58;JS;Trifásico;89.4;3.53;2.1;Conectado;16648.51;0
13977;75.13;GM;Monofásico;11.6;3.63;1.87;Conectado;10676.79;0
13978;81.49;JS;Trifásico;62.2;3.08;4.69;Conectado;4501.55;0
13979;57.45;JS;Trifásico;41.4;3.29;1.79;Conectado;30125.67;0
13980;90.59;JS;Monofásico;36.4;4.02;5.76;Conectado;7207.87;0
13981;30.64;GM;Monofásico;20.7;4.37;0.09;Conectado;9883.89;0
13982;75.9;JS;Monofásico;-5.0;4.0;1.11;Conectado;7913.09;0
13983;80.59;JS;Trifásico;49.5;4.21;4.5;Conectado;3830.11;0
13984;67.76;JS;Monofásico;36.5;3.87;0.59;Desconectado;1643.17;1
13985;49.49;JS;Trifásico;9999.0;3.24;1.27;Conectado;11928.53;0
13986;;JS;Trifásico;19.4;2.42;0.03;Desconectado;3829.0;0
13987;77.04;SC;Monofásico;33.9;3.38;0.9;Conectado;9454.63;1
13988;61.22;GM;Trifásico;94.7;3.7;0.96;Conectado;2889.99;0
13989;65.04;GM;Monofásico;35.6;3.3;3.3;Conectado;24697.08;0
13990;86.55;SC;Trifásico;39.8;5.04;2.83;Conectado;11808.81;0
13991;76.41;JS;Trifásico;2.9;4.02;1.47;Conectado;;0
13992;56.9;SC;Monofásico;36.8;3.73;3.26;Conectado;14507.27;1
13993;80.4;JS;Monofásico;72.8;4.24;1.4;Conectado;;0
13994;63.83;JS;Trifásico;49.5;5.42;1.43;Conectado;3898.61;0
13995;65.7;GM;Trifásico;62.8;3.57;2.59;Conectado;14016.65;1
13996;77.37;GM;Monofásico;53.3;3.03;3.21;Conectado;23034.78;1
13997;76.25;SC;3-Fase;10.9;4.06;4.69;Conectado;7060.91;1
13998;70.17;GM;Trifásico;32.2;2.88;3.48;Desconectado;18381.05;0
13999;68.95;GM;Monofásico;66.3;3.04;2.77;Conectado;6616.86;0
14000;71.99;SC;Trifásico;52.5;4.94;2.06;Conectado;12865.68;1
14001;65.63;SC;Monofásico;64.4;4.84;0.92;Conectado;16668.99;0
14002;88.07;SC;Monofásico;34.9;4.32;0.76;Conectado;2014.81;1
14003;56.17;JS;Monofásico;19.2;4.11;4.63;Conectado;9192.35;0
14004;72.11;JS;Trifásico;79.0;2.82;3.16;Conectado;12062.95;0
14005;57.49;SC;Monofásico;;3.15;2.74;Conectado;6575.22;0
14006;86.23;JS;Trifásico;9999.0;4.86;0.75;Conectado;10036.6;0
14007;72.09;JS;Trifásico;36.8;3.39;8.75;Conectado;4356.78;0
14008;62.32;JS;Trifásico;88.2;3.16;0.21;Conectado;11011.58;0
14009;83.22;JS;Trifásico;94.2;3.65;4.55;Conectado;9113.84;0
14010;47.5;GM;Trifásico;62.0;4.26;0.59;Conectado;6477.67;1
14011;78.37;SC;Trifásico;57.6;3.63;1.25;Conectado;6187.85;1
14012;88.82;SC;Trifásico;80.0;3.66;1.4;Desconectado;5847.82;0
14013;77.15;GM;Trifásico;49.5;2.06;2.72;Conectado;10159.21;1
14014;68.92;GM;Monofásico;82.7;3.74;1.98;Conectado;8377.82;0
14015;60.09;SC;Trifásico;39.8;4.6;0.51;Desconectado;20310.19;0
14016;87.99;GM;Monofásico;4.0;3.75;0.08;Conectado;;0
14017;86.13;JS;Trifásico;88.1;5.46;3.16;Conectado;18529.94;0
14018;67.26;JS;Monofásico;68.8;3.22;1.76;Conectado;15304.4;0
14019;67.58;JS;Trifásico;49.0;3.41;1.12;Desconectado;6688.84;0
14020;89.24;SC;Monofásico;89.8;3.26;0.84;Conectado;6322.93;1
14021;81.38;SC;Trifásico;84.4;3.24;4.33;Conectado;5184.59;1
14022;53.56;SC;Monofásico;11.2;4.23;3.97;Conectado;16628.96;0
14023;72.65;SC;Trifásico;59.7;3.58;4.37;Conectado;4981.35;0
14024;72.21;JS;Monofásico;51.6;5.36;0.62;Conectado;6586.69;0
14025;;JS;Monofásico;74.0;4.0;4.78;Conectado;13771.21;0
14026;75.07;SC;Trifásico;29.3;3.1;10.59;Conectado;12089.07;0
14027;68.85;JS;Trifásico;1.8;3.01;2.29;Conectado;3557.2;1
14028;77.14;SC;Monofásico;18.4;5.13;0.12;Conectado;8435.99;0
14029;69.63;SC;Trifásico;20.8;3.98;3.03;Conectado;6696.4;0
14030;115.97;SC;Trifásico;28.4;4.84;1.93;Conectado;7235.56;0
14031;76.47;JS;Monofásico;35.8;3.86;3.11;Conectado;7287.28;0
14032;74.82;SC;Trifásico;67.4;3.81;0.52;Conectado;12915.8;0
14033;97.11;GM;Monofásico;8.0;4.87;2.33;Conectado;7349.58;0
14034;58.63;GM;Trifásico;46.7;4.1;1.94;Conectado;11232.74;1
14035;;GM;Trifásico;47.9;4.09;2.31;Conectado;12740.87;0
14036;63.6;SC;Trifásico;58.9;3.48;3.25;Conectado;4919.85;0
14037;82.62;JS;Monofásico;30.2;4.5;1.96;Desconectado;18161.67;0
14038;69.07;SC;Monofásico;25.4;3.74;0.97;Conectado;12774.08;0
14039;81.96;GM;Trifásico;46.5;3.36;0.92;Conectado;12594.26;1
14040;81.1;JS;Trifásico;63.0;5.52;2.97;Conectado;24566.48;0
14041;84.36;JS;Trifásico;5.2;3.56;2.73;Conectado;;0
14042;81.29;JS;Monofásico;28.6;3.17;1.37;Conectado;10408.66;0
14043;72.31;SC;Trifásico;75.0;4.71;1.09;Conectado;15060.91;0
14044;58.23;JS;Trifásico;46.5;4.34;2.42;Conectado;18222.51;0
14045;87.11;JS;Trifásico;90.5;3.27;0.94;Desconectado;7469.74;1
14046;91.91;GM;Trifásico;82.5;3.74;8.26;Conectado;15785.93;0
14047;63.75;SC;Trifásico;33.3;4.34;2.27;Conectado;18271.82;0
14048;83.83;JS;Trifásico;69.3;3.97;2.24;Conectado;3823.6;1
14049;60.96;JS;Monofásico;26.8;4.43;0.37;Conectado;8976.21;0
14050;77.44;JS;Monofásico;17.5;3.79;2.35;Conectado;10721.88;0
14051;79.91;JS;Monofásico;83.8;4.45;0.87;Conectado;9919.45;1
14052;69.89;JS;Trifásico;33.9;3.55;1.5;Conectado;19631.88;0
14053;76.14;SC;Trifásico;20.1;3.28;1.93;Conectado;11483.95;0
14054;85.18;SC;nan;91.7;4.64;1.62;Desconectado;6316.32;0
14055;73.69;SC;Monofásico;3.9;4.03;4.14;Conectado;8717.83;0
14056;66.9;JS;Trifásico;35.5;4.35;0.26;Desconectado;9842.35;0
14057;60.31;SC;Monofásico;4.6;4.78;85.0;Conectado;18010.5;1
14058;70.31;GM;Trifásico;48.4;3.34;0.43;Conectado;2701.39;0
14059;;SP;Monofásico;38.7;4.23;4.24;Desconectado;8715.11;0
14060;70.47;JS;Monofásico;68.7;5.66;0.31;Conectado;11730.93;0
14061;69.42;GUARAMIRIM;Trifásico;90.7;3.67;8.89;Conectado;12665.62;0
14062;84.65;SC;Monofásico;49.9;2.83;8.7;Conectado;;0
14063;75.88;JS;Monofásico;27.8;4.46;12.01;Conectado;13300.59;0
14064;105.57;SC;Monofásico;83.0;2.47;9.74;Desconectado;2803.54;0
14065;50.84;SC;Monofásico;57.8;;0.4;Conectado;9504.96;1
14066;78.76;GM;Trifásico;53.0;3.8;2.68;Conectado;14052.68;0
11474;69.58;JS;Monofásico;18.7;3.78;1.28;Conectado;19361.2;0
14068;63.53;SC;Monofásico;4.8;3.95;3.29;Conectado;15547.52;0
14069;74.64;JS;Trifásico;44.4;5.57;1.3;Conectado;5227.83;0
14070;73.74;SC;Trifásico;50.6;3.87;1.21;Conectado;7266.2;0
14071;87.93;SC;Trifásico;12.9;3.34;5.86;Conectado;16245.14;0
14072;76.1;JS;Trifásico;6.6;3.29;1.71;Conectado;8398.52;1
14073;66.69;GM;Monofásico;21.3;3.44;3.37;Conectado;12994.66;1
14074;;JS;Trifásico;6.9;2.83;2.62;Conectado;18530.51;0
14075;72.24;SC;Trifásico;6.3;4.25;2.68;Conectado;17204.39;1
14076;61.49;JS;Trifásico;42.8;4.04;1.07;Conectado;;0
14077;72.02;SC;Trifásico;77.2;4.17;0.73;Conectado;8970.27;0
14078;77.77;JS;Trifásico;63.4;4.44;5.42;Conectado;9420.7;0
14079;75.87;GM;Trifásico;64.9;4.3;0.06;Desconectado;;1
14080;78.96;GM;Trifásico;25.7;2.69;0.47;Desconectado;14458.71;0
14081;68.68;GM;Monofásico;2.0;3.58;0.36;Conectado;4451.96;0
14082;78.81;JS;Trifásico;43.4;3.61;7.46;Conectado;8804.11;0
14083;76.44;SC;Trifásico;36.4;4.9;0.01;Conectado;6960.84;0
14084;76.54;JS;Trifásico;90.0;4.97;0.02;Conectado;19965.74;0
14085;75.39;GM;Trifásico;7.8;3.46;0.64;Desconectado;6531.31;0
14086;101.11;SC;Trifásico;74.0;3.01;0.82;Conectado;3810.77;0
14087;88.32;SC;Trifásico;37.2;3.93;2.05;Conectado;18502.93;1
14088;78.54;SC;Trifásico;79.0;3.55;8.13;Conectado;8880.27;1
14089;65.4;JS;Trifásico;47.5;3.73;1.56;Conectado;18959.65;0
14090;71.49;SC;Trifásico;78.1;4.77;0.85;Conectado;11831.97;0
14091;94.39;JS;Monofásico;44.9;4.02;4.25;Conectado;;0
14092;68.24;GM;Trifásico;38.8;3.42;1.22;Conectado;20691.61;0
14093;73.01;GM;Monofásico;91.6;3.27;0.38;Conectado;26305.08;0
14094;72.34;SC;Monofásico;35.7;2.65;3.96;Conectado;29170.26;0
14095;79.41;GM;Monofásico;76.7;4.25;0.01;Conectado;16626.76;1
14096;69.76;JS;Trifásico;7.3;4.03;0.57;Conectado;4962.05;0
14097;77.12;GM;Monofásico;6.9;4.25;2.52;Conectado;10761.47;0
14098;70.03;JS;Trifásico;42.2;3.79;0.27;Conectado;5812.92;1
14099;90.77;SC;Trifásico;56.0;2.96;0.74;Conectado;7920.39;1
14100;66.76;SC;Trifásico;58.2;3.84;1.25;Conectado;16257.23;0
14101;86.73;JS;Monofásico;4.4;4.71;1.26;Conectado;5861.21;0
14102;67.98;JS;Trifásico;66.5;3.85;9.01;Conectado;6962.93;1
14103;64.76;JSS;Monofásico;13.2;5.11;2.81;Conectado;2238.91;0
14104;66.59;GM;Trifásico;90.8;4.0;0.09;OK;12757.84;1
14105;54.46;JS;Monofásico;32.4;5.37;0.63;Desconectado;10156.54;1
14106;80.26;SC;Monofásico;25.6;5.44;2.4;Conectado;7042.88;0
14107;61.03;SC;Monofásico;28.4;3.08;3.12;Conectado;2173.3;0
14108;;JS;Trifásico;89.1;-1.5;1.2;Conectado;6846.66;0
14109;84.14;JS;Monofásico;46.4;3.43;4.85;Conectado;3486.05;1
14110;83.75;SC;Monofásico;41.9;2.43;7.18;Conectado;8049.33;0
14111;57.82;JS;Trifásico;54.2;4.17;2.38;Conectado;15290.75;0
14112;78.73;SC;Trifásico;;4.15;2.07;Conectado;9448.67;0
14113;88.69;JS;Monofásico;30.0;3.95;3.47;Conectado;6203.46;0
14114;67.36;JS;Trifásico;18.0;2.82;3.81;Conectado;10843.21;0
14115;81.16;SC;Monofásico;57.0;5.07;0.61;Desconectado;6209.7;0
14116;61.28;JS;Trifásico;47.2;2.3;1.65;Conectado;10153.66;1
14117;79.63;GM;Trifásico;6.8;2.74;1.48;Desconectado;12087.98;0
14118;;GM;Trifásico;50.1;4.51;7.1;Conectado;4658.73;1
14119;82.93;JS;Trifásico;53.9;4.05;0.3;Desconectado;2293.1;0
14120;82.19;JS;Trifásico;66.3;3.31;7.18;Conectado;14447.61;0
14121;58.76;JS;Monofásico;94.6;3.84;2.13;Desconectado;1977.44;0
14389;76.64;JS;Trifásico;40.6;3.9;0.85;Conectado;11778.11;0
14123;92.43;SC;Monofásico;49.0;4.74;5.09;Conectado;;0
14124;48.78;GM;Monofásico;8.1;2.83;0.13;Conectado;12666.29;0
14125;86.6;JS;Trifásico;79.2;4.03;0.96;Conectado;12293.35;0
14126;94.22;JS;Trifásico;10.2;4.66;3.49;Conectado;19553.31;1
14127;57.18;JS;Trifásico;88.8;3.0;4.4;Conectado;7655.56;0
14128;66.95;JS;Trifásico;33.8;3.76;0.46;Conectado;4972.34;1
14129;81.21;SC;Trifásico;32.7;3.75;7.11;Desconectado;13158.74;0
14130;64.37;SC;Trifásico;31.9;2.51;0.14;Conectado;10157.43;0
14131;91.37;JS;Monofásico;90.3;4.03;1.42;Conectado;4479.46;0
14132;87.71;JS;Trifásico;93.1;4.08;0.26;Conectado;8144.21;1
14133;58.38;GM;Trifásico;92.5;5.0;0.26;Conectado;7058.49;0
14134;66.08;JS;Monofásico;67.2;3.78;6.13;Conectado;21240.44;0
14135;84.24;GM;Monofásico;11.4;4.15;5.86;Conectado;16284.62;0
14136;83.77;JS;Monofásico;37.3;4.98;2.39;Conectado;6471.38;0
14137;101.62;GM;Monofásico;28.2;3.29;8.47;Conectado;14933.2;0
14138;64.44;SC;Trifásico;67.6;2.86;1.69;Conectado;3456.55;0
14139;92.51;JS;Monofásico;47.3;3.9;3.82;Conectado;9386.98;0
14140;64.03;GM;Monofásico;59.0;3.64;0.26;Desconectado;19818.94;0
14141;81.0;SC;3-Fase;1.8;3.73;1.26;OK;3831.67;1
14142;85.71;JS;Trifásico;74.6;3.46;1.81;Conectado;11570.15;0
14143;39.07;JS;Trifásico;90.5;3.13;3.76;Conectado;22657.52;0
14144;85.93;SC;Trifásico;63.9;4.55;1.02;Conectado;30750.47;0
14145;91.61;SC;Trifásico;81.1;3.78;9.82;Conectado;14025.25;0
14146;88.15;SC;M;46.0;5.6;3.32;Conectado;7894.63;1
14147;;SC;Trifásico;2.9;2.97;1.9;Conectado;11747.37;0
14148;86.58;SC;Trifásico;94.1;5.41;1.0;Conectado;14418.56;0
14149;68.55;SC;Trifásico;6.5;4.03;2.57;Conectado;13703.5;0
14150;89.87;SC;Monofásico;19.1;3.81;2.79;Conectado;6492.79;0
14151;67.87;JS;Trifásico;5.9;2.92;2.84;Conectado;15937.01;0
14152;75.99;GM;Trifásico;59.7;3.27;2.21;Conectado;8651.83;0
14153;84.98;JS;Monofásico;55.8;4.81;1.28;Conectado;;0
14154;80.38;JSS;Trifásico;20.7;1.67;4.24;Conectado;15805.62;0
14155;91.21;SC;Trifásico;90.9;2.36;0.75;Conectado;13022.19;0
14156;104.86;GUARAMIRIM;Trifásico;86.9;2.51;2.45;Conectado;24468.06;0
14157;61.35;JS;Monofásico;27.3;4.74;1.6;Conectado;7557.91;0
14158;71.06;JS;Monofásico;62.9;4.34;5.58;Conectado;7542.48;0
14159;78.8;SC;Trifásico;81.4;2.99;2.23;Conectado;10606.81;0
14160;69.44;GM;Trifásico;34.8;3.42;4.84;Conectado;20469.74;0
14161;74.09;SC;Monofásico;24.8;3.9;7.66;Conectado;26346.39;1
14162;84.31;SC;Monofásico;25.1;4.62;0.34;Desconectado;33233.49;0
14163;82.71;JS;Monofásico;78.1;2.99;2.03;Conectado;5049.16;0
14164;77.97;JS;Monofásico;44.5;3.91;5.38;Conectado;22774.63;1
14165;76.77;JS;Trifásico;68.2;3.52;5.14;Conectado;35198.87;1
14166;72.31;JS;Monofásico;62.1;3.72;0.55;Desconectado;18177.49;1
14167;91.85;JS;Monofásico;29.8;3.08;1.64;Desconectado;2778.7;0
14168;94.96;JS;Monofásico;20.6;3.97;0.63;Conectado;10250.0;0
14169;87.23;JS;Monofásico;12.8;3.17;5.68;Conectado;12204.53;0
14170;61.21;SC;Trifásico;3.2;3.88;0.01;Conectado;30471.97;0
14171;71.85;SCH;Monofásico;8.6;;0.62;OFF;8857.85;0
14172;77.4;GM;Monofásico;25.1;4.63;1.31;Conectado;8321.92;0
14173;63.71;SC;Monofásico;68.1;4.91;0.62;Conectado;14961.64;1
14174;75.95;JS;Trifásico;15.6;4.05;9.08;Conectado;7530.88;0
14175;75.27;SC;Monofásico;50.2;4.71;0.7;Conectado;32342.26;0
14176;88.01;JS;M;24.0;2.36;1.12;Desconectado;4182.64;0
14177;69.02;SC;Trifásico;49.1;2.44;0.48;Conectado;19131.08;1
14178;88.96;SC;Monofásico;71.5;3.0;6.53;Desconectado;7831.04;0
14179;63.51;SC;Monofásico;26.0;3.05;1.32;Conectado;11668.63;0
14180;65.19;GM;Trifásico;33.7;4.64;0.76;Conectado;18242.67;0
14181;70.45;SC;Trifásico;69.0;2.59;0.71;Conectado;11389.49;0
14182;;SC;Trifásico;52.4;2.71;2.2;Desconectado;7250.96;1
14183;46.0;JS;Trifásico;9.9;3.7;9.5;Conectado;24333.45;0
14184;80.51;SP;Trifásico;72.3;3.91;9.14;Conectado;2631.62;0
14185;95.51;JS;Trifásico;27.1;4.5;10.0;Conectado;4700.73;0
14186;82.82;GM;Trifásico;37.2;3.59;1.22;Conectado;3314.58;0
14187;72.47;JS;Trifásico;24.0;3.65;6.15;Conectado;11066.97;0
14188;61.98;JS;Trifásico;52.1;4.51;1.47;Conectado;24174.91;0
14189;53.24;GM;Monofásico;67.5;3.08;1.79;Conectado;4003.98;0
14190;55.28;JS;Trifásico;76.5;3.9;1.83;Conectado;20277.15;0
14191;73.43;GM;Monofásico;87.7;4.26;0.16;Conectado;7665.43;0
14192;100.28;JS;Trifásico;-5.0;3.5;0.49;Conectado;9410.11;0
14193;42.4;GM;Trifásico;88.7;4.49;5.43;Conectado;28755.19;0
14194;83.4;SC;Trifásico;59.0;3.11;5.67;Conectado;4996.0;1
14195;66.87;SC;Monofásico;37.6;5.05;0.56;Conectado;;0
14196;70.97;JS;Monofásico;-5.0;3.55;0.9;Conectado;7264.28;1
14197;63.75;JS;Monofásico;55.5;3.45;4.43;Conectado;;0
14198;58.59;GM;Trifásico;43.7;2.63;0.57;Conectado;19599.4;1
14199;76.51;JS;Monofásico;9999.0;2.9;5.32;Desconectado;13254.07;0
14200;78.15;JS;Trifásico;68.4;3.15;4.33;Conectado;20567.48;0
14201;83.02;SC;Monofásico;8.3;2.9;4.12;Conectado;9426.03;0
14202;54.78;JS;Trifásico;28.2;2.85;5.56;Conectado;17496.17;0
14203;85.49;JSS;Trifásico;91.4;3.84;5.45;Conectado;;0
14204;85.7;JS;Trifásico;15.6;4.28;6.23;Conectado;10013.26;0
14205;80.09;JS;Monofásico;30.3;4.02;5.29;Desconectado;;0
14206;69.95;GM;Trifásico;88.6;1.24;2.33;Desconectado;8942.9;0
14207;78.7;JS;Trifásico;32.7;2.97;0.43;Desconectado;11228.78;1
14208;73.07;GM;Trifásico;9999.0;4.71;2.35;Conectado;4739.02;0
14209;;JS;Monofásico;61.9;2.73;7.13;Conectado;14551.45;0
14210;70.6;JS;Trifásico;13.3;;8.58;Conectado;8236.33;0
14211;76.3;JSS;Monofásico;92.4;2.92;3.26;Conectado;7155.92;0
14212;54.14;JS;Monofásico;26.9;4.84;2.96;Desconectado;8061.65;0
14213;78.66;nan;Monofásico;74.9;3.16;6.97;Conectado;6937.36;0
14214;66.01;GM;Monofásico;28.0;4.35;0.86;Conectado;16154.42;0
14215;81.15;JS;Monofásico;26.9;3.22;0.41;Conectado;12241.72;0
14216;84.46;SC;Trifásico;6.4;1.86;0.86;Desconectado;4351.7;0
14217;67.68;JS;Trifásico;12.2;4.18;7.44;Desconectado;14402.02;1
14218;75.37;JS;Monofásico;50.1;-1.5;0.6;Conectado;3251.42;0
14219;77.09;JS;Trifásico;55.2;3.07;0.64;Conectado;16166.42;0
14220;79.42;GM;Trifásico;77.7;5.29;0.54;Conectado;9101.59;0
14221;84.48;JS;Monofásico;6.7;6.3;1.66;Conectado;19693.85;0
14222;82.91;GM;Trifásico;34.5;3.82;3.98;Conectado;7314.77;0
14223;70.44;SC;Monofásico;19.8;3.09;1.2;Conectado;5035.37;0
14224;94.18;JS;Monofásico;34.6;3.82;0.26;Desconectado;11096.5;1
14225;84.02;JS;Trifásico;34.3;2.75;3.37;Conectado;15269.02;1
14226;91.86;GM;Trifásico;34.3;3.46;2.35;Conectado;2156.02;0
14227;79.16;SC;Trifásico;30.1;5.08;1.63;Conectado;7049.26;0
14228;79.87;JS;Monofásico;72.8;3.97;8.32;Desconectado;11865.99;0
14229;73.59;GM;Trifásico;65.8;2.66;1.59;Conectado;3869.66;0
14230;69.67;JS;Trifásico;33.1;4.13;3.3;Conectado;14520.75;0
14231;86.7;GM;Monofásico;14.8;2.43;0.43;Conectado;10782.64;0
14232;78.18;GM;Trifásico;49.7;2.3;1.35;Conectado;11817.56;0
14233;73.42;SC;Trifásico;-5.0;4.41;0.6;Conectado;25532.38;0
14234;62.73;GM;Trifásico;12.6;3.19;1.07;Desconectado;13347.91;0
14235;93.66;SC;Trifásico;71.8;5.06;1.63;Conectado;7000.68;0
14236;76.35;SC;Trifásico;57.3;2.96;-5.0;Desconectado;6319.22;0
14237;60.28;SC;Monofásico;56.3;4.78;4.06;Conectado;8588.67;0
14238;75.98;JS;Trifásico;88.9;5.11;1.18;Conectado;21343.71;0
14239;72.59;SC;Trifásico;90.9;3.92;5.67;Conectado;9256.83;0
14240;72.1;JS;Trifásico;23.9;3.56;2.81;Conectado;9588.95;0
14241;81.92;JS;Trifásico;77.0;3.32;0.49;Conectado;;1
14242;72.61;JS;Monofásico;59.4;3.37;2.57;Conectado;26146.88;0
14243;71.33;JS;Trifásico;39.4;2.52;0.06;Desconectado;21661.13;0
14244;;JS;Monofásico;63.6;4.31;4.12;Desconectado;9245.18;0
14245;;GM;Trifásico;90.9;4.28;9.15;Conectado;5030.51;0
14246;74.38;GUARAMIRIM;Monofásico;49.6;3.62;2.83;Conectado;10069.45;0
14247;86.15;SC;Trifásico;89.4;3.82;6.53;Conectado;14206.7;0
14248;82.52;JS;Trifásico;61.4;3.44;0.87;Conectado;;0
14249;87.24;JS;Trifásico;46.4;2.83;1.38;Desconectado;10182.46;0
14250;99.26;JS;Monofásico;61.6;2.76;1.38;Conectado;26356.34;0
14251;95.39;JS;Trifásico;57.6;3.35;0.3;Conectado;12266.84;0
14252;61.13;SC;Trifásico;40.6;3.49;3.98;Conectado;15901.63;0
14253;55.67;SC;Monofásico;53.9;4.72;1.71;Conectado;16121.53;0
14254;78.92;JS;Trifásico;67.1;4.33;1.69;Conectado;14275.58;0
14255;58.75;JS;Trifásico;79.9;5.03;2.76;Conectado;26423.21;0
14256;51.88;SP;Monofásico;29.6;4.35;0.47;Conectado;23070.79;0
14257;78.79;JS;Trifásico;2.4;2.53;4.15;Conectado;8878.75;0
13564;81.8;JS;Monofásico;52.8;2.61;1.14;Desconectado;;1
14259;95.53;SC;Trifásico;47.0;2.95;0.21;Conectado;13929.1;0
14260;84.22;JS;Trifásico;6.1;3.52;0.53;Desconectado;5399.93;0
14261;98.03;GM;Trifásico;60.5;3.18;0.73;Conectado;3785.33;0
14262;79.27;SC;Monofásico;89.5;4.35;0.49;Conectado;4775.83;0
14263;61.36;JS;Monofásico;38.8;4.74;0.69;Conectado;33021.1;0
14264;84.87;JS;Monofásico;85.1;2.83;13.71;Conectado;6759.33;0
14265;91.01;SC;Trifásico;77.4;2.49;1.93;Conectado;10641.19;0
14266;79.69;JS;Monofásico;16.2;5.12;2.31;Conectado;10812.49;0
14267;92.41;GM;Trifásico;75.0;3.99;0.45;Conectado;23179.88;1
14268;73.52;SC;Trifásico;49.6;3.37;0.11;Conectado;13060.43;0
14269;81.55;JS;Monofásico;87.4;5.07;0.93;Conectado;13469.26;1
14270;72.91;SC;Trifásico;18.8;4.8;3.67;Conectado;14806.81;0
14271;103.55;JS;Trifásico;12.8;3.33;2.05;Conectado;11145.27;0
14272;85.1;JS;Trifásico;23.7;4.5;0.03;Conectado;22403.67;1
14273;61.6;SC;Monofásico;6.6;4.72;3.89;Conectado;19672.12;1
14274;97.23;SC;Trifásico;31.1;4.47;0.27;Conectado;9358.13;1
14275;66.2;SC;Trifásico;27.6;4.81;1.45;Conectado;10103.17;0
14276;75.16;JS;Monofásico;40.1;3.04;18.87;Desconectado;12504.71;1
14277;80.62;SC;Trifásico;44.5;3.82;0.32;Conectado;4681.58;0
14278;81.6;JS;Trifásico;14.6;5.12;4.22;Conectado;17235.45;0
14279;80.8;SC;Monofásico;59.2;3.49;4.01;Desconectado;20864.48;1
14280;61.4;SC;Monofásico;22.0;3.28;1.47;1;;0
14281;80.84;SC;Trifásico;12.5;3.89;11.11;Conectado;28606.18;0
14282;88.21;GM;Monofásico;67.6;2.53;0.92;Conectado;7202.91;0
14283;87.86;GM;M;3.1;4.06;0.95;Conectado;5301.14;0
14284;59.38;GM;3-Fase;35.6;2.47;0.41;Conectado;13947.99;0
14285;67.13;GM;Trifásico;14.6;4.81;1.15;Conectado;22639.68;1
14286;62.47;SC;Trifásico;84.0;2.5;0.88;Conectado;14484.62;0
14287;79.08;GM;Trifásico;78.5;4.48;2.32;Desconectado;9369.11;0
14288;56.38;GM;Monofásico;6.7;3.22;0.1;Conectado;16340.34;0
14289;61.53;SC;Monofásico;52.7;2.95;0.93;Conectado;8599.05;0
14290;67.02;JS;Monofásico;28.8;3.82;0.01;Conectado;19878.93;0
14291;53.44;JS;Monofásico;19.1;4.04;0.02;Conectado;3185.84;1
14292;74.67;GM;Trifásico;30.3;3.87;4.29;Conectado;7156.82;1
14293;49.72;JS;Trifásico;77.7;4.07;3.46;Conectado;3977.39;0
14294;80.82;GM;Monofásico;6.4;4.35;3.41;Conectado;5098.67;0
14295;70.24;JS;Monofásico;61.9;2.19;1.09;Conectado;13138.59;0
14296;67.51;JS;Monofásico;86.9;3.91;;Desconectado;7765.7;0
14297;69.47;SC;Trifásico;43.1;2.71;0.74;Conectado;21373.77;0
14298;74.28;GM;Trifásico;85.7;2.79;0.93;Conectado;10074.14;0
14299;82.11;JS;Trifásico;86.2;2.92;2.07;Conectado;16920.3;1
14300;90.81;GM;Trifásico;58.3;2.22;3.01;Conectado;5873.22;0
14301;87.17;SC;Trifásico;43.8;3.79;0.77;Conectado;13812.68;1
14302;101.78;JS;Trifásico;70.3;2.39;2.84;Conectado;17486.77;1
14303;83.1;JS;Monofásico;87.1;4.12;85.0;Conectado;;0
14304;76.68;JS;Trifásico;64.9;5.02;1.7;Conectado;10737.64;1
14305;69.52;JS;Trifásico;20.7;5.05;1.31;Conectado;9580.84;0
14306;69.91;JS;Monofásico;78.1;2.93;0.66;Conectado;11914.21;0
14307;81.47;JS;Trifásico;90.4;0.0;1.1;Conectado;7914.91;0
14308;63.01;JS;Trifásico;39.6;4.43;1.88;Conectado;10812.91;0
14309;77.75;GM;Trifásico;66.6;3.85;7.21;Desconectado;10837.61;0
14310;74.77;SC;Monofásico;49.7;3.74;0.76;Conectado;25480.99;0
14311;66.26;SC;Trifásico;11.5;2.75;0.66;Conectado;10975.37;0
14312;;JS;Monofásico;33.9;3.9;8.08;Conectado;17441.11;1
14313;-40.0;GM;Trifásico;16.4;4.49;2.33;Conectado;14911.02;0
14314;58.24;GM;Trifásico;64.3;3.18;3.32;Conectado;13506.99;0
14315;74.19;SC;Trifásico;55.7;4.17;4.43;Conectado;7492.53;0
11052;89.67;GM;Trifásico;4.2;3.93;0.21;Conectado;;0
14317;81.35;GM;Trifásico;6.8;3.28;1.66;Conectado;8794.87;0
14318;69.32;SC;Monofásico;25.5;3.76;0.38;Conectado;14103.46;0
14319;60.69;SC;Trifásico;71.0;2.96;2.45;Conectado;7151.09;0
14320;320.0;JS;Monofásico;12.9;4.48;7.68;Conectado;5659.26;0
14321;43.33;JS;Monofásico;20.2;2.98;0.14;Conectado;18070.15;0
14322;77.04;JS;Monofásico;86.3;3.32;0.8;Desconectado;;0
14323;75.42;JS;Trifásico;52.3;4.52;20.13;Desconectado;6573.78;0
14324;87.84;JS;Monofásico;59.4;3.38;0.01;Conectado;4734.76;0
14325;61.28;GM;Trifásico;43.8;3.05;0.38;Conectado;13598.06;0
14326;71.12;JS;Trifásico;29.2;3.95;0.21;Desconectado;4770.89;0
14327;80.24;GM;Monofásico;24.4;5.24;3.61;Conectado;21584.3;0
14328;77.47;SC;Trifásico;56.4;4.73;3.48;Conectado;13868.3;0
14329;-40.0;JS;Monofásico;45.3;4.29;3.76;Desconectado;5562.6;0
14330;67.23;JS;Trifásico;38.9;4.6;3.73;Conectado;13238.28;0
14331;91.8;JS;Trifásico;66.3;4.21;4.51;Conectado;5102.29;0
14332;78.11;GM;Trifásico;39.0;3.98;3.71;Desconectado;;1
14333;55.03;GM;Trifásico;4.5;4.53;1.65;Desconectado;11397.39;0
14334;85.6;JS;Trifásico;79.9;4.08;3.42;Desconectado;3638.1;0
14335;55.81;GM;Trifásico;30.9;3.76;2.28;Desconectado;4124.21;0
14336;71.32;SC;TRIF;90.0;3.95;1.14;Conectado;7994.17;0
14337;81.76;JS;Monofásico;83.7;4.07;4.53;Desconectado;18175.61;0
14338;89.56;SC;Monofásico;23.0;4.05;3.88;Desconectado;6059.81;0
14339;46.94;SC;Monofásico;91.8;4.09;0.48;Conectado;8657.74;0
14340;83.54;JS;Trifásico;81.2;3.01;0.06;Conectado;33662.7;0
14341;85.34;SC;Monofásico;93.6;3.63;0.95;Conectado;8450.48;0
14342;68.32;JS;Trifásico;64.7;2.79;1.29;Conectado;3932.36;1
14343;76.09;JS;Trifásico;88.5;4.01;0.48;Conectado;21084.54;0
14344;38.38;JS;nan;65.9;4.08;4.83;Conectado;3933.69;0
14345;42.02;GM;Trifásico;81.4;4.85;0.09;Conectado;14849.58;0
14346;88.3;SC;Monofásico;58.4;4.04;1.65;Conectado;7816.73;0
14347;68.53;JS;Trifásico;88.3;3.5;0.14;Conectado;20325.16;1
14348;;JS;Trifásico;49.7;3.46;1.92;Conectado;8854.51;1
14349;77.82;JS;Trifásico;70.2;4.32;1.56;Conectado;9735.63;0
14350;70.61;SC;Trifásico;87.2;3.26;3.79;Conectado;13640.32;0
14351;69.5;JS;Monofásico;40.7;3.92;2.93;Conectado;7870.29;1
14352;79.73;GM;Monofásico;150.0;4.56;4.64;Desconectado;17094.75;0
14353;57.05;GM;M;11.6;5.42;1.97;Conectado;8308.85;0
14354;88.92;SC;Trifásico;92.4;4.72;4.32;Conectado;20885.1;1
14355;72.24;JS;Trifásico;83.1;3.38;3.17;Conectado;13105.08;1
14356;62.93;JS;Monofásico;46.4;3.2;3.78;Conectado;28857.95;0
14357;61.32;nan;Trifásico;91.3;4.3;2.29;Conectado;7903.11;0
14358;75.51;SC;Monofásico;18.4;3.63;3.18;Conectado;15934.39;0
14359;71.32;SC;Monofásico;11.4;2.62;1.28;Conectado;8996.51;0
14360;56.41;SC;Monofásico;57.5;5.87;0.22;Conectado;14941.05;1
14361;67.78;JS;Trifásico;36.9;3.94;1.35;Conectado;5540.43;0
14362;65.29;GM;Monofásico;32.9;4.8;0.48;Conectado;8636.9;0
14363;90.14;JS;Monofásico;70.0;3.53;2.48;Conectado;16291.39;0
14364;76.57;JS;Monofásico;15.1;3.77;0.76;Conectado;5825.34;0
14365;93.83;SC;Monofásico;74.2;3.92;7.93;Desconectado;15460.24;0
14366;66.48;JS;Trifásico;34.8;3.58;0.79;Conectado;7977.1;1
14367;71.51;SC;Monofásico;93.8;3.19;0.26;Conectado;11497.85;1
14368;79.64;GM;Monofásico;77.0;5.56;5.31;Conectado;39138.71;0
14369;82.25;SC;Monofásico;61.7;4.08;1.34;Conectado;10770.8;1
14370;83.65;JS;Monofásico;22.6;2.54;1.1;Desconectado;8564.32;0
14371;64.35;JS;Trifásico;90.9;3.88;5.42;Conectado;7242.79;1
14372;64.68;JS;Trifásico;4.1;2.65;2.65;Conectado;14898.68;1
14373;70.73;JS;Monofásico;22.0;3.12;1.9;Conectado;8330.2;0
14374;92.77;GM;Trifásico;4.5;3.89;0.99;Conectado;16193.93;0
14375;62.99;SC;Trifásico;91.9;4.23;0.87;Desconectado;10020.93;0
14376;68.68;JS;Trifásico;82.9;1.78;2.17;Desconectado;15036.5;0
14377;83.76;GM;Monofásico;90.5;5.17;1.74;Conectado;9765.94;1
14378;83.12;SC;Trifásico;68.2;3.27;0.81;Conectado;8553.96;1
14379;81.67;JS;Trifásico;3.6;3.62;0.51;Conectado;7757.36;0
14380;75.97;JS;Trifásico;88.6;5.03;4.26;Conectado;5699.93;0
14381;62.22;JS;Monofásico;40.6;5.17;2.91;Conectado;9536.25;1
14382;66.71;GM;nan;35.6;3.3;12.51;Conectado;17830.78;0
14383;88.52;SC;Trifásico;27.7;4.65;1.81;Conectado;16438.55;0
14384;84.28;GM;Trifásico;28.0;3.93;12.96;Conectado;9700.41;0
14385;58.98;nan;Monofásico;-5.0;5.92;1.54;Conectado;6586.28;0
14386;85.43;GM;Monofásico;25.1;3.26;1.91;Desconectado;11004.04;0
14387;90.71;JS;Monofásico;21.9;5.12;0.59;Conectado;17964.49;0
14388;75.65;GM;Monofásico;66.6;3.33;0.4;Conectado;5410.64;0
14389;80.12;GM;Monofásico;28.0;2.94;7.04;Conectado;11750.0;0
14390;87.14;JS;Trifásico;2.2;3.56;9.94;Conectado;3980.96;0
14391;66.65;XX;Trifásico;88.6;2.49;1.98;Conectado;14820.22;0
14392;102.96;SC;Monofásico;30.5;3.06;0.79;Conectado;16375.78;0
14393;89.68;GM;Monofásico;72.9;3.54;7.56;Conectado;10308.42;0
14394;81.29;JS;Trifásico;45.1;3.6;3.98;Conectado;9784.83;0
14395;74.59;JS;Monofásico;13.6;4.53;0.5;Conectado;24622.32;0
14006;80.94;GM;Monofásico;63.2;4.46;0.89;Conectado;7428.63;0
14397;;SC;Monofásico;22.8;3.77;0.01;Conectado;12745.07;0
14398;99.99;JS;Trifásico;28.1;2.41;2.18;Conectado;12888.94;0
14399;88.55;GM;Trifásico;4.0;2.09;1.87;Conectado;3295.5;0
14400;92.57;JS;Monofásico;2.5;3.38;0.45;Conectado;2312.23;0
14401;75.37;SC;Mono;49.3;3.13;1.04;Conectado;19895.92;0
14402;70.68;JS;Trifásico;6.4;3.33;7.0;Desconectado;2732.89;0
14403;66.91;JS;Monofásico;20.7;5.1;2.62;Conectado;10417.49;0
14404;;JS;Monofásico;87.8;3.31;4.97;Conectado;25589.05;0
14405;68.85;JS;Trifásico;8.8;3.11;4.56;Conectado;34778.66;0
14406;72.75;SC;Monofásico;28.3;3.8;6.34;Conectado;27829.43;0
14407;81.56;SC;Trifásico;69.3;3.38;0.11;Conectado;;0
14408;;JS;Trifásico;84.1;4.28;0.76;Conectado;21824.91;0
14409;87.53;JS;Monofásico;5.3;99.0;1.34;Conectado;4817.6;1
14410;74.79;SC;Monofásico;18.4;5.28;2.55;Conectado;1398.57;0
14411;56.9;JS;Trifásico;37.5;3.57;2.34;Conectado;2562.68;0
14412;66.96;SC;Trifásico;34.9;5.34;0.71;Conectado;15067.94;0
14413;90.7;SC;Trifásico;28.1;4.36;0.54;Conectado;20650.64;0
14414;63.76;GM;Monofásico;23.8;4.22;1.44;Desconectado;12971.51;0
14415;85.73;SC;Monofásico;26.3;2.21;0.72;Conectado;34762.18;0
14416;76.46;JS;Trifásico;13.5;2.09;8.39;Conectado;15359.88;0
14417;72.94;GM;Trifásico;16.4;2.51;8.41;Conectado;22051.28;1
14418;105.15;GM;Trifásico;58.0;3.97;0.3;Conectado;25015.66;0
14419;59.59;JS;Monofásico;28.5;4.4;3.05;Conectado;15664.58;0
14420;66.12;GM;Monofásico;38.6;4.23;0.65;Desconectado;8695.21;1
14421;74.72;SC;Trifásico;39.7;-1.5;3.16;Desconectado;6370.63;0
14422;103.99;JS;Monofásico;11.3;4.52;3.64;Desconectado;6794.69;1
14423;74.75;JS;Trifásico;78.0;4.76;0.12;Conectado;15313.76;0
14424;78.29;SC;Trifásico;90.9;3.55;2.97;Conectado;7652.63;0
14425;70.97;JS;Trifásico;25.8;4.25;5.68;Conectado;5364.1;0
14426;79.3;JS;Trifásico;28.7;;0.61;Conectado;30309.01;0
14427;71.71;JS;Monofásico;66.2;4.45;0.31;Conectado;5258.02;0
14428;83.34;JS;Monofásico;8.6;4.06;2.09;Conectado;10047.81;1
14429;84.29;JS;Trifásico;86.3;4.01;1.82;Conectado;23101.73;0
14430;;SC;M;12.3;3.32;5.42;Conectado;12409.1;0
14431;61.49;JS;Trifásico;69.8;3.96;1.5;Conectado;17496.56;0
14432;76.12;GM;Trifásico;28.4;3.53;1.33;Conectado;7057.25;0
14433;91.83;JS;Monofásico;31.4;2.94;3.13;Conectado;4435.64;0
14434;65.08;JS;Monofásico;14.2;4.04;0.2;Conectado;8516.81;0
14435;79.01;JS;Trifásico;61.8;2.98;0.15;Conectado;12614.96;0
14436;60.53;JS;Trifásico;75.7;3.77;1.76;Conectado;23217.79;0
14437;62.52;JS;Trifásico;90.3;3.51;0.23;Desconectado;5515.73;0
14438;90.6;SC;Monofásico;32.2;3.35;7.0;Conectado;19983.77;0
14439;83.3;SC;Mono;59.4;4.92;2.66;Conectado;19981.76;0
14440;79.19;JS;Trifásico;40.0;5.11;3.5;Conectado;8764.92;0
14441;47.14;JS;Trifásico;53.4;3.56;0.65;Conectado;10624.14;0
14442;68.37;JS;Trifásico;16.3;4.6;1.7;Conectado;4700.16;1
14443;82.28;GM;Trifásico;55.7;2.53;0.36;Conectado;13562.59;0
14444;57.61;SC;Monofásico;80.8;2.85;0.57;Conectado;8186.98;0
14445;70.75;JS;Monofásico;82.2;3.75;2.1;Conectado;11897.36;0
14446;84.2;JS;Trifásico;46.4;2.95;0.82;Conectado;14566.21;0
14447;56.87;GM;Trifásico;23.2;4.1;6.23;Conectado;7141.16;0
14448;54.85;JS;TRIF;79.6;4.03;13.37;Desconectado;8012.46;1
14449;57.07;SC;Monofásico;94.9;3.76;0.01;Conectado;12540.48;0
14450;79.01;JS;Trifásico;36.5;5.69;3.56;Conectado;5543.95;1
14451;68.32;SC;nan;87.9;4.09;0.31;Desconectado;16463.18;1
14452;85.54;GUARAMIRIM;Monofásico;93.4;4.26;2.14;Conectado;9695.41;0
14453;76.45;GM;Trifásico;38.2;4.19;0.65;Conectado;19501.46;0
14454;97.57;SC;Trifásico;68.3;3.08;8.37;Conectado;7426.49;0
14455;60.15;JS;Monofásico;55.6;5.36;5.21;Conectado;9540.17;0
14456;78.98;JS;Monofásico;68.9;2.68;2.26;Desconectado;2438.97;1
14457;65.46;JS;Trifásico;15.5;4.03;0.48;Conectado;3635.36;0
14458;82.2;GM;Trifásico;35.5;4.4;3.82;Conectado;16895.16;0
14459;76.44;SC;Trifásico;6.9;4.59;1.84;Conectado;9989.23;0
14460;63.08;JS;Monofásico;58.6;3.55;2.36;Conectado;10514.25;0
14461;73.11;JS;Trifásico;88.1;;3.16;Conectado;3670.04;0
14462;75.88;SC;Trifásico;53.7;2.96;1.35;Conectado;9939.66;0
14463;67.81;GM;Monofásico;7.6;5.14;0.02;Conectado;17905.92;0
14464;83.73;SC;Mono;88.5;3.67;1.13;Conectado;13895.02;0
14465;62.63;JS;Monofásico;13.5;3.4;1.33;Conectado;9001.58;0
14466;100.09;JS;Trifásico;84.0;3.29;1.14;Desconectado;3179.24;0
14467;86.44;JS;Trifásico;68.1;4.04;4.45;Conectado;12030.44;0
14468;79.18;GM;Trifásico;60.8;2.54;1.01;Conectado;;1
14469;109.14;GM;Monofásico;56.2;4.51;1.35;Conectado;17497.25;1
14470;71.29;GM;Monofásico;13.3;3.32;0.16;Conectado;20264.47;0
14471;82.34;SC;Trifásico;48.1;4.84;3.15;Conectado;5660.37;1
14472;77.67;SC;Monofásico;19.5;2.81;0.61;Conectado;14696.29;1
14473;84.57;SC;Monofásico;54.7;3.91;0.67;Conectado;5453.42;0
14474;92.95;SC;Trifásico;43.1;4.24;2.21;Conectado;10342.98;1
14475;81.59;SC;Trifásico;64.9;4.33;10.27;Conectado;;0
14476;87.5;JS;Trifásico;93.4;3.39;1.32;Conectado;16791.96;0
14477;68.4;SC;Monofásico;34.9;2.81;0.99;Conectado;7571.7;1
14478;72.53;JS;Monofásico;59.0;3.43;0.09;Desconectado;12009.16;0
14479;94.66;JS;Trifásico;82.3;4.73;85.0;Conectado;10246.35;0
14480;82.16;GM;Trifásico;9.7;5.47;0.76;Conectado;11794.4;0
14481;77.98;GM;Trifásico;76.2;2.5;3.66;Desconectado;14858.45;0
14482;65.96;SC;Trifásico;23.5;3.21;0.83;Conectado;17430.01;0
14483;86.6;JS;Trifásico;51.8;2.41;0.08;Conectado;18636.88;0
14484;65.62;GM;Trifásico;94.2;3.36;1.72;Conectado;2644.01;0
14485;62.09;SC;Trifásico;93.5;3.29;5.91;Conectado;19524.48;1
14486;76.38;JS;Monofásico;30.7;2.84;0.59;Conectado;19154.21;0
14487;46.17;SC;Trifásico;13.4;5.13;0.42;Desconectado;10986.91;1
14488;82.33;JS;Trifásico;89.2;4.72;0.51;Conectado;13251.4;1
14489;79.52;JS;Trifásico;85.0;3.99;2.93;Conectado;9711.7;0
14490;70.77;GM;Trifásico;58.9;3.71;1.14;Conectado;4674.41;0
14491;71.85;JS;Monofásico;4.0;4.51;0.74;Conectado;5286.13;1
14492;73.57;JS;Trifásico;71.6;3.0;1.03;Conectado;14668.59;0
14493;65.53;JS;Trifásico;16.1;3.99;0.92;Conectado;9831.57;0
14494;77.21;JS;Trifásico;89.6;3.32;1.96;Desconectado;7168.73;0
14495;72.01;JS;Trifásico;41.9;5.67;0.36;Desconectado;11874.05;1
14496;76.35;JS;Trifásico;58.8;2.71;1.78;Desconectado;12868.19;0
14497;73.13;JS;Monofásico;27.4;3.58;0.93;Conectado;6800.33;0
14498;70.77;JS;Trifásico;150.0;2.76;6.74;Conectado;8333.33;1
14499;78.34;JS;Monofásico;71.9;4.4;1.37;Conectado;26352.52;0
14500;84.37;JS;Trifásico;47.2;4.4;0.26;Conectado;9182.62;1
14501;68.7;SC;Trifásico;80.6;3.24;6.78;Conectado;11556.34;0
14502;79.75;SC;Trifásico;68.0;2.81;6.93;Conectado;5908.89;0
14503;81.23;JS;Monofásico;8.3;3.49;0.48;Desconectado;21312.2;0
14504;59.59;SC;Trifásico;58.0;3.24;4.24;Conectado;5732.57;0
14505;86.72;GM;Trifásico;58.6;3.85;4.95;Conectado;4144.55;0
14506;99.68;GM;Trifásico;36.8;5.1;1.1;Conectado;20233.81;0
14507;73.94;JS;Monofásico;31.3;4.33;0.43;Conectado;8776.62;0
14508;72.95;SC;Trifásico;6.9;4.41;4.0;Conectado;4932.53;0
14509;72.44;JS;Monofásico;42.9;3.8;0.07;Conectado;23999.97;1
14510;82.45;JS;Monofásico;32.6;5.91;2.42;Desconectado;10063.19;0
14511;81.13;JS;Mono;90.4;3.89;1.05;Conectado;3981.34;1
14512;55.91;JS;Trifásico;64.4;4.38;2.27;Conectado;6023.46;0
14513;64.61;SC;Monofásico;44.2;4.68;3.89;Desconectado;5684.68;0
14514;81.09;SC;Trifásico;71.9;3.76;4.41;Conectado;;0
14515;73.26;SC;Trifásico;74.2;3.97;16.2;Conectado;6569.09;0
14516;61.01;JS;Monofásico;46.2;3.34;2.56;Conectado;34666.62;0
14517;93.0;JS;Trifásico;8.1;3.81;0.63;Conectado;28162.06;1
14518;65.4;JS;Monofásico;74.4;4.97;0.81;Conectado;17528.42;0
14519;75.43;JS;Trifásico;9.5;4.73;1.43;Conectado;7538.1;0
14520;72.94;GM;Monofásico;80.7;4.35;4.72;Conectado;;0
14521;62.06;SC;Trifásico;32.4;4.53;-5.0;Conectado;6570.68;0
14522;250.0;GM;Monofásico;61.0;3.77;2.91;Conectado;22858.13;0
14523;79.71;SC;Trifásico;70.6;4.56;0.12;OK;8938.46;0
14524;69.39;JS;Trifásico;4.3;3.68;1.41;Conectado;17879.86;0
14525;70.97;JS;Monofásico;37.2;2.49;0.46;Conectado;11848.27;0
14526;82.21;JS;Monofásico;57.8;5.27;6.97;Conectado;;0
14527;51.3;JS;Trifásico;80.7;3.64;3.92;Conectado;14170.77;0
14528;64.86;GM;Trifásico;68.5;4.64;0.37;Conectado;9985.5;1
14529;77.56;JS;Trifásico;85.2;3.51;1.28;Conectado;;0
14530;68.68;JS;Trifásico;8.8;1.65;;Desconectado;18641.28;1
14531;;SC;Trifásico;7.8;3.74;3.43;Conectado;4708.21;0
14532;85.82;GM;Monofásico;68.1;2.33;0.53;Conectado;;0
14533;67.4;JS;Trifásico;38.5;4.4;4.08;Conectado;15503.86;1
14534;98.75;SC;Trifásico;46.3;3.62;0.19;Desconectado;1580.59;0
14535;53.95;nan;Monofásico;57.8;4.78;2.13;Desconectado;3883.15;0
14536;48.46;SC;Trifásico;93.7;3.99;2.34;Desconectado;13400.82;1
14537;85.55;JS;Trifásico;7.3;2.98;1.02;Conectado;13960.11;0
14538;63.19;JS;Monofásico;11.2;4.34;0.45;Conectado;16896.75;0
14539;63.4;SC;Monofásico;79.0;2.55;0.98;Conectado;6881.92;1
14540;86.82;JS;Monofásico;2.9;3.55;1.71;Conectado;5078.13;0
14541;69.03;SC;Monofásico;43.3;2.31;8.69;Conectado;8036.64;0
14542;85.92;GM;Trifásico;73.8;4.08;1.48;Conectado;19378.1;1
14543;67.68;JS;Trifásico;19.4;4.0;0.52;Conectado;12388.01;0
14544;79.35;SC;Monofásico;-10.0;3.9;0.07;Conectado;9020.03;0
14545;68.86;SC;Trifásico;30.2;3.05;0.02;Conectado;14047.72;0
14546;63.96;JS;Trifásico;15.1;4.88;1.35;Conectado;32367.55;0
14547;95.77;SC;Mono;64.8;4.53;0.88;Desconectado;13516.88;0
14548;88.4;SC;Monofásico;19.8;3.99;0.31;Conectado;34457.08;1
14549;66.28;SC;Trifásico;22.3;3.34;0.47;Conectado;23251.75;0
14550;72.86;GM;Monofásico;;3.52;1.08;Conectado;9377.49;0
14551;92.71;SC;Monofásico;91.9;3.79;2.9;Conectado;12273.73;1
14552;63.14;GM;Monofásico;86.9;2.92;2.35;OFF;6977.28;0
14553;63.79;SC;Monofásico;82.3;4.48;0.21;Conectado;9102.52;0
14554;80.64;JS;Trifásico;50.9;4.81;0.39;Desconectado;7497.61;0
14555;102.25;JS;Monofásico;29.0;5.17;-5.0;Conectado;7934.97;0
14556;75.65;JS;Monofásico;67.3;3.53;0.18;Conectado;;1
14557;87.6;SC;nan;37.6;4.9;0.55;Conectado;13549.26;0
14558;;SC;Monofásico;74.1;4.95;0.96;Desconectado;11980.13;1
14559;79.33;JS;Trifásico;2.5;3.29;0.65;Desconectado;20001.08;0
14560;70.68;JS;Trifásico;50.8;3.0;0.86;Conectado;2494.38;0
14561;97.4;JS;Trifásico;32.7;4.67;3.25;Conectado;17955.68;0
14562;94.18;JS;Monofásico;24.4;3.36;-5.0;Desconectado;8990.39;0
14563;102.35;SC;Monofásico;63.2;3.21;1.09;Conectado;;0
14564;66.65;SC;Trifásico;62.9;4.45;2.37;Conectado;10068.14;0
14565;75.43;GM;Trifásico;4.5;2.69;0.13;Conectado;10971.08;0
14566;79.5;JS;Monofásico;90.1;3.44;0.11;Desconectado;19071.03;0
14567;67.12;SC;Trifásico;35.0;2.31;1.73;Conectado;7776.88;0
14568;76.57;SC;Trifásico;87.2;3.13;85.0;Conectado;19871.29;0
14569;85.91;GM;Trifásico;55.9;3.27;1.47;Conectado;17121.6;0
14570;68.4;SC;Monofásico;62.3;3.2;1.3;1;6769.97;1
14571;66.56;JS;Monofásico;91.3;3.46;0.03;Conectado;8199.19;0
14572;65.76;JS;Trifásico;78.3;2.16;3.3;Conectado;10157.78;1
14573;58.88;SC;Trifásico;14.2;2.99;0.45;Desconectado;12158.27;0
14574;85.25;SC;Monofásico;1.5;4.88;3.0;Conectado;5483.37;1
14575;66.53;GM;M;30.0;4.04;1.07;Conectado;10645.77;0
14576;65.27;JS;Monofásico;46.9;3.39;0.12;Conectado;12836.51;0
14577;81.35;GM;Trifásico;69.8;3.28;0.99;Conectado;899.06;1
14578;74.87;JS;Trifásico;63.1;4.41;2.69;Conectado;19796.51;0
14579;68.69;GM;Monofásico;30.4;3.87;3.66;Conectado;3637.82;0
14580;84.73;GM;Trifásico;51.9;2.9;2.52;Conectado;15599.51;0
14581;68.21;SC;Trifásico;62.2;3.37;3.1;Conectado;5115.69;0
14582;48.88;SC;Monofásico;49.3;2.81;0.67;Conectado;9772.71;0
14583;91.0;JS;Monofásico;65.8;3.25;8.4;Conectado;11177.61;0
14584;65.06;JS;Monofásico;46.6;4.35;0.64;Conectado;19061.66;1
14585;66.37;JS;Monofásico;50.8;4.27;0.47;Conectado;22825.28;0
14586;66.43;JS;Trifásico;89.4;4.62;0.72;Conectado;5631.86;0
14587;75.72;SC;Trifásico;37.6;3.91;8.94;Conectado;10284.56;0
14588;71.71;JS;Trifásico;72.0;2.59;0.17;Conectado;7192.09;0
14589;86.86;GM;Trifásico;32.5;2.8;3.71;Conectado;9823.77;0
14590;94.74;JS;Trifásico;32.2;4.18;0.28;Conectado;10373.85;0
14591;66.85;SC;Monofásico;88.1;3.88;3.71;Conectado;15684.75;0
14592;63.74;SC;Trifásico;66.7;2.87;0.81;Conectado;9968.14;0
14593;68.74;JS;Trifásico;88.3;3.53;3.24;Conectado;14636.71;1
14594;80.27;JS;Trifásico;94.5;5.32;0.13;Conectado;4316.11;0
14595;73.6;JS;Monofásico;1.0;4.55;1.02;Conectado;18735.25;0
14596;;SC;Trifásico;93.4;5.0;1.56;Conectado;10944.69;0
14597;59.44;SC;Monofásico;10.5;2.86;0.05;Desconectado;7604.01;0
14598;48.49;JS;Trifásico;7.6;5.14;0.5;Conectado;9693.78;0
14599;62.94;nan;Monofásico;73.2;3.38;0.46;Conectado;4466.26;0
14600;90.17;JS;Monofásico;33.9;5.06;1.64;Conectado;10625.16;0
14601;80.23;SC;Trifásico;87.3;4.09;0.36;Conectado;17949.8;1
14602;72.7;JS;Monofásico;52.2;4.3;9.45;Conectado;29505.56;0
14603;83.76;SC;Trifásico;37.3;4.36;5.45;Conectado;9960.55;0
14604;59.55;GM;Monofásico;7.9;3.88;0.64;Conectado;;0
14605;75.68;SC;Monofásico;44.7;4.27;0.67;Conectado;11575.06;0
14606;;JS;Trifásico;27.1;2.98;7.36;Desconectado;15772.23;0
14607;79.15;JS;Trifásico;;3.7;0.89;Conectado;5510.27;0
14608;78.11;GM;Trifásico;64.0;4.42;1.38;Desconectado;4356.9;0
14609;78.4;JS;Monofásico;92.9;3.89;3.02;Conectado;20158.2;0
14610;89.01;JS;Trifásico;36.6;3.52;1.05;Conectado;;0
14611;84.31;SC;Monofásico;28.9;3.99;5.82;Conectado;8380.68;0
14612;60.49;JS;Monofásico;9.5;2.71;2.22;Conectado;17090.53;0
14613;89.19;JS;Monofásico;22.0;4.64;2.09;Conectado;9072.12;0
14614;72.49;GM;Trifásico;27.8;2.14;2.02;Desconectado;9142.53;0
14615;51.36;JS;Trifásico;33.4;3.78;;Conectado;9402.31;0
12748;73.69;JS;Trifásico;60.6;4.41;3.91;Conectado;6150.95;0
14617;82.77;SC;Trifásico;11.8;3.87;2.12;Conectado;15678.07;0
14618;62.83;GM;Trifásico;6.5;3.42;0.14;Conectado;9292.19;1
14619;90.99;JS;Trifásico;88.5;4.68;4.75;Conectado;7500.97;1
14620;63.92;SC;Trifásico;76.1;3.25;3.27;Conectado;;0
14621;69.23;SC;Trifásico;27.2;5.15;0.85;Conectado;15590.32;0
14622;67.02;JS;Trifásico;61.0;3.63;0.84;Conectado;17011.48;0
14623;54.49;JS;Trifásico;56.7;3.6;1.76;Desconectado;21776.35;0
14624;63.08;JS;Trifásico;70.8;4.38;0.02;Conectado;13498.01;0
14625;66.46;SC;Trifásico;81.8;3.55;4.15;Desconectado;6104.4;0
14626;73.44;GM;Trifásico;34.6;3.88;7.12;Conectado;16659.62;0
14627;38.98;JS;Monofásico;63.1;4.26;1.48;Conectado;11528.72;0
14628;83.6;GM;Trifásico;76.4;2.82;1.92;Conectado;1878.62;0
11518;83.48;SC;Monofásico;66.7;4.29;4.15;Conectado;42192.35;0
14630;89.18;JS;Trifásico;87.7;2.45;0.81;nan;11701.62;0
14631;57.1;SC;Monofásico;47.5;3.79;1.69;Conectado;5571.74;0
14632;71.49;JS;Monofásico;9999.0;3.51;0.29;Conectado;16809.21;0
14633;86.3;GM;Monofásico;86.5;2.75;3.03;Desconectado;8334.46;0
14634;87.33;SC;Monofásico;53.4;5.15;3.94;Conectado;11097.86;0
14635;92.75;SC;Trifásico;2.6;3.93;0.17;Conectado;14727.64;1
13360;76.23;SC;Trifásico;77.9;3.28;5.35;Conectado;11384.95;0
14637;74.33;SC;Trifásico;80.5;3.91;1.17;Conectado;1875.41;1
14638;56.3;GM;Trifásico;38.6;5.79;6.38;Conectado;13403.5;0
14639;87.78;SC;Trifásico;22.5;3.0;5.76;Conectado;17093.21;0
14640;69.48;GM;Trifásico;92.9;4.33;3.91;Desconectado;5299.61;0
14641;75.41;SC;Trifásico;52.9;3.07;4.43;Conectado;10986.05;0
14642;74.61;JS;Trifásico;49.5;4.19;0.85;Conectado;15288.53;0
14643;46.26;GM;Trifásico;89.9;3.27;1.14;Conectado;22532.34;0
14644;65.26;SC;Monofásico;39.4;3.67;0.69;Conectado;13429.68;0
14645;80.45;SC;Monofásico;80.7;3.93;1.09;Conectado;13966.93;0
14646;74.42;GM;Trifásico;66.9;4.86;2.06;Conectado;12107.4;1
14647;80.54;JS;Trifásico;92.0;2.62;4.99;Conectado;10401.87;1
14648;84.41;JS;TRIF;41.3;5.16;1.98;Conectado;7904.74;0
14649;65.12;JS;Monofásico;86.3;2.27;2.98;Desconectado;5707.58;1
14650;68.82;SC;Trifásico;54.5;4.06;0.36;Conectado;7279.17;0
14651;73.31;GM;Monofásico;45.7;3.85;7.02;Conectado;12320.18;1
14652;84.28;GM;Trifásico;29.7;3.69;2.19;Desconectado;13318.52;0
14653;72.19;JS;Trifásico;53.0;3.83;3.74;Conectado;19806.26;1
14654;53.63;SP;Monofásico;54.8;4.22;16.37;Conectado;22986.73;0
14655;72.62;GM;Monofásico;85.4;4.17;4.91;Conectado;8662.53;0
14656;83.8;SC;Trif;67.2;3.66;1.75;Conectado;11019.32;0
14657;91.28;JS;Trifásico;78.7;4.36;5.06;Conectado;13168.02;0
14658;78.37;SC;Monofásico;73.3;3.62;2.69;Conectado;6464.42;0
14659;57.17;GM;Trifásico;27.0;3.87;3.27;Conectado;19925.69;1
14660;70.12;GM;Trifásico;20.3;4.73;2.54;Conectado;12210.84;0
14661;80.7;SC;Trifásico;25.3;4.75;0.85;OFF;11499.78;0
14662;85.39;GM;Trifásico;14.8;4.64;1.02;Conectado;13139.38;1
14663;81.08;JS;Monofásico;37.3;2.98;2.04;Conectado;13841.44;0
14664;71.98;JS;Trifásico;62.5;4.14;5.18;Conectado;5211.21;0
14665;85.3;GM;Monofásico;51.5;;1.51;Desconectado;6419.38;1
14666;67.31;JS;Trifásico;64.8;5.21;1.94;Conectado;6359.45;0
14667;77.22;JS;Trifásico;34.5;4.43;1.15;Conectado;9397.41;0
14668;84.0;JS;Monofásico;20.3;-1.5;0.05;Desconectado;15479.3;0
14669;81.92;SC;Monofásico;20.1;3.49;2.58;Conectado;14997.17;0
14670;82.19;SC;Monofásico;57.5;1.77;2.09;Conectado;10693.55;0
14671;81.89;JS;Monofásico;16.4;3.74;9.57;Conectado;12596.37;0
14672;62.42;GM;Trifásico;38.3;3.5;1.77;Conectado;12360.27;1
14673;75.21;GM;Monofásico;21.0;3.38;1.91;Conectado;8897.95;0
14674;64.09;JS;Monofásico;63.3;3.18;0.83;Desconectado;11428.95;1
14675;71.53;JS;Trifásico;58.8;5.03;0.26;Conectado;3281.3;0
14676;60.97;SC;Trifásico;36.8;1.65;3.07;Conectado;3524.23;0
14677;79.14;SC;Trifásico;150.0;2.78;4.13;Conectado;26799.02;0
14678;51.42;JS;Trifásico;;5.71;5.09;Conectado;20135.83;0
14679;82.41;JS;Monofásico;45.4;4.59;1.29;Conectado;25039.35;0
14680;75.18;JS;Trifásico;92.4;4.04;3.04;Conectado;15611.22;0
14681;97.83;JS;Monofásico;26.5;3.8;0.76;Desconectado;12917.68;0
14682;72.54;JS;Trifásico;19.0;3.33;0.73;Conectado;15735.9;0
14683;72.54;SC;Trifásico;21.7;2.78;13.64;OK;10211.3;0
14684;83.19;SC;Monofásico;67.6;4.09;4.73;OK;2926.36;0
14200;73.24;SC;Trifásico;87.0;4.44;0.74;Conectado;8062.73;0
14686;78.3;JS;Trifásico;8.1;3.25;1.42;Conectado;29793.61;0
14687;;SC;Monofásico;71.4;2.35;2.08;Conectado;8538.74;0
14688;71.79;JS;Monofásico;47.5;4.33;0.03;Conectado;14164.37;0
14689;89.34;JS;3-Fase;78.6;4.42;8.0;Conectado;6306.65;0
14690;54.85;SC;Trifásico;40.6;4.47;0.29;Conectado;8071.68;0
14691;94.24;SC;Trifásico;1.5;3.67;4.25;Conectado;9636.1;1
14692;53.54;JS;Monofásico;65.2;2.07;9.32;Conectado;10424.59;0
14693;250.0;SC;Monofásico;76.9;2.82;3.05;Conectado;11550.13;1
14694;52.6;GM;Trifásico;85.8;4.83;8.5;Conectado;12265.5;0
14695;98.77;SC;Monofásico;54.5;2.72;0.05;Conectado;9094.27;0
14696;76.93;SC;Trifásico;12.5;4.36;1.09;Conectado;8111.69;0
14697;63.66;GM;Trifásico;35.8;2.98;1.62;Desconectado;12853.6;0
14698;97.38;SC;Trifásico;74.7;2.9;3.82;Conectado;14374.6;0
14699;61.93;SC;Trifásico;47.5;5.26;2.66;Conectado;25086.33;0
14700;72.27;JS;Trifásico;66.7;5.29;3.33;Conectado;1853.04;0
14701;106.26;JS;Monofásico;1.4;3.93;0.39;Conectado;5286.2;0
14702;79.75;SC;Trifásico;7.9;3.41;4.66;Conectado;24156.43;1
14703;50.69;SC;Monofásico;65.0;4.63;4.32;Conectado;9178.77;0
14704;71.72;JS;Monofásico;28.3;2.54;3.66;Conectado;10110.91;0
14705;70.66;GM;Monofásico;37.5;4.77;4.26;Desconectado;6732.05;0
14706;77.26;JS;Trifásico;61.4;5.42;0.6;Conectado;6255.93;0
14707;74.47;SC;Trifásico;11.5;4.26;0.38;Conectado;3829.6;1
14708;81.55;JS;Monofásico;79.3;2.87;5.64;Conectado;12691.43;0
14709;56.66;SP;Trifásico;14.6;5.02;7.87;Conectado;16119.21;0
14710;68.43;GM;Monofásico;69.9;4.05;1.38;Conectado;16410.03;1
14711;78.74;JS;Trifásico;28.5;3.69;1.48;Conectado;9211.81;0
14712;65.85;JS;Trifásico;25.4;3.02;3.38;Conectado;11003.53;0
14713;88.15;SC;Monofásico;78.2;2.89;1.71;Conectado;16246.56;1
14714;66.09;SC;Monofásico;52.9;4.72;0.94;Conectado;17504.57;0
14715;76.72;SC;Trifásico;150.0;3.74;0.53;Conectado;14586.6;0
14716;73.74;GM;Trifásico;1.2;3.73;0.06;Conectado;15006.89;0
14717;62.82;JS;Monofásico;92.5;3.9;-5.0;Conectado;27672.09;0
14718;75.73;SC;Trifásico;41.6;2.24;0.38;Conectado;7828.78;0
14719;59.26;SC;Trifásico;38.4;3.78;4.89;Conectado;5111.71;0
14720;69.68;GM;Trifásico;5.7;3.79;10.17;Conectado;16306.08;1
14721;75.36;GM;Trifásico;85.1;5.0;1.53;Conectado;13194.42;0
14722;57.87;SC;Trifásico;14.2;4.46;0.31;Conectado;11624.13;0
14723;82.48;SC;Trifásico;32.5;2.83;2.19;Desconectado;17318.86;0
14724;-15.0;JS;Monofásico;40.6;3.49;2.13;Conectado;18772.62;0
11399;81.38;JS;Monofásico;77.1;4.64;0.36;Conectado;17877.4;0
14726;75.03;SC;Monofásico;34.8;2.76;2.6;Conectado;5938.57;1
14727;61.19;SC;Trifásico;51.0;5.16;0.95;Conectado;12597.91;1
14728;75.0;SC;Trifásico;41.3;3.77;4.67;Conectado;14907.72;0
14729;82.48;SC;Monofásico;30.3;4.23;2.22;Conectado;10663.32;0
14730;60.72;JS;Trifásico;90.0;3.45;1.42;Conectado;24324.34;0
14731;61.67;SC;Monofásico;75.9;3.44;8.26;Conectado;7634.61;0
14732;72.05;JS;Trifásico;17.4;3.06;1.69;Conectado;20375.57;0
14733;70.54;JS;Monofásico;53.1;5.03;5.46;Conectado;14496.86;0
14734;74.81;JS;Monofásico;75.9;4.27;0.77;Conectado;9717.75;0
14735;71.5;GM;Trifásico;55.5;3.03;1.46;Conectado;7736.11;0
14736;76.92;JS;Trifásico;47.4;4.36;0.22;Conectado;23904.26;0
14737;89.66;GM;Trifásico;7.8;4.55;1.37;OFF;3338.12;0
14738;81.46;JS;Trifásico;11.0;4.67;5.62;Conectado;10780.58;1
14739;75.67;JS;Trifásico;24.1;4.03;4.42;Conectado;8041.69;0
14740;61.72;GM;Monofásico;49.3;3.94;9.29;Conectado;9528.02;0
14741;66.34;SC;Trifásico;93.8;3.05;3.46;Conectado;10438.62;1
14742;85.1;JS;Trifásico;76.4;4.87;0.79;Conectado;4651.04;0
14743;69.38;JS;Trifásico;11.3;;0.44;Conectado;6791.7;0
14744;63.39;GM;Trifásico;68.4;4.59;0.49;Conectado;13175.89;0
14745;100.18;JS;Trifásico;77.2;2.29;2.71;Conectado;10603.08;0
14746;93.29;SC;Monofásico;39.9;4.57;1.2;Conectado;9123.66;0
14747;73.51;JS;Monofásico;32.0;3.82;1.34;Conectado;6927.02;0
14748;62.01;JS;Trifásico;56.0;4.46;4.93;Conectado;7583.05;0
14749;83.68;JS;Trifásico;49.8;2.84;3.24;Conectado;6143.66;0
14750;69.12;SC;Monofásico;25.9;5.25;0.59;Desconectado;16957.91;1
14751;85.66;SC;Trifásico;38.4;3.28;0.47;Conectado;8380.83;1
14752;69.13;JS;Trifásico;52.2;4.72;4.31;Desconectado;4039.16;0
14753;94.74;SC;Monofásico;55.5;3.64;7.68;Conectado;17357.5;0
14754;68.78;GM;Trifásico;51.0;5.28;0.51;Conectado;10952.69;0
14755;103.38;JSS;Trifásico;80.5;4.04;7.58;Conectado;8674.91;0
14756;77.34;JS;Trif;4.0;5.31;1.4;Conectado;;0
14757;91.61;JS;Trifásico;32.3;3.74;5.9;Conectado;29131.26;1
14758;68.52;GM;Monofásico;71.5;2.91;3.47;Conectado;15192.98;0
14759;59.26;JS;Trifásico;62.3;4.04;5.89;Conectado;22397.31;0
14760;47.33;JS;Monofásico;87.3;3.69;2.59;Conectado;5783.29;0
14761;90.32;GM;3-Fase;56.3;3.32;0.43;Conectado;11311.36;1
14762;;JS;Trifásico;61.0;4.79;0.16;Conectado;10998.21;0
14763;60.03;JS;Monofásico;67.3;2.72;2.47;Desconectado;1914.54;1
14764;90.82;JS;TRIF;18.5;5.33;0.15;Conectado;8471.13;0
14765;88.87;GM;Trifásico;71.8;3.65;0.67;Conectado;3490.57;0
14766;91.59;JS;Monofásico;29.2;2.71;0.58;Conectado;8750.51;0
14767;58.92;GM;Trifásico;40.9;4.11;1.39;Conectado;;0
10817;89.96;SC;Monofásico;2.3;3.95;2.27;Conectado;24213.74;0
14769;79.61;SC;Monofásico;80.3;3.68;6.05;Conectado;6514.73;1
14770;92.13;JS;Trifásico;90.6;3.3;6.88;Desconectado;24712.35;0
14771;81.51;JS;Trifásico;6.7;4.85;10.1;Conectado;14087.71;0
14772;77.08;SC;Trifásico;60.7;4.23;3.61;Conectado;18405.07;0
14773;90.12;JS;Monofásico;91.3;3.41;6.36;Conectado;9320.73;0
14774;85.22;GM;Trifásico;58.0;4.12;3.91;Conectado;4092.06;0
14775;87.98;JS;Monofásico;76.0;3.18;6.04;Conectado;8103.76;0
14776;69.14;SC;3-Fase;12.1;4.58;0.28;Conectado;13051.48;0
14777;72.93;JS;Monofásico;24.0;5.48;8.15;Conectado;26918.44;0
14778;54.19;SC;Monofásico;-10.0;4.69;0.67;Conectado;23302.93;1
14779;68.28;JS;Monofásico;93.2;3.27;2.1;Conectado;29969.04;0
14780;;JS;Monofásico;74.5;3.03;1.82;Conectado;25020.66;0
14781;81.77;GM;Trifásico;84.3;3.88;2.08;Conectado;12895.18;0
14782;63.25;SC;Trifásico;46.8;2.51;3.03;Conectado;12569.18;0
14783;90.39;SC;Monofásico;68.4;4.53;1.94;Conectado;7466.06;0
14784;110.68;SC;Trifásico;69.8;4.33;2.92;Conectado;;0
14785;64.17;SC;Monofásico;54.5;3.68;1.91;Conectado;21009.14;1
14786;72.53;JS;Monofásico;83.5;3.57;0.03;Conectado;27047.89;0
14787;67.54;JS;Monofásico;15.9;3.71;2.47;Conectado;6150.41;0
14788;73.86;GM;Trifásico;6.4;5.05;2.03;Conectado;5145.9;0
14789;78.29;JSS;Trifásico;29.6;3.48;2.2;Conectado;11408.07;0
14790;66.63;SC;Monofásico;9.3;2.84;0.0;Desconectado;4743.98;0
14791;71.68;JS;Trifásico;6.7;3.17;1.58;Conectado;13029.86;0
14792;76.05;JS;Monofásico;40.4;4.59;5.2;Conectado;9323.22;1
14793;80.66;JS;Trifásico;19.8;3.03;1.01;Conectado;17058.38;0
14794;92.6;SC;Trifásico;75.3;4.76;1.47;Desconectado;17098.09;0
14795;74.83;SC;Trifásico;55.5;3.64;0.33;Conectado;7292.73;0
14796;68.26;JS;Monofásico;34.9;2.37;1.5;Conectado;16281.08;0
14797;83.36;JS;Trifásico;27.9;4.4;1.26;Desconectado;14479.36;0
14798;79.8;GM;Trifásico;53.9;3.58;5.36;Conectado;9613.58;0
14799;72.69;JS;Monofásico;41.8;4.1;0.09;Conectado;8087.83;0
14800;80.82;GM;Monofásico;6.2;3.3;7.55;Conectado;20235.08;0
14801;70.4;GM;Monofásico;63.5;4.78;2.15;Conectado;8993.86;0
14802;68.64;GM;Trifásico;48.0;4.16;1.89;Conectado;6268.1;1
14803;52.21;GM;Monofásico;27.0;5.53;5.43;Conectado;10895.25;0
14804;71.06;JS;Trifásico;28.3;4.37;0.53;Conectado;19602.52;0
14805;53.85;GM;Monofásico;43.6;3.61;0.59;Conectado;36296.51;1
14806;67.33;GM;Monofásico;78.8;3.11;5.19;Conectado;3958.74;0
14807;81.95;GM;Trifásico;40.8;2.67;6.63;Conectado;25567.88;0
14808;56.94;JS;Trifásico;79.9;-1.5;4.55;Conectado;14169.11;0
14809;72.72;GM;Monofásico;40.9;3.73;0.11;Conectado;5403.11;0
14810;75.79;SC;Trifásico;79.0;5.07;2.64;Conectado;10010.99;0
14811;72.14;SC;Monofásico;88.6;3.47;1.5;Conectado;9666.11;0
14812;69.22;JS;Trifásico;2.9;4.61;4.12;Conectado;7052.74;0
14813;78.9;JS;Monofásico;6.9;3.71;0.43;Conectado;31749.13;0
14814;80.57;GM;Trifásico;13.6;5.31;6.32;Desconectado;9692.94;0
14815;75.02;SC;Trifásico;12.5;2.55;1.02;Desconectado;4893.89;1
14816;69.89;JS;Mono;43.7;4.88;0.98;Conectado;19008.14;1
14817;85.38;GM;Trifásico;72.8;3.4;0.49;Conectado;9754.7;0
14818;59.27;JS;Trifásico;91.4;4.51;0.02;Conectado;8266.78;0
14819;83.25;JS;Trifásico;40.3;5.06;0.94;Conectado;10704.12;0
14820;80.04;JS;Trifásico;65.7;3.52;0.4;Conectado;15072.46;0
14821;77.39;JS;Monofásico;60.7;2.92;3.35;Conectado;11690.6;1
14822;74.88;JS;Trifásico;38.0;2.85;3.53;Conectado;11607.22;0
14823;52.32;JS;Monofásico;68.8;3.12;4.4;Conectado;21794.12;1
14824;91.65;JS;Trifásico;56.6;1.86;0.01;Conectado;19454.54;0
14825;85.06;SC;Trifásico;72.4;3.62;1.08;Conectado;4915.69;0
14826;180.0;GM;Trifásico;19.2;4.32;0.01;Conectado;17625.36;1
14827;84.11;SC;Monofásico;34.9;4.0;1.77;Conectado;13316.35;0
14828;77.27;JS;Trifásico;64.1;3.5;5.99;Conectado;3549.63;0
14829;68.0;JS;Trifásico;12.7;3.09;1.31;Conectado;3512.25;0
14830;89.3;GM;Trifásico;73.4;3.34;5.17;Desconectado;4078.25;0
14831;69.83;GM;Trifásico;13.5;4.03;7.37;Conectado;17993.14;0
14832;91.27;JS;Trifásico;31.5;4.46;0.68;Conectado;7233.13;0
14833;81.41;JS;Trifásico;23.3;2.6;0.03;Conectado;2903.52;0
14834;86.48;SC;Trifásico;6.7;3.93;3.36;Conectado;5725.16;0
14835;81.95;SC;Monofásico;26.4;4.01;2.16;Conectado;20362.34;0
14836;81.39;JS;Trifásico;150.0;3.05;1.07;Conectado;14754.32;0
14837;77.58;SC;Trifásico;3.5;-1.5;1.15;Conectado;1398.74;0
14838;66.28;SC;Trifásico;2.6;4.55;0.21;Conectado;14359.42;0
14839;75.75;GM;Trifásico;67.2;3.34;5.12;Desconectado;6890.26;0
14840;86.0;JS;Trifásico;35.5;3.11;0.69;Conectado;5041.95;0
14841;83.63;GM;Monofásico;22.6;5.52;0.26;Conectado;8096.92;0
14842;81.02;XX;Monofásico;48.8;4.44;3.78;Conectado;3299.62;0
12043;49.85;SC;Trifásico;26.1;3.94;1.66;Conectado;5225.23;0
14844;72.44;SC;Trifásico;37.8;3.26;3.6;Conectado;2510.34;0
14845;71.18;SP;Trifásico;68.2;3.18;;Conectado;34622.19;0
14846;61.76;SC;Trifásico;12.0;4.26;1.2;Conectado;9275.15;1
14847;85.85;JS;Monofásico;91.2;3.14;0.14;Conectado;22491.46;0
14848;50.7;JS;Monofásico;5.0;3.11;0.73;Conectado;;0
14849;85.04;JS;Trifásico;76.8;3.69;0.13;Conectado;17164.35;0
14850;90.95;SC;TRIF;69.1;4.31;0.4;Conectado;;0
14851;72.48;JS;Trifásico;27.5;5.21;4.73;Conectado;5559.34;0
14852;74.11;GM;Trifásico;12.1;3.99;7.09;1;7876.88;0
14853;86.61;JS;Trifásico;81.1;3.14;2.82;Conectado;6435.74;0
14854;;JS;Trifásico;64.9;3.59;3.29;OFF;21643.5;0
14855;82.93;JS;Monofásico;28.3;4.84;3.29;Conectado;14065.29;0
14856;63.99;SC;Monofásico;2.6;4.76;0.33;Desconectado;3058.81;0
14857;60.39;JS;Monofásico;89.2;4.8;0.12;Conectado;10894.01;0
14858;78.55;JS;Trifásico;39.0;4.61;3.0;Conectado;10325.64;0
14859;74.68;JS;Monofásico;17.6;5.33;0.1;Desconectado;10659.93;0
14860;54.35;JS;Monofásico;86.7;3.97;4.18;Conectado;28350.36;0
14861;91.98;SC;Trifásico;34.7;4.4;2.24;Conectado;12740.89;0
14862;70.02;SC;Trifásico;44.5;3.15;0.3;Conectado;7263.96;1
14863;81.13;JS;Monofásico;66.7;3.99;2.69;Desconectado;13364.41;0
14864;94.26;JS;Monofásico;78.0;4.02;2.33;Conectado;;0
14865;77.97;GM;Monofásico;10.4;4.43;1.18;Conectado;24925.65;1
14866;90.28;JSS;Trifásico;85.5;3.3;4.26;Conectado;3627.43;0
10273;64.64;GM;Trifásico;88.7;2.55;0.91;Conectado;11445.4;0
14868;92.05;JS;Monofásico;25.4;3.34;1.19;Desconectado;9230.06;0
14869;65.09;JS;Monofásico;47.8;4.65;2.98;Desconectado;10938.59;0
14870;68.15;SC;Trifásico;81.6;3.63;3.49;Conectado;26663.88;1
14871;57.54;GM;Trifásico;46.8;4.18;0.8;Conectado;7867.61;0
14872;78.22;JS;Monofásico;46.3;3.32;0.04;Conectado;8702.04;0
14873;82.57;JS;Monofásico;59.1;4.63;0.48;Desconectado;5028.28;1
14874;84.2;JS;Monofásico;73.1;3.72;0.76;Conectado;18718.9;0
14875;57.82;GM;Trifásico;63.6;3.7;5.88;Conectado;5166.71;1
14876;79.5;SC;Monofásico;59.9;4.86;5.6;Conectado;7198.77;0
14877;79.94;JS;Trifásico;35.9;5.06;2.7;Conectado;18147.25;0
14878;82.38;JS;Monofásico;60.2;4.88;3.09;Conectado;13281.89;0
14879;65.73;JS;Trifásico;10.7;3.54;2.43;Conectado;16651.02;0
14880;44.94;JS;Monofásico;39.5;3.32;3.78;Conectado;7123.72;0
14881;83.48;JS;Monofásico;18.7;3.07;1.08;Conectado;12814.6;1
14882;73.25;SC;Monofásico;51.5;2.61;1.98;Conectado;5124.07;0
14883;78.36;JS;Trifásico;25.6;3.05;2.78;Conectado;9330.65;0
14884;73.86;JS;Trifásico;48.6;3.12;1.58;Conectado;2852.48;0
14885;77.81;SC;Monofásico;74.1;2.79;3.7;Conectado;29081.08;0
14886;83.85;JS;Trifásico;41.8;2.59;6.74;Conectado;13349.7;0
14887;52.72;JS;Trifásico;21.6;2.76;2.73;Conectado;7078.48;0
14888;88.69;JS;Monofásico;22.0;3.76;85.0;Conectado;13128.71;0
14889;72.81;JS;Trifásico;86.2;4.15;2.36;Conectado;16738.5;0
14890;94.52;GM;Monofásico;74.4;4.08;2.98;Conectado;18971.84;0
14891;69.49;SC;Trifásico;4.4;3.38;0.83;Conectado;6192.57;0
14892;66.82;JS;Monofásico;89.6;3.52;0.97;Conectado;13526.16;0
14893;73.22;JS;Monofásico;11.6;4.09;2.26;Conectado;12834.71;1
14894;81.0;JS;Monofásico;62.4;3.95;3.07;Conectado;25711.92;0
14895;71.71;SC;Monofásico;52.8;4.25;85.0;Conectado;7437.1;0
14896;81.87;SC;Trifásico;5.4;3.03;3.59;Conectado;5291.11;1
14897;70.35;JS;Trif;28.7;5.19;0.36;Conectado;;0
14898;75.42;JS;Monofásico;73.9;4.31;1.07;Desconectado;14294.11;0
14899;101.84;JS;Trifásico;29.8;4.39;0.4;Conectado;9344.65;1
14900;79.29;SC;Trifásico;46.2;2.95;3.54;Conectado;22615.34;0
14901;80.25;GM;Monofásico;66.6;2.93;0.77;Conectado;9292.32;0
14902;57.33;GM;Trifásico;7.7;;0.33;Conectado;17449.56;1
14903;91.25;JS;Trifásico;79.3;4.39;0.25;Conectado;5634.65;0
14904;87.8;JSS;Trifásico;4.9;2.87;0.3;Conectado;13341.93;0
14905;66.43;SC;Trifásico;25.7;4.16;0.71;Conectado;24937.99;1
14906;87.56;GM;TRIF;72.7;4.97;3.81;Conectado;17289.79;0
14907;78.96;JS;Trifásico;86.7;3.23;0.68;Conectado;6271.59;0
14908;75.56;SC;Trifásico;72.5;3.05;0.83;Conectado;5101.84;0
14909;90.49;JS;Monofásico;22.3;3.22;5.32;Conectado;12787.51;0
14910;68.85;SC;Trifásico;93.7;3.67;1.46;Desconectado;12940.94;0
14911;66.33;JS;Monofásico;39.9;4.56;1.78;OK;;1
14912;77.49;SC;Monofásico;36.4;4.61;0.01;Conectado;16794.15;0
14913;81.34;GM;Monofásico;82.3;4.44;0.21;Conectado;;0
14914;86.6;JS;Monofásico;7.2;2.24;3.37;Desconectado;3505.38;0
14915;73.19;SC;Trifásico;53.3;3.65;1.01;Conectado;13118.47;1
14916;64.8;JS;Trifásico;;3.09;0.4;Conectado;10867.71;0
14917;105.34;JS;Trifásico;10.4;4.12;1.4;Desconectado;3334.53;0
14918;61.96;JS;Trifásico;51.8;4.52;0.12;Conectado;7381.75;0
14919;75.66;JS;Trifásico;13.5;3.4;3.09;Desconectado;2298.39;1
14920;84.36;GM;Trifásico;84.7;5.34;0.21;Conectado;;0
14921;88.81;JS;Trifásico;56.2;3.08;0.14;Conectado;11310.88;0
14922;68.19;SC;Trifásico;23.1;4.23;1.36;Conectado;23116.86;0
14923;52.5;GM;Trifásico;29.9;5.52;2.21;Conectado;4076.46;0
14924;67.92;GM;Trifásico;49.6;4.53;3.61;Conectado;7558.29;0
14925;85.34;SC;Trifásico;69.2;4.28;0.18;Conectado;16228.42;0
14926;82.65;JS;Monofásico;500.0;3.66;1.02;Conectado;16562.35;0
14927;83.04;GM;Monofásico;18.8;4.29;0.78;Desconectado;4668.73;1
14928;83.54;JS;Monofásico;67.6;3.36;3.4;Conectado;17075.93;1
14929;91.08;GM;Monofásico;12.1;4.7;1.15;Conectado;16022.76;0
14930;65.69;SC;Monofásico;77.1;3.22;2.47;Desconectado;3144.81;0
14931;60.63;SC;Monofásico;38.2;3.6;1.68;Conectado;7296.5;0
14932;79.45;JS;Trifásico;62.4;3.13;2.11;Conectado;11382.4;0
14933;62.42;SC;Trifásico;33.4;3.53;1.14;Conectado;;0
14934;59.87;GM;Monofásico;63.9;3.43;0.68;Conectado;12415.58;0
14935;89.69;GM;Trifásico;84.6;2.19;0.15;Conectado;17483.7;0
14936;-15.0;JS;Trifásico;66.9;3.83;0.48;Conectado;7377.64;0
14937;75.34;GM;Trifásico;64.1;3.41;0.47;Conectado;13121.91;0
14938;75.59;JS;Trifásico;72.2;2.75;6.83;Conectado;11754.47;0
14939;73.73;SC;Monofásico;48.0;3.25;6.93;Conectado;2142.26;0
14940;89.61;SC;Trifásico;21.7;4.09;0.74;Conectado;6904.14;0
14941;56.82;JS;Trifásico;77.7;2.38;0.28;Conectado;17913.64;1
14942;56.33;JS;Trifásico;62.0;3.67;0.83;Conectado;4380.22;0
14943;63.76;SC;Monofásico;30.5;4.72;3.98;Conectado;11855.17;0
14944;78.47;JS;Monofásico;26.9;3.45;5.12;Conectado;2149.55;0
14945;96.66;JS;Trifásico;48.0;4.97;1.74;Conectado;2714.07;0
14946;85.43;SC;Monofásico;20.5;4.66;1.94;Conectado;21471.92;1
14947;250.0;GM;Trifásico;83.6;4.09;1.53;Conectado;8295.48;0
14948;74.04;SC;Monofásico;75.1;3.78;0.5;Conectado;8862.86;0
14949;59.01;JS;Monofásico;30.0;3.81;0.13;Desconectado;7452.4;0
14950;81.18;JS;Monofásico;5.6;4.19;2.43;Desconectado;2854.55;0
14951;99.31;SC;Trifásico;5.9;5.4;4.01;Conectado;9786.94;0
14952;72.12;SC;Trifásico;28.9;4.2;3.46;Conectado;21408.28;0
14953;68.27;SC;Trifásico;14.9;4.99;5.76;Conectado;6933.06;1
14954;72.18;GM;Trifásico;-10.0;2.87;4.2;Conectado;5220.71;1
14955;82.2;JS;Trifásico;40.6;3.37;0.85;Conectado;28442.01;0
14956;76.34;JS;Trifásico;33.7;3.81;0.31;Conectado;3695.3;0
14957;85.92;GM;Trifásico;21.5;4.87;1.41;Conectado;10242.34;0
14958;74.6;SC;Monofásico;80.1;2.37;1.07;Conectado;13806.51;0
14959;72.11;SC;Trifásico;75.5;6.21;3.26;Conectado;5919.0;0
14960;77.75;GM;Monofásico;37.1;3.8;0.18;Conectado;;1
14961;68.52;GM;Monofásico;16.9;4.74;7.16;Desconectado;17447.17;0
14962;95.89;SC;Monofásico;90.5;3.79;7.88;1;9513.1;0
14963;84.88;JS;Monofásico;500.0;3.15;0.23;Conectado;13657.02;0
14964;61.8;GM;Monofásico;73.5;5.17;1.42;Conectado;6307.11;1
14965;66.05;SC;Monofásico;44.5;3.65;5.74;Conectado;15374.07;0
14966;81.78;JS;Trifásico;74.5;3.22;0.52;Conectado;9135.35;0
14034;77.2;SC;Trifásico;46.3;4.11;2.95;Conectado;17182.32;0
14968;78.63;JS;Monofásico;88.0;4.28;3.11;Conectado;20118.63;0
14969;72.69;GM;Trifásico;76.2;4.07;0.67;Conectado;9647.89;0
14970;-15.0;JS;Trifásico;25.5;4.13;0.02;Desconectado;9388.13;0
14971;72.98;GM;Monofásico;41.5;;2.73;Conectado;18887.0;0
14972;81.76;GM;Trifásico;10.5;4.79;2.4;Conectado;15085.42;0
14973;84.28;GM;Monofásico;85.9;3.85;2.62;Conectado;13858.91;0
14974;94.28;SC;Trifásico;7.5;3.28;0.43;Conectado;3370.06;1
14975;68.82;GM;Monofásico;2.7;4.38;2.31;Conectado;5714.49;0
14976;74.87;JS;Trifásico;47.7;1.83;1.95;Conectado;4059.35;0
14977;60.37;JS;Monofásico;57.7;4.28;1.51;Conectado;;0
14978;96.92;GM;Trifásico;22.0;5.01;3.75;Conectado;3465.77;0
14979;;JS;Monofásico;54.6;4.41;1.23;Conectado;3835.08;0
14980;95.19;JS;Trifásico;85.2;2.53;1.09;Desconectado;16159.78;0
14981;76.12;JS;Trifásico;59.9;4.95;1.95;Conectado;17113.94;0
14982;80.02;JS;Trifásico;43.8;3.36;7.21;Conectado;6423.28;0
14983;73.01;SC;Trifásico;14.6;3.96;1.05;Desconectado;23030.48;0
14984;75.37;SC;Monofásico;16.9;4.83;1.47;Conectado;;0
14985;82.06;JS;Trifásico;46.5;3.31;0.77;Conectado;;0
14986;55.36;GM;Trifásico;44.5;3.91;2.85;Conectado;16023.1;1
14987;-15.0;JS;Trifásico;50.1;2.76;1.13;Conectado;6532.09;1
14988;64.86;SC;nan;48.7;3.65;2.95;Conectado;4980.55;0
14989;80.37;JS;Trifásico;33.1;2.87;0.39;Conectado;8650.18;0
14990;75.05;SC;Trifásico;66.4;4.19;0.77;Conectado;22048.85;0
14991;82.42;JS;Monofásico;20.9;2.64;0.58;Conectado;8019.93;0
14992;76.98;JS;Monofásico;81.1;3.73;3.76;Conectado;5642.05;1
14993;87.7;GM;Monofásico;19.3;3.35;0.23;Conectado;;0
14994;66.12;JS;Monofásico;40.1;3.23;0.73;Conectado;;0
14995;75.7;GM;3-Fase;20.8;4.68;1.77;Conectado;18187.9;0
14996;88.31;SC;Monofásico;59.1;2.94;0.23;Conectado;30975.15;0
14997;;JS;Monofásico;45.9;3.37;0.03;Conectado;20796.51;0
14998;320.0;SC;Monofásico;36.2;3.95;2.94;Conectado;17102.43;1
14999;62.75;JS;Trifásico;45.7;4.31;2.38;Conectado;10246.25;0
15000;74.02;SC;Monofásico;40.6;2.36;0.02;Conectado;8840.72;1
